nome,quantidade
"""""""ADAPALENO 01% GEL 30G MEDLEY""""""",1
"""""""ADVANTAN 01% CREME 15G""""""",1
"""""""ALPRAZOLAM 05MG C/ 30CPR GEN GERMED""""""",1
"""""""ALPRAZOLAM 05MG C/30CPR GEN MEDLEY""""""",1
"""""""AMOXICILINA+CLAVULANATO DE POTASSIO 250MG/ 5ML+ 625MG/ 5ML""",1
"""""""AZITROMICINA 900MG SUSP 225ML NEO QUIMI""""""",1
"""""""CETRILAN 02% CR 40G""""""",1
"""""""ESSENCIA EXPLODIU GOSTEI PLURI 00000000296413""""""",1
"""""""ESSENCIA NOSSA MUITO EU PLURI 00000000296414""""""",1
"""""""ESSENCIA QUEM DIRIA VIDA PLURI 00000000278210""""""",1
"""""""LOCAO HIDRAT INFAN. BEBE VIDA PRIMEIROS MESES 1X200ML""""""",1
"""""""MAXIFLOX D POMADA OFTALMICA 35G""""""",1
"""""""MAXIFLOX POMADA OFTALMICA 35G""""""",1
"""""""MELOCOX 15MG INJ 15ML C/5 AMPOLAS""""""",1
"""""""MOMETASONA 01% CREME 20G GERMED""""""",1
"""""""NEODIA 15MG 1CPR""""""",1
"""""""NOVANLO 25MG 60CPR""""""",1
"""""""PARTIU CHIPS DE FRUTA DE BANANA LIOFILIZADA20 GR ORGANZA""""""",1
"""""""PARTIU CHIPS DE FRUTA DE COCO LIOFOLIZADO20 GR ORGANZA""""""",1
"""""""REGENCEL POM OF 35GR""",1
"""""""ROZEX GEL 075% 30G""""""",1
"""""""TIMOLOL 03% COL 5ML GER GERMED""""""",1
"""""""TIMOLOL 05% 5ML TEUTO""""""",1
"""""""TOBRAMICINA 03% COL 5ML GER GERMED""""""",1
"""""""VITACID CR 0050% 25G""""""",1
"""""""VITANOL A CR 0025% 30G""""""",1
"""- DEXCLOR MAL 04MG/ML SOL PL 100 ML / GEN MALEATO DE DEXCLO"",",1
"""24 LT - SH FORCA PIMENTA"",",1
"""ABLOK PLUS 25/12",1
"""ABLOK PLUS 50/12",1
"""ACCUFINE AG 023X4MM C5 PROMO BAG"",",1
"""ACERTALIX 10+2",1
"""ACERTALIX 5+125MG C/30 COMP REV-OUTROS"",",1
"""ACERTANLO 3",1
"""ACETATO DE CIPROTERONA + ETINIL 2MG+0035MG X 21 COM REV (CL"",",1
"""ACNIBEN ON THE SPOT 138G"",",1
"""ADAPALENO 01% GEL 30G MEDLEY""",1
"""ADAPTIS FRESH SOL OFTALMICA 04% 10ML-OUTROS"",",1
"""ADINOS GEN 05 + 1MG GEL 30GR"",",1
"""ADVANTAN 01% CREME 15G""",1
"""AGULHA 30X80 BD"",",1
"""AGULHA DESC 13X030 CX C100""",1
"""AGULHA DESC 20X0",1
"""AGULHA DESC 40 X 120MM COM 100UN ROSA"",",1
"""AGULHA DESC. 13X38 CX C/100 UND"",",1
"""AGULHA HYPODERMICA 22G DESC 25X0",1
"""ALCOOL GEL 70% (SEPTPROGEL) 44KG""",1
"""ALEKTOS 2",1
"""ALENTHUS XR 37",1
"""ALERADINA XPE 0",1
"""ALPRAZOLAM 0",1
"""ALPRAZOLAM 025MG 30CPR GEN EMS"",",1
"""ALPRAZOLAM 025MG C/ 30 CPR GEN GERMED"",",1
"""ALPRAZOLAM 025MG C/30CPR GEN MEDLEY"",",1
"""ALPRAZOLAM 05 MG C/ 30 CPR GEN LEGRAND"",",1
"""ALPRAZOLAM 05 MG C/ 30CPR GEN NOVA QUIMICA"",",1
"""ALPRAZOLAM 05MG C/ 30 CPR GEN EMS"",",1
"""ALPRAZOLAM 05MG C/ 30CPR GEN GERMED""",1
"""ALPRAZOLAM 05MG C/30CPR GEN MEDLEY""",1
"""AMILORIDA+HCT 2",1
"""AMORA 2MG+003MG 63CPR"",",1
"""AMOXICILINA+CLAVULANATO DE POTASSIO 250/625 MG/5 ML GEN NO",1
"""AMOXICILINA+CLAVULANATO DE POTASSIO 250MG/ 5ML+ 625MG/ 5ML",1
"""ANASOL LIP CARE - FPS 15 - 75 G"",",1
"""ANDROGEL PUM162MG/G 60AC 88G"",",1
"""ANGIPRESS CD 50/12",1
"""ANJO INDUSTRIAL BCO GEADA 09L"",",1
"""ANORO 62",1
"""APIXABANA 2",1
"""APRAZ 0",1
"""APRAZ 025MG 30CPR"",",1
"""ARADOIS H 50/12",1
"""ARLIVRY 70 MG/ML SOL OR FR 100 ML"",",1
"""ATACAND HCT 16 12",1
"""ATACAND HCT 8MG/12",1
"""ATAD. CREPE 08CM X 180 13F"",",1
"""ATAD. CREPE 10CM 13F. 10 X 180MT"",",1
"""ATELOP 2",1
"""ATENOLOL+CLOR 50 12",1
"""ATENOLOL+CLORT 50 12",1
"""ATENOLOL+CLORTALID 50+12",1
"""ATL HIPER MASS FLAVO CHOCOLAT SC 2",1
"""ATL HIPER MASS FLAVO MORAN SC 2",1
"""ATRACE 37",1
"""AVAMYS 27",1
"""AVODART 0",1
"""AXIS TREONAT 450MG 30 CPS 13",1
"""AXONIUM 2",1
"""AZITROMICINA 1500MG 200MG/5ML PÓ SUSP. 375 ML GEN EUROFAR"",",1
"""AZITROMICINA 1500MG 37",1
"""AZITROMICINA 900MG SUSP 225ML NEO QUIMI""",1
"""AZITROMICINA DI-HIDRATADA 900 MG 200MG/5ML SUSP. 225 ML G"",",1
"""BALA GENGIBREMEL E PROP 45GR"",",1
"""BANDEIRA DO BRASIL COPA DO MUNDO (0",1
"""BART H 150MG+12",1
"""BART H 300MG+12",1
"""BATOM 24H COLOR 38G UN-0001-UN"",",1
"""BATOM 24H VERDE C12 34G UN-0001-UN"",",1
"""BELPELE 01% GEL 30GR""",1
"""BELPELE 03% GEL 30GR""",1
"""BENICAR HCT 4012",1
"""BENICAR HCTZ 2012",1
"""BENICAR TRIPLO 20+12",1
"""BENICAR TRIPLO 40+12",1
"""BESILATO DE LEVANLODIPINO 2",1
"""BIANCO 3",1
"""BIMATOPROSTA 003% COLIRIO 3ML"",",1
"""BIMATOPROSTA 03MG COL 3ML GEOLAB"",",1
"""BIMATOPROSTA 03MG/ML OFTAL MED-GENERICO"",",1
"""BIMATOPROSTA 03MG/ML SOL OFT 3 ML"",",1
"""BIMATOPROSTA 1",1
"""BIOFENAC GEL 11",1
"""BISOPROLOL 2",1
"""BOMBOM FERRERO ROCHER 37",1
"""BOMBOM NESTLE KIT KAT CHOCOLATE BRANCO 24X41",1
"""BRAMICAR HCT 40 12",1
"""BRAMICAR HCT 80/12",1
"""BRASART HCT 160+12",1
"""BRASART HCT 16012",1
"""BRASART HCT 320/12",1
"""BRASART HCT 80+12",1
"""BRAVAN HCT 160+12",1
"""BRONCHO VAXOM AD 70MG CPS 1X30-OUTROS"",",1
"""BRONCHO VAXOM INF 3",1
"""CABERGOLINA 0",1
"""CABO PP FLEXIVEL 1KV 2X40 MM CORFIO SIL"",",1
"""CALAMED AEROSSOL LT 92",1
"""CALCIO MAGNESIO+ K2D3 C/90 CAPS""",1
"""CALMASYN 3784MG/ML SOL ORAL X100ML"",",1
"""CANABIDIOL 23",1
"""CANABIDIOL NUNATURE 3436MG/ML 30ML"",",1
"""CANDESART+HCT 8/12",1
"""CANDESARTANA HCT 16/12",1
"""CARDBET 3125MG 30CPR (CARVEDILOL)"",",1
"""CARELI 0075MG 28CPR REV(DESOGESTREL)EMS"",",1
"""CARVAO BRAZINHA 4",1
"""CARVAO DE 25 KG"",",1
"""CARVEDILOL 12",1
"""CARVEDILOL 3125 MG 30 CP G BIOLAB"",",1
"""CARVEDILOL 625MG 30CPR BIOLAB"",",1
"""CARVEDILOL 625MG 30CPR BIOSINTETICO"",",1
"""CARVEGRAN 3125MG 30CPR - CARVEDILOL"",",1
"""CARVEGRAN 625MG 30CPR"",",1
"""CATETER TIPO OCULIS 110CM MEDSONDA"",",1
"""CELESTRAT 2MG + 025MG COM X 20"",",1
"""CETOTIFENO 02MG/ML XPE PL 120ML+CP / GEN FUMARATO DE CETOTI"",",1
"""CETRILAN 02% CR 40G""",1
"""CHERRY 2+003MG C 28 COMP REV""",1
"""CHERRY 2+003MG C/21 COMP REV"",",1
"""CICAPLAST LABIO 7",1
"""CINATREX POMADA 35 G CIFARMA"",",1
"""CIPROTERONA+ETINIL 2+0035MG 63 CPRS"",",1
"""CLAVULIN BD 200MG + 285 MG/5 ML SUSP 70ML(PBM)"",",1
"""CLAVULIN ES 600+429 MG / 5 ML SUSP. 100 ML"",",1
"""CLAVULIN ES 600+429MG SUSP 50ML"",",1
"""CLOBETASOL PROP 0",1
"""CLONAZEPAM 0",1
"""CLONAZEPAM 2",1
"""CLONAZEPAM 25 MG/ML GTS 20ML GEN TEUTO"",",1
"""CLOPERASTINA 34MG XPE FR 120ML+COPO EMS"",",1
"""CLOR OLOPATADINA 1MG 50ML RANBAXY"",",1
"""CLOR OLOPATADINA 2MG 2",1
"""CLORIDRATO DE TRAMADOL+PARACETAMOL 37",1
"""CLORIDRATO DE VENLAFAXINA 37",1
"""CLORTALIDONA 12",1
"""COBAPETIT 08 MG/ML+4MG/G X 100ML XPE""",1
"""COCICHIMIL 0",1
"""COLANFLEX 0",1
"""COLCHICINA 0",1
"""COLCHIS 0",1
"""COMBODART 0",1
"""COMPRES GAZE ESTERIL 11FIO 7",1
"""COMPRESSA 11FIOS 7",1
"""COMPRESSA 7",1
"""COMPRESSA DE GAZE 7",1
"""COMPRESSA ESTETO 7",1
"""COMPRESSA GAZE 7",1
"""CON BIOEXT JABORANDI QUILAIA ALECRIM 250ML"",",1
"""CONCARDIO 125MG 30CPR (PORTAL DROGARIA)"",",1
"""CONCARDIO 2",1
"""CONCOR 2",1
"""CONCOR HTC 5MG+12",1
"""CONDRES AH 40+1577MG C/30 CAPS-DEMAIS PROD",1
"""CONDRES AH 40+1577MG C/60 CAPS"",",1
"""CONDROFLEX 1",1
"""CONIDRIN 09% PO SOL NAS SH INF 120ML"",",1
"""CONIDRIN 09% PO SOL NAS SH INF 240ML"",",1
"""COR-SELECT 2",1
"""CORALIT FUNDO NIVELADOR 09L"",",1
"""CORUS H 50/12",1
"""CRE ESP. 2",1
"""CREAM TIINT 48ML RUBY ROSE 02 LONELY""",1
"""CREAM TIINT 48ML RUBY ROSE 03 PURPOSE"",",1
"""CREAM TIINT 48ML RUBY ROSE 04 MEMORIES"",",1
"""CREAM TIINT 48ML RUBY ROSE 05 CONFIDENT"",",1
"""CREAM TIINT 48ML RUBY ROSE 06 FEVER"",",1
"""CREAM TIINT 48ML RUBY ROSE"",",1
"""CRISAPINA 25 MG C/ 30 CPR"",",1
"""CRONOCOR 3125MG C/30 COMP"",",1
"""CRONOCOR 625MG C/30 COMP"",",1
"""CUTENOX 40M/04ML C/10"",",1
"""CYCLOFEMINA C 1 AMP 0",1
"""CYLOCORT 35 G POM"",",1
"""DAIVOBET 50MCGG+0",1
"""DBRIZ 0",1
"""DELINEADOR LIQ. 2",1
"""DERMACYD FEM 200+100ML 199 FDCH""",1
"""DESALEX D12 2",1
"""DESLORAT 0",1
"""DESLORATADINA 0",1
"""DESLORATADINA 125 MG/ML 20ML CIFARMA"",",1
"""DESTADIN 0",1
"""DEXAMETASONA ELX 01MG/ML C/120ML/GEO""",1
"""DEXASON 01MG ELIXIR FR 100ML"",",1
"""DEXAVISON 1MG/ML + 3",1
"""DEXCLOR+BETA 04+0,05MG/ML PL 120ML+CP PRATI"",",1
"""DEXCLORFENIRAMINA+BETAME 2+025MG 20CPR NQ"",",1
"""DEXMINE 005+0,4MGML XPE FR 120ML""",1
"""DEXTAMINE 2MG + 025MG 20CPR"",",1
"""DICL PRAMIPEXOL (C1) 0",1
"""DICL PRAMIPEXOL (C1) 0375MG 30CPR/EUF"",",1
"""DICLOF DIETILAMONIO 11",1
"""DIGOXINA 025MG 20CPR PHB"",",1
"""DIOVAN HCT 160/12",1
"""DIOVAN HCT 320MG+12",1
"""DIOVAN HCT 80/12",1
"""DIUBLOK 50MG + 12",1
"""DK GALAO DARKNESS PRETO 22L"",",1
"""DORMONID 7",1
"""DRENATAN COLIRIO (GELADEIRA) 2",1
"""DROALFA 0",1
"""DROPROPIZINA 1",1
"""DROPROPIZINA 30MG XPE 120ML BIOS-GENERICO"",",1
"""DROSP.+ETINILESTR. 3+002MG CX 72 COMP"",",1
"""DROSPIR+ETINIL 3+003MG 21CP EUROFARMA"",",1
"""DROSPIRENONA+ETINIL 3+002MG 72 CPRS"",",1
"""DROSPIRENONA+ETINILESTRADIOL 3MG+002MG 24 CPR"",",1
"""DULCOLAX GOTAS 7",1
"""DUNIA 35 2+0035MG C/63 COMP REV-SIMILAR"",",1
"""DUO TRAVATAN BAK FREE 2",1
"""DUODEX 3",1
"""DUTAM 0",1
"""ELIQUIS 2",1
"""ELO 3+003MG CX 21 COMP"",",1
"""ENEMIN 7 BISNAGAS X 6",1
"""ENO PROBIOTICO 1",1
"""ENOXALOW 60MG 100MG/ML SOL INJ 10X0",1
"""ENX BUC LISTERINE COOL MINT LV1",1
"""EPIDUO 03 C/45G"",",1
"""EQUIPO MAC BACT INFUSET T500W FILTRO15M INJ LAT 1",1
"""ESMA IMPALA BL NETFLIX BRAND NOVELE ESCANDAL6X1"",",1
"""ESMALTE IMPALA BL APRTA PLAY PEGA A BATIDA 7",1
"""ESMALTE IMPALA BL APRTA PLAY TREME TUDO 7",1
"""ESMALTE IMPALA BL NOW UNITED PARANA EH"",",1
"""ESP 2",1
"""ESP CREMER 10X4",1
"""ESP CREMER 12X4,5 BRANCO"",",1
"""ESP CREMER 5X45 BRANCO"",",1
"""ESPARADRAPO 05 X 45 HIPOALERGENICO"",",1
"""ESPARADRAPO 2",1
"""ESPARADRAPO IMPERM 2",1
"""ESSENCIA EXPLODIU GOSTEI PLURI 00000000296413""",1
"""ESSENCIA NOSSA MUITO EU PLURI 00000000296414""",1
"""ESSENCIA QUEM DIRIA VIDA PLURI 00000000278210""",1
"""EUCERIN GEL LIMP PH5 2604G""",1
"""EXFORGE HCT 160+12",1
"""FEMINIQUE 20 3+002MG C/24CP REV"",",1
"""FEMINIQUE CONTI 3+003MG 28COMP"",",1
"""FEMINIQUE30 3+003MG C/21 CP REV"",",1
"""FENAZIC 7",1
"""FIBREMS 3",1
"""FILTRUM COLOR FPS70 COR 30 50G"",",1
"""FITA CIR. MICROPOROSA BEGE 25 X 4,5"",",1
"""FITA CIRURG MICROPOROSA BEGE 10CMX4",1
"""FITA MICROPORE SHOW DA LUNA 2",1
"""FITA MICROPOROSA 2",1
"""FITA MICROPOROSA BEGE 5CMX4",1
"""FITA MICROPOROSA BRANCA 50CMX4,5M CREMER""",1
"""FITA TRANSPARENTE 2",1
"""FLOGORAL LAR COLUTORIO 1",1
"""FLOGORAL MENT COLUTORIO 1",1
"""FLUTIVATE 05 MG/G CREME 30G-OUTROS"",",1
"""FLUX SR 1",1
"""FOSFOMICINA 5",1
"""FOSMORYL 5",1
"""FRITADEIRA MONDIAL AIR FRYER AFN-50-BI GR FAM INOX 50L 220V"",",1
"""FRONTAL 0",1
"""FRONTAL 025MG C/30 COMP"",",1
"""FRONTAL XR 05 MG 30 CPR"",",1
"""FRUITTELLA LIFE MORANGO 189G/MENT"",",1
"""FUCSIA FEM 3+003MG 21CPR(DROSP+ETINIL)"",",1
"""G* IPRATROPIO 0250MG/ML 20ML"",",1
"""G. APIXABANA 2",1
"""G. NARATRIPTANA 2",1
"""G.CABERGOLINA 0",1
"""G.CARVEDILOL 3125MG C/30 COMP"",",1
"""G.CLOR OXIMETAZ S N 0",1
"""GEL UREADIN PODOS OIL 8025G"",",1
"""GEN ACICLOVIR 30MG/G POM OFT BG 4",1
"""GEN DESLORATADINA 0",1
"""GEN. VENLAFAXINA 37",1
"""GESICO DUO 37",1
"""GESTODENO 0075MG + ETINILESTRADIOL 0,03MG X 21 COM REV (GEN""",1
"""GESTODENO 0075MG + ETINILESTRADIOL 0,03MG X 21 COM REV"",",1
"""GFA TERMOL.LUMINA 18L 9750"",",1
"""GLAMIGAN MT 03+5MG/ML C/3ML"",",1
"""GLUCOVANCE 500/2",1
"""GOND FIT 40 PONTA 137X0,55 - 04 BAND 3025 BR""",1
"""GRAMPO ISOLADO 25 A 4,0MM C 30 IPCL"",",1
"""GUTTALAX 75 MG/ML 30 ML-REFERENCIA"",",1
"""GÉSICO DUO 37",1
"""H2OH LIMAO C/GAS PET 1",1
"""HALDOL DECANOATO 70",1
"""HEDERA CIMED 70 MG/ML SOL OR FR 100 ML"",",1
"""HEM BISOPROLOL 2",1
"""HEPA MERZ 0",1
"""HIDRALI PO 4ENV. C/2898G FRAMBOESA"",",1
"""HIDRALI PO 4ENV. C/2898G GUARANA"",",1
"""HIDRALI PO 4ENV. C/2898G LARANJA"",",1
"""HIDROTEN PO NATURAL 279G C/4 ENVELOPES"",",1
"""HILUROPT 1",1
"""HILUROPT MAX 02% SOL OFT 10ML"",",1
"""HOLMES H 20MG+12",1
"""HOLMES H 40MG+12",1
"""HORA H 1",1
"""HYZAAR 5012",1
"""IMOVANE 7",1
"""INDAPAMIDA 1",1
"""INDAPAMIDA LP 1",1
"""INDAPEN SR 1",1
"""INDATRAT SR 1",1
"""INSULINA NOVOLIN N REF 5 X 30ML-OUTROS"",",1
"""IPRATROPIO 025MG/ML GTS FR 20ML NEO QUIMICA"",",1
"""IRBESARTAN HCT 150/125 30CP EUR"",",1
"""IRBESARTAN HCT 300/125 30CP EUR"",",1
"""ISACARE PROTETOR LABIAL FPS 15 3",1
"""ISACARE PROTETOR LABIAL FRUTIS AMORA FPS 15 3",1
"""ISACARE PROTETOR LABIAL FRUTIS UVA VERDE FPS 15 3",1
"""ISDIN FOTO FUSION GEL F50 89",1
"""ISOBLEND BAUNILHA 18 KG REFIL"",",1
"""IUMI 3+002MG 72CPR"",",1
"""IUMI ES 3MG+002MG C 90 COMP REV"",",1
"""IVAHART 7",1
"""IZIZ 2",1
"""JARDIANCE DUO 12",1
"""KOLLAGENASE 0",1
"""KTRIZ 0",1
"""KTRIZ UNO 0",1
"""LASTACAFT 025% 3ML"",",1
"""LATANOPROSTA 005MGML SOL 2,5ML EMS (GELADEIRA)"",",1
"""LATANOPROSTA SOL OFTA FR 25 ML GEOLAB (G)"",",1
"""LATANOPROSTA+ MAL TIMO GER 2",1
"""LATONAN 50MCG/ML COL 2",1
"""LAVITAN MELATONINA 021MG C/150 CAPS MORANGO""",1
"""LAVITAN MELATONINA 021MG C/150 MARARACUJA"",",1
"""LAVITAN MELATONINA 021MG CP PT 90 MAR"",",1
"""LEFOR 2",1
"""LEG 0",1
"""LEINERT VIVACOR BRANCO NEVE 3",1
"""LETROZOL 2",1
"""LEVONORGESTREL 1",1
"""LIBIAM 125MG 28CPR"",",1
"""LIBIAM 125MG C/84 COMPRIMIDO"",",1
"""LIBIAM 2",1
"""LINADIB DUO 2",1
"""LIROMAG 50+28MG SCH 30X1G""",1
"""LISTERINE ZERO 1",1
"""LOCAO HIDRAT INFAN. BEBE VIDA PRIMEIROS MESES 1X200ML""",1
"""LOCERYL 5% ESMALTE 2",1
"""LOL 3470-01 KIT MAM TIP 24080,50 R AZUL"",",1
"""LOL 3470-01 KIT MAM TIP 24080,50 ROSA"",",1
"""LOSARTANA POT+HCTZ 50+12",1
"""LOSARTANA POTAS+HCT 5012",1
"""LOTAR 2",1
"""LUMIGAN 003% COLIRIO 3ML"",",1
"""LUMIGAN 003% COLIRIO 5ML"",",1
"""MAL DEXCLO+BETAM 04+0,05MG XPE120ML/NOQ""",1
"""MANTEIGA CACAU C/PROPOLIS 3",1
"""MANTEIGA DE CACAU 3",1
"""MANTEIGA DE CACAU BATON 3",1
"""MAO FRANCESA CANTONEIRA 30X15CM 5 8X18 BRANCA"",",1
"""MAO FRANCESA CANTONEIRA 35X18CM 5 8X18 BRANCA"",",1
"""MAREVAN 7",1
"""MASS TITAN.17500 24KG REFIL ZERO LAC.CH""",1
"""MASS TITANIUM 17500 14KG REFIL BAUNILHA",1
"""MASS TITANIUM 17500 14KG REFIL CHOCOLAT",1
"""MAXIFLOX D POMADA OFTALMICA 35G""",1
"""MAXIFLOX POMADA OFTALMICA 35G""",1
"""MAXILERG 01% COL 5ML-REFERENCIA"",",1
"""MAXINOM POMADA 3",1
"""MELOCOX 15MG INJ 15ML C/5 AMPOLAS""",1
"""MELOXICAM INJ 1",1
"""MELOXICAM INJ 15ML C/5 AMPOLA"",",1
"""MENOPRIN 0",1
"""MENTOS GOMA 3+ AZUL 15X8",1
"""MENTOS GOMA 3+ PRETO 15X8",1
"""MENTOS GOMA 3+ VERDE 15X8",1
"""MICARDIS HCT 40/12",1
"""MICARDIS HCT 80 12",1
"""MINERGI 0",1
"""MINERGI 0375MG C/ 30CPR"",",1
"""MINERGI 15 MG C/ 30 CPR"",",1
"""MIRANOVA 010MG+0,02MG CX 21 DRG"",",1
"""MOLIERI 20 3+002MG 30CPR SN""",1
"""MOLIERI 30 3+003MG 63CPR-SIMILAR""",1
"""MOMENT 0025% LC ROLL-ON 60ML"",",1
"""MOMETASONA 01% CREME 20G GERMED""",1
"""N VIGORA PLUS MELATONINA 021MG/GOTA SOL / NEU MELATONINA /",1
"""NAPRIX 2",1
"""NAPRIX A 2",1
"""NAPRIX D 5/12",1
"""NARAMIG 2",1
"""NARANETY 2",1
"""NARATANO 2",1
"""NARATRIN 2",1
"""NARATRIPTANA 2",1
"""NARATRIPTANA NOVAQ 2",1
"""NARIDRIN JET AEROSOL 09MG/ML 100ML EMS"",",1
"""NASALIV 40+1+04MG SOL ORAL FR 60ML"",",1
"""NASOAR 09% FR C 15 ENV"",",1
"""NASOAR XT 09% FR APLIC C/15ENV",1
"""NASOAR XT 09% REFIL C/15 ENV"",",1
"""NATRILIX SR 1",1
"""NAZZO XT PO SOL 15ENV C/624G"",",1
"""NEO PREMIUM SOLUCAO FISIOLOG 09% 500ML"",",1
"""NEODIA 15MG 1CPR""",1
"""NEOSORO FLUID 09% 30 SACHES"",",1
"""NEOVLAR 025+0,05 MG C/63 CPR"",",1
"""NESINA MET 12",1
"""NEVRALPRO 11",1
"""NITRATO DE FENTICONAZOL 002G CREM VAG BG 40G+7APLIC EUROFAR"",",1
"""NOVANLO 2",1
"""NOVANLO 25MG 60CPR""",1
"""NOVOTRAM PAR 37",1
"""NOXX 40MG/04ML 2 SERINGAS - ENOXAPARINA"",",1
"""NOXX 40MG/04ML SOL INJ 10SER (ENOXAPARINA SODICA)"",",1
"""NOXX 60MG/0",1
"""OCTIFEN 025MGML COL 5ML"",",1
"""OESTROGEL PUMP 0",1
"""OGESTAN BLUES 14G C/30CAPS"",",1
"""OGESTAN PRE 12G C/30 CAPS-DEMAIS PROD"",",1
"""OGESTAN PRE 12G C/90 CAPS"",",1
"""OLANZAPINA 2",1
"""OLMERSART+HCT 20/12",1
"""OLMERSART+HCT 40/12",1
"""OLMERSARTANA+HIDROCL 40/125 MG 30CP GERMED"",",1
"""OLMESA+HIDROCLO 20/125 MG 30CP GERMED"",",1
"""OLMESART+HCT 40/12",1
"""OLMY HCT 40+12",1
"""OLSAR H 20+12",1
"""OLSAR H 40+12",1
"""ONUA 0075MG C 28 COMP REV"",",1
"""ONUA 0075MG C 84 COMP REV"",",1
"""OZEMPIC 025MG 0,5MG + 6 AG 4MM"",",1
"""PARATRAM 37",1
"""PARTIU CHIPS DE FRUTA DE ABACAXI LIOFILIZADA20 GR ORGANZ"",",1
"""PARTIU CHIPS DE FRUTA DE BANANA LIOFILIZADA20 GR ORGANZA""",1
"""PARTIU CHIPS DE FRUTA DE COCO LIOFOLIZADO20 GR ORGANZA""",1
"""PARTIU CHIPS DE FRUTA DE MANGA LIOFILIZADA20 GR ORGANZA"",",1
"""PASTA AMENDOIM POWER ONE CROCAN. 1005KG"",",1
"""PASTA AMENDOIM POWER ONE TRAD. 1005KG"",",1
"""PATANOL S OFT 2",1
"""PAXIL CR 12",1
"""PEG-LAX 8",1
"""PEROSTEO 250MG +2",1
"""PERSUR 2",1
"""PICBAM 2",1
"""PICOPREP 10 MG 2 SACHES 35 GR T FER"",",1
"""PISA 0375MG 30 CP LIB PROL"",",1
"""PISO ASPHALT PLUS ACT RET 61X61 V2 CX 223"",",1
"""PLANTABEN 3",1
"""POLAPIC DEXCLOF 04 MGML 120 ML XPE EMS"",",1
"""POLICLAVUMOXIL BD 80+114 MG/ML PÓ SUS 70ML EMS"",",1
"""POLYDRAT PO 50 ENV 279GR NATURAL"",",1
"""POMADA MASS CART TUBARAO OMEG 3",1
"""PONDERA XR 12",1
"""POSLOV 1",1
"""PRAMIPEXOL DICLOR 1",1
"""PRESSAT 2",1
"""PREVYASM 3MG+003MG 21 CPR"",",1
"""PROBIATOP DA+ C/30 SACH 0",1
"""PROCORALAN 7",1
"""PROPIONATO DE CLOBETASOL 0",1
"""PROT LAB CEREJA SHINE MINNIE 48""",1
"""PROT LAB LIP CARE AMORA 48G"",",1
"""PROT LAB ORIGINAL FROZEN 48G"",",1
"""PROT LAB PEROLA PRINCESS 48G"",",1
"""PROT LAB SROSE MARGARIDA 48G"",",1
"""PROT LABIAL INCOLOR OLAF 48G"",",1
"""PROT LABIAL MELANC RAPUNZEL 48G"",",1
"""PROT LABIAL NIVEA ESFOLIANTE ROSA MOSQUETA 1X48GR""",1
"""PROT LABIAL PESSEGO MOANA 48G"",",1
"""PROTETOR LAB LIP CARE MELAN 48G"",",1
"""PROTETOR LAB NIVEA FPS 30 SUN 48G"",",1
"""PROTETOR LAB NIVEA MORANGO 48G""",1
"""PROTETOR LABIAL FPS 15 45 GR MENTA"",",1
"""PROTETOR LABIAL GIOVANNA BABY BL LIP BALM CHERRY 1X3",1
"""PROTETOR LABIAL LABY ESSENCIAL 45 GR"",",1
"""PROTETOR LABIAL LABY FPS 15 MENTA 1X4",1
"""PROTETOR LABIAL LABY FPS 50 SPORT 45 GR"",",1
"""PROTETOR LABIAL LABY HIDRAT FPS15 1X3",1
"""PROTETOR LABIAL LABY MORANGO SENSACAO FPS 15 1X4",1
"""PROTETOR LABIAL NIVEA ESFOLIANTE ALOE VERA 1X48GR""",1
"""PROTETOR LABIAL NIVEA LIP CARE CEREJA SHINE 1X48GR""",1
"""PROTETOR LABIAL NIVEA LIP CARE COLOR NUDE 1X48GR""",1
"""PROTETOR LABIAL NIVEA LIP CARE COLOR ROSA PINK 1X48GR""",1
"""PROTETOR LABIAL NIVEA LIP CARE COLOR VERMELHO 1X48GR""",1
"""PROTETOR LABIAL NIVEA LIP CARE COLOR VIOLETA 1X48GR""",1
"""PROTETOR LABIAL VULT BALM AMORA 1X3",1
"""PROTETOR LABIAL VULT BALM MELANCIA 1X3",1
"""PROTETOR LABIAL VULT BALM MENTA 1X3",1
"""PROTETOR LABIAL VULT BALM MORANGO 1X3",1
"""PROTETOR LABIAL VULT BALM SOLEIL 1X3",1
"""PULMICORT SUSP NEB 025MG C/5 FLACONETES"",",1
"""PURAN T4 62",1
"""RAPILAX 7",1
"""RARIVIT ZINCO 29",1
"""REGENCEL POM OF 35GR",1
"""RELAXSYM MELATON 0210MG 120CPR DI(MELAT",1
"""RELESTAT 005% COLIRIO 5ML""",1
"""REPELENTE EXPOSIS CASA LIQUIDO REFIL 45N +AP ELETRICO 1X329"",",1
"""REPELENTE RAID FAMILY LIQUIDO REFIL 45NOIT C/2UN PROM 2X329"",",1
"""REPOSIT UNHAS E CUTICULAS ESMALTE 7",1
"""RESICOLOR REMOTIN REMOVEDOR PASTOSO 3",1
"""REVANGE 37",1
"""REVERT 50+12",1
"""RINOSOFT BABY 09 100ML"",",1
"""RINOSORO 09% SIC SPRAY 50ML"",",1
"""RINOSORO JET 09% SPRAY NASAL FR 100ML"",",1
"""RINOSORO JET XT 09% C/100ML-OUTROS"",",1
"""RINOSORO XT JET 09% SPR INF NAS FR100ML"",",1
"""RINOSORO XT SIC AD 09% SOL 50ML"",",1
"""RINOSORO XT SIC INF 09 SOL 50ML"",",1
"""RIVOTRIL 0",1
"""RIVOTRIL 025MG C/ 30 CPR"",",1
"""RIVOTRIL 25 MG ML GOTAS 20ML B1"",",1
"""RIVOTRIL GTS 2",1
"""ROVAMICINA 1",1
"""ROXETIN XR 12",1
"""ROZEX GEL 075% 30G""",1
"""SABAO PO MINUANO 1",1
"""SABINE 25 MG C/30 COM REV (PORTAL DROGARIA)"",",1
"""SABONETE INTIMO DERMACYD INFANTIL 200+100ML R$ 199 PRO 2X1""",1
"""SALSEP JET 09% FR 100ML"",",1
"""SALSEP JET KIDS 09% FR 100ML"",",1
"""SANDRENA 10% 28SACHE"",",1
"""SAYA CONTROL 1",1
"""SAZON CALDO EM PO SABOR COSTELA 32",1
"""SERINGA 10ML AGUL 07X25 (SR) LUER SLIP"",",1
"""SERINGA 1ML INSULINA C/AGULHA FIXA 30G 0",1
"""SERINGA 20ML C/AG. 25X0",1
"""SERINGA 3ML AG 30X0",1
"""SERINGA 5ML C/AG. 07X25 C/ROSCA C/25"",",1
"""SERINGA DESC. INSUL.0",1
"""SERINGA DESC. INSUL.03ML C/AG 25 X 0,6 C/10"",",1
"""SERINGA DESC. INSUL.03ML C/AG 30 X 0,8 C/10"",",1
"""SERINGA DESC. INSUL.1 ML C/AG 30 X 08 C/100"",",1
"""SERINGA INSULINA 1ML 100 UI 8X030 UNIT",1
"""SERINGA INSULINA 1ML 127X0,33"",",1
"""SERINGA UF 10X10 INSULINA 0",1
"""SERINGA UF INSULINA 1ML 8X03 C/10UN"",",1
"""SERUM 98% ACIDO GLICOLICO + AMINOACIDOS PRINCIPIA SKINCARE"",",1
"""SIFAO SANF UNIV BCO 1",1
"""SIFROL 0125MG 30CPR"",",1
"""SIGMA - CLAV BD 80/114 MG/ML SUSP 70ML"",",1
"""SIGMATRIOL 025MCG 30CPS"",",1
"""SIMBIOFLORA MULTI C 15 SACH 67G""",1
"""SINCRO XR 12",1
"""SOL FISIOLOGICA 09% 500ML UNIPHAR"",",1
"""SOL FISIOLOGICA SORIMAX 09% 500ML"",",1
"""SOL FISIOLOGICO NEO PREMIUM 09%500ML"",",1
"""SOLUCAO FISIOLOGICA 09% 24X250ML/ADV"",",1
"""SOLUCAO FISIOLOGICA 09% IV 100ML"",",1
"""SOLUCAO FISIOLOGICA 09% IV 250ML"",",1
"""SOLUCAO FISIOLOGICA 09%IV 1000ML FRASCO""",1
"""SOLUCAO FISIOLOGICA 09%IV 500ML FRASCO"",",1
"""SORO FISIOL 09% 250ML/ADV"",",1
"""SORO FISIOLOGICO 09% 250ML FARMARIN"",",1
"""SORO REIDRATANTE SACHES 8",1
"""STABIL 0125MG C/ 30 CPR"",",1
"""STABIL 025MG C/30 CPR""",1
"""STARLUX ESPARADRAPO IMPERMEAVEL BRANCO 2",1
"""STILNOX CR 12",1
"""STILNOX CR 625MG 20CPR"",",1
"""SULFATO DE SALBUTAMOL 048MGML XPE FR X 120ML+CM"",",1
"""SULGLIC 1",1
"""TAMSULON 04MG C 30 CAPS"",",1
"""TANDUO 0",1
"""TANSUDART 04MG C/30 CAPS LP-SIMILAR"",",1
"""TANSULOSINA 04MG 30CAP EUR"",",1
"""TANSULOSINA 04MG 60CPS GEOLAB"",",1
"""TANSULOSINA 04MG C/30 CPR ZYDUS"",",1
"""TANSULOSINA CLOR 04MG 30 CAPS LIB PROL BIOLAB GEN"",",1
"""TARFIC 01% POM 30G"",",1
"""TARFIC 03MG POMADA 30GR"",",1
"""TECNOMET 2",1
"""THINNER ANJO 2750 09L"",",1
"""TIBIAL 2",1
"""TIBOLONA 2",1
"""TILESTAL 37",1
"""TIMOLOL 03% COL 5ML GER GERMED""",1
"""TIMOLOL 05% 5ML TEUTO""",1
"""TINT LOREAL IMEDIA 6",1
"""TINTURA CASTING GLOSS CREME 800 LOURO BAUNILHA 1X11894"",",1
"""TOBRACIN PM OFTAL 3",1
"""TOBRACORT 35 G POM OFTAL"",",1
"""TOBRADEX POM OFT 3",1
"""TOBRAMICINA 03% COL 5ML GER GERMED""",1
"""TRAMADOL 37",1
"""TRAMADOL+ PARACET 37",1
"""TRAMADOL+PARAC 37",1
"""TRATURIL 5",1
"""TRAUMEEL S SOL INJ 10 AMP 22ML"",",1
"""TRAUMEEL SL 3015 MG 50 COMP"",",1
"""TRAVAMED 004MG SOL OFT 2,5ML"",",1
"""TRAVAMED MT 004+5MG ML OFT2,5ML""",1
"""TRAVOPROSTA 004MG SOL OFT C/2,5ML/NOQ"",",1
"""TRAVOPROSTA 004MG/ML OFT 2,5ML TEUTO"",",1
"""TRAVOPTIC 004MG/ML SOL OFT2,5ML"",",1
"""TRIFOR 123G C/30 SACHES"",",1
"""TRIPLIXAM 10+2",1
"""TRIPLIXAM 5+125+10MG 30COMP REV"",",1
"""TRIPLIXAM 5+125+5MG 30 COMP REV"",",1
"""TROL PAR 375 / 325 MG C/ 10 CPR"",",1
"""TROL PAR 375 / 325 MG C/ 20 CPR"",",1
"""TRULICITY 0",1
"""TRULICITY 1.5MGX2 SER 0",1
"""TURNO XR 12",1
"""TURNO XR 625MG 30CPR"",",1
"""UD GARRAFA T INVICTA PRESS INOX 18LT UN/0001/UN"",",1
"""ULTRACET 37",1
"""UMMA CR VAG 20MG/G 6",1
"""UNHASANA AMOROLFINA 50MG 2",1
"""UNTRAL 2",1
"""VAGICAND 002GG CREM VAG BG 40G+7APLIC"",",1
"""VALSARTANA + HIDRO 160/12",1
"""VASOPRIL PLUS 20/12",1
"""VECASTEN 267MG C 60COMP REV""",1
"""VECASTEN 267MG C/30 COMP REV-OUTROS",1
"""VENLAFAXINA 37",1
"""VENLAXIN 37",1
"""VENLIFT OD 37",1
"""VENZER HCT 16MG + 12",1
"""VENZER HCT 8MG + 12",1
"""VERSA 100MGML SOL INJ 2 SER X 08 ML + SIST SEG""",1
"""VERSA 20MG02ML SOL INJ 2 SER X 0,2ML+SIST SEG",1
"""VERSA 40MG04ML SOL INJ 2 SER X 0,4ML+SIST SEG"",",1
"""VESOMNI 06+04MG C/30CPR",1
"""VESOMNI 06+04MG CPR 10",1
"""VICK INALADOR 1 C/0",1
"""VIOFTA 040% SOL OFT 10ML"",",1
"""VIT B12 METILCOBALAMINA 994MCG C/60COMP VEGANA"",",1
"""VITACID CR 0050% 25G""",1
"""VITACID GEL 0025% 25G"",",1
"""VITAFOR - COQUETELEIRA 600ML VERMELHA"",",1
"""VITANOL A CR 0025% 30G""",1
"""VIZURIA 5",1
"""VOLARE 40MG/04ML INJ 2SER PREEN"",",1
"""VOLARE 40MG/ML INJ 6SER 04ML"",",1
"""VULT BATOM MATTE LIPS CASTANHO 1X38GR""",1
"""VULT BATOM MATTE LIPS MARSALA 1X38GR""",1
"""VULT BATOM MATTE LIPS ROSA MAGENTA 1X38GR""",1
"""VULT BATOM MATTE LIPS VERMELHO CARMIM 1X38GR""",1
"""VULT DELINEADOR LIQUIDO PRETO 1X2",1
"""VYZULTA SOL OFT 2",1
"""WEGOVY 0",1
"""WEGOVY 025MG+4AG NOVOFINE"",",1
"""WEGOVY 17MG+4AG NOVOFINE"",",1
"""WEGOVY 24MG+4AG NOVOFINE"",",1
"""XAFAC 2",1
"""XAKILIS 2",1
"""XALATAN SOL OFT 2",1
"""XARELTO 2",1
"""XULTOPHY 3",1
"""YASMIN 3MG+003MG 63+21CPR"",",1
"""ZINCO COM REV 29",1
"""ZINCO QUELATO 29",1
"""ZOLFEST SPR 2",1
"""ZYMAR COLIRIO 03% 5ML"",",1
#DES.ABOVE AER.WOM.T.SWE.150ML,1
#ERROR!,1
#G. AMOXICILINA + CLAV POT 875+125MG 20CPR REV LEGRAND,1
#NAPRIX 10MG C/30,1
#SH.CREMER SUAVE 200ML,1
#SH.S.LINE SOS BOMBA VIT.300ML,1
#SH.SEDA HIDRATACAO LEVEZ.325M,1
#TINT.BRILHO&AMP;AMP;TON 4.66 BORDE.35,1
#TINT.CASTING CR.GLOSS 710 COC,1
#TINT.CASTING CR.GLOSS 770 DO.,1
#TINT.MAXTON K.PRA.1.7 PTO.AZU,1
#TINT.MAXTON K.PRA.4.0 CAS.NAT,1
* PARACETAMOL+CODEINA 500+30MG 24CPR NOVA QUIMICA,1
* VENLAFAXINA 150MG 30CAPS NOVA QUIMICA,1
** POLICLAVUMOXIL 875MG + 125MG 14CPR MULTILAB,1
***********DIPIRONA NAO USAR AQUI,1
*G. CARBAMAZEPINA 200MG 20 CPRS (C1) EMS,1
*G. FLUOXETINA 20MG 30CAPS LEGRAND,1
*G. PARAC+CODEINA 500+30MG 12CPR (A2)NEO,1
*G.ALPRAZOLAM 1MG (B1) 30 CPR,1
*G.CLOR DULOXETINA (C1) 60MG 30 CPS,1
*G.MIRTAZAPINA(C1) 30MG 30 CPR,1
*NEUT.SUN FRESH FPS60 FAC.C/COR+AGUA MIC,1
*OLANZAPINA 10MG 30 CPR GEOLAB,1
- DIPIRONA MONOIDRATADA 1000MG 10 CPS / GEN DIPIRONA SODICA,1
- DIPIRONA MONOIDRATADA 1000MG 20 CPS PRATI,1
- DVITTA 7.000 UI 4 CAPS / OUT COLECALCIFEROL,1
- IBUPROFENO 400MG 10 CPS PRATI,1
- NASORIM 9 MG/ML SOL 100ML / OUT CLORETO DE SODIO,1
/ESCOVA DESEMBARACANTE COLORS MK,1
/KIT BASICO PARA VIAGEM MK8556,1
/LIXA BIG CANARIO P/ UNHAS C/3 MK5616,1
/PALITO INDIANO MK0004,1
/PEDRA POMES MK5784,1
/PENTE CABO FINO MK,1
/PENTE DENTES LARGOS MK5562,1
/PENTE FINO MK 3148,1
/PORTA ESCOVA DE DENTES ESSENCIAL MK6262,1
/SABONETEIRA ESSENCIAL MK6255,1
100 WHEY MAX TITANIUM 900GPOTE CHOCO,1
100 WHEY MORANGO 900GR POTE,1
100% WHEY POTE AVELA 900G-DR PEANUT,1
100% WHEY POTE BAUNILHA 900GR,1
100% WHEY POTE CHOCOLATE 900GR,1
100% WHEY POTE COOKIES & CREAM 900GR,1
100% WHEY POTE MORANGO 900GR,1
11986 PLUG MACHO RETO PT 2P 10A PLD12 11986,1
20 BI 435MG CPS 10,1
20-BI 30 CAP,1
20BI 5 CAP,1
2ENSURE BANANA 850G,1
5 MAGNESIO 500MG 60CAP,1
A SAUDE DA MULHER 150ML,1
A-Z POLIVITAMINICO E POLIMINERAL 60CAPSULAS,1
AAS INF C 30 COMP,1
AAS INFANTIL 10CPR SANOFI,1
AAS PROTECT 100CPR 30CPR,1
ABC spray incolor antimicótico 30ml - kley hertz,1
ABERALGINA 20ML SOL GOTAS,1
ABERALGINA 500MG/ML GTS 20ML,1
ABIDOR 200MG/ML 15 ML (PARACETAMOL),1
ABIDOR 500 MG 20 CPR PARACETAMOL,1
ABIDOR PARACET 500MG CAFEIN 65MG C20,1
ABLOK 25MG 30CPR,1
ABLOK PLUS 100/25MG 30CPR,1
ABRETIA 30MG LR C/30 CAPS,1
ABRETIA LR 60MG C/30 CAPS C1-SIMILAR,1
ABRIFIT 7MG/ML FRS C/100ML XRP,1
ABRILAR EXPECTORANTE 100ML,1
ABRILAR L-MENTOL XPE FR C 200ML,1
ABS ALWAYS 8UND PINK C/A NOT,1
ABS ALWAYS BASICO S/ABAS 1X8UN,1
ABS ALWAYS BASICO SUAVE C/ABAS 1X16UN,1
ABS ALWAYS NOITE TRANQUILA C/8 C/ABAS SECA,1
ABS ALWAYS SUPER PROTEÇÃO SUAVE C/ABAS 1X10UN,1
ABS BIGFRAL 3 EM 1 PÓS PARTO - PÓS OPERATORIO 20 UNIDADES,1
ABS CAREFREE NEUTRALIZE C15,1
ABS CAREFREE REG VERM C40 COM FRAGANCIA,1
ABS CHARM'S SUAVE C/ABAS C/8 UN,1
ABS CREMER PARA SEIOS 30UN UN/0001,1
ABS DIANA C/ABAS SUAVE L32P28,1
ABS DIANA NOTURNO LEVE 16 PAGUE 14 COM ABAS,1
ABS DIANA SUAVE COM ABAS C/08,1
ABS INT GEL NOTURNO SECA C/AB 30UND,1
ABS INT GEL NOTURNO SUAVE C/AB 30UND,1
ABS INTIMUS GEL NORMAL C/ABAS SECA 8UN,1
ABS INTIMUS GEL NORMAL C/ABAS SUAVE L16P14,1
ABS INTIMUS GEL NORMAL S/ABAS SUAVE 12X8UN,1
ABS INTIMUS GEL NOT SV SOFT CABAS C8,1
ABS INTIMUS INTERNO MED L16 PG15,1
ABS INTIMUS INTERNO MEDIO C8,1
ABS INTIMUS INTERNO SUP L16 PG15,1
ABS INTIMUS SUAVE C A C 32,1
ABS INTINUSULTRAFINO C/ABAS 1X14UN,1
ABS INTUMUS SUPER 8 UNIDADES,1
ABS MILI NOT SUAVE COM ABAS 1X16 UND,1
ABS MILI NOT SV C/ABAS C08 1X08,1
ABS MILI NOT SV C/ABAS C32 1X32,1
ABS MILI NOTUR SV C/ABAS 1x16,1
ABS MILI P.TOTAL SU C/ABAS C/32UNID,1
ABS MILI P.TOTAL SV C/ABAS C/08 1X08,1
ABS NATURALMENTE LV 8 PG7 S/ABAS 60X8UN,1
ABS NATURALMENTE LV 8 PG7 S/ABAS 8UN,1
ABS NATURALMENTE LV8 PG7 C/ABAS 24X08UN,1
ABS NATURALMENTE MAX NOT S/ABAS,1
ABS OB COMFORT MEDIO C/16UNID,1
ABS OB INTERN COMFORT MEDIO C/16-DEMAIS PROD,1
ABS OB MED LV10 PG 8,1
ABS OB MEDIO LV10 PG08 1X10UN,1
ABS OB PRO COMFORT SUPER C/16UNID,1
ABS OB SUPER LV10 PG 8,1
ABS P SEIOS AMAMENTE 12 UNID,1
ABS PROT DIARIO MILI 1X40,1
ABS PROT DIARIO MILI 1X80,1
ABS S LIVRE ADAPT NT DIA 16UN-DEMAIS PROD,1
ABS S LIVRE ADAPT NT DIA 32UN-DEMAIS PROD,1
ABS S.LIV ESPEC SUAV SABAS C8,1
ABS SEIOS CREMER C/12,1
ABS SYM C/ABAS SUAVE L32P28 PT/0001,1
ABS SYM NOT SUAVE C/ABAS AZUL 30UND. L,1
ABS TENA LADY DISCREET NORMAL 8X8,1
ABS TENA MEM LEVEL 2 6X10,1
ABS. SYM PREMIUM SUAVE C/ABAS MAIS POR MENOS 1X16UN,1
ABSOR. ALWAYS NOT PROT TOTAL SECA C/ABAS L16P14,1
ABSORVENTE ALWAYS BASICO SECA C/ABAS 1X32UN,1
ABSORVENTE ALWAYS HIPER LONGO NOT SECA 1X10UN,1
ABSORVENTE ALWAYS NOT PROT TOTAL SUAVE C/ABAS 1X16UN,1
ABSORVENTE ALWAYS NOT SUAVE C/ABAS GD PROM 1X10UN,1
ABSORVENTE ALWAYS NOT SUAVE C/ABAS XG 1X8UN,1
ABSORVENTE ALWAYS NOT SUAVE C/ABAS XG PROM 1X26UN,1
ABSORVENTE BIGFRAL C/20,1
ABSORVENTE GERIATRICO BIGFRAL REGULAR PLUS 1X20UN,1
ABSORVENTE GERIATRICO BIOFRAL MAXI MULTI USO 1X20UN,1
ABSORVENTE GERIATRICO CLIN OFF 1X18UN,1
ABSORVENTE GERIATRICO LIFREE CALCA 1X20UN,1
ABSORVENTE GERIATRICO TENA LADY EXTRA 1X8UN,1
ABSORVENTE GERIATRICO TENA LADY MAXI NIGHT 1X6,1
ABSORVENTE INTERNO INTIMUS GEL C/ 16 UN,1
ABSORVENTE INTIMUS 2X1 SUAVE C/ABAS 1X1UN,1
ABSORVENTE INTIMUS INTERNO SPORT SUPER 1X8UN,1
ABSORVENTE INTIMUS INTERNO SUPER SPORT C/APLIC 1X8UN,1
ABSORVENTE INTIMUS NOT SECO C/ABAS 1X8UN,1
ABSORVENTE INTIMUS NOT SUAVE C/ ABAS LV+PG- 1X16UN,1
ABSORVENTE INTIMUS NOT SUAVE C/ ABAS LV+PG- 1X30UN,1
ABSORVENTE INTIMUS ULTRAF DIAENOITE C/ABAS 1X14UN,1
ABSORVENTE INTIMUS ULTRAFINO ANTIBACTERIANO C/ABAS PROM 1X28,1
ABSORVENTE INTIMUS ULTRAFINO DIAENOITE C/ PROM 1X28UN,1
ABSORVENTE ISACARE ADULTO TAMANHO UNICO 8X20$,1
ABSORVENTE LADYSOFT NOTURNO SUAVE 1X8UN,1
ABSORVENTE MAMYPOKO COM 12 UNIDADE,1
ABSORVENTE PARA OS SEIOS LEVE 30PAG2,1
ABSORVENTE SEIOS CLESS INTIMA 1X30UN,1
ABSORVENTE SYM NORMAL SUAVE S/ABAS VERDE 1X8UN,1
ABSORVENTE SYM PREMIUM SECA C/ABAS MAIS POR MENOS 1X16UN,1
ABSORVENTE SYM PREMIUM SUAVE C/ABAS NOT 1X30U,1
ABSORVENTE SYM SECA C/ABAS LARANJA LV+PG- 1X30UN,1
ABSORVENTE SYM SECA C/ABAS NOITE & DIA AZUL 1X30UN,1
ABSORVENTE SYM SUAVE C/ABAS ROXO LV+PG- 1X30UN,1
ABSORVENTE SYM TOTAL PROTECT NOITE E DIA SUAVE ABAS C/8,1
ABSORVENTE TAMPAX INTERNO SUPER PLUS C/APLICADOR 1X10UN,1
ACALMIL 20CPR - PASSIFLORA + ASSOCIACOES,1
ACCU CHEK ACTIVE C 10 TIRAS,1
ACCU CHEK ACTIVE KIT,1
ACCU-CHECK AGULHA P/ CANETA FINE 4MM,1
ACCU-CHEK ACTIVE 50 TIRAS,1
ACCU-CHEK FASTCLIX LANCETADOR,1
ACCU-CHEK SOFTCLIX LANCETA 200 UN M ROCHE,1
ACCUCHEK SOFTCLIX 25 LANCETAS,1
ACEBROFILINA 25 MG/5ML EUROFARMA,1
ACEBROFILINA 25MG5ML XPE FR 120ML+CM,1
ACEBROFILINA 50 MG/5ML EUROFARMA,1
ACEBROFILINA 50MG/5ML XPE 120ML,1
ACEBROFILINA 50MG/5ML XPE FR 120ML,1
ACEBROFILINA INF 5MG/ML XP FR 120ML GLOBO,1
ACEBROFILINA PED XPE CIMED,1
ACEBROFILINA XPE AD 120ML BIO-GENERICO,1
ACEBROFILINA XPE AD 120ML GERMED,1
ACEBROFILINA XPE INF 120ML BIO,1
ACEBROFILINA XPE INF 120ML EMS,1
ACEBROFILINA XPE INF 120ML GERMED,1
ACECLOFENACO 100MG 12CPR GERMED,1
ACECLOFENACO 100MG C 24 CP RANBAXY,1
ACECLOFENACO 100MG C/12 COMP REV,1
ACECLOFENACO 100MG COMP REV C/12 GEN,1
ACECLOFENACO CR 30G GERMED,1
ACERATUM GTS 10ML,1
ACERTANLO 14MG+10MG C/ 30COMP (PBM FUNCIONAL),1
ACERTANLO 7MG+5MG 30 CPR,1
ACERTIL 10 MG C/30 COMP (PBM FUNCIONAL),1
ACERTIL 10MG C 60 COMP REV (PBM FUNCIONAL),1
ACERTIL 5MG 30 CPR,1
ACERTIL 5MG C/60 COMP REV,1
ACET DE TRIANCINOLONA POM 10G EMS,1
ACET DE TRIANCINOLONA POM 10G GERMED,1
ACET TRIANCINOLONA POM 10G EUROFARMA,1
ACETATO DE DEXAMETASONA 1MGG CREME DERM BG 10G,1
ACETATO DE HIDROCORTISONA 10MG CREME DERM BG 15G,1
ACETATO DE HIDROCORTISONA 10MG CREME DERM BG 20G,1
ACETILCISTEINA 120ML INFANTIL LEGRAND,1
ACETILCISTEINA 200MG 16ENV 5G EUROFARMA,1
ACETILCISTEINA 20MG XPE 120ML GERMED B4,1
ACETILCISTEINA 20MG XPE INF 120ML+COP,1
ACETILCISTEINA 20MG/ML XPE X 120 ML,1
ACETILCISTEINA 40MG AD 120ML/LEG,1
ACETILCISTEINA 40MG XPE 120ML GERMED,1
ACETILCISTEINA 40MG XPE120ML BIOSINTETICA,1
ACETILCISTEINA 40MG/ML XPE LARANJA 120ML,1
ACETILCISTEINA 600MG 16ENV 5G EUROFARMA,1
ACETILCISTEINA 600MG 16ENV 5G GERMED,1
ACETILCISTEINA 600MG 16ENV 5G legrand,1
ACETILCISTEINA 600MG 16ENV 5GR LEGRAND,1
ACETILCISTEINA 600MG 16ENV GEOLAB,1
ACETILCISTEINA INF 20MG/ML XPE C/100ML LARANJA,1
ACETILCISTEINA XAROPE EXPECTORANTE INFANTIL 20MG/ML 120ML,1
ACETILCISTEINA XPE INF 120ML G EUROFARMA,1
ACETILCISTEINA XPE PED 120ML EMS,1
ACETILCISTEINA XPE PED GEO,1
ACETONA 100ML FARMAX,1
ACETONA CRUZEIRO 1X480ML,1
ACETONA CRUZEIRO 24X95ML,1
ACETONA CRUZEIRO 500ML,1
ACETONA IDEAL 100 ML,1
ACETONA LIMPS 1X95ML,1
ACETONIDO DE ALGESTONA+ENANTATO DE ESTRADIOL 150+10MG SOL IN,1
ACETONIDO DE TRIANCINOLONA 1MGG POM BUCAL BG 10G PRATI,1
ACEVITON 1G 3 TB X 10 COMP EFERV,1
ACEVITON ZINCO COMP EFERV C/30,1
ACFOL CX C/ 40 COMP,1
ACFOL FR C/ 10 ML,1
ACHEFLAN AEROSOL 75ML,1
ACHEFLAN CREME 30G,1
ACHEFLAN CREME 60G,1
ACICLOVIR 200 MG C/25 CP GEN ACHE,1
ACICLOVIR 200MG C 25 COMP GERMED,1
ACICLOVIR 200MG C/25 TEUTO,1
ACICLOVIR 200MG C/30 UNIÃO QUI.,1
ACICLOVIR 400MG 30 CPR SANDOZ,1
ACICLOVIR 400MG 30 CPS / GEN,1
ACICLOVIR 400MG 30CPR MERCK,1
ACICLOVIR 400MG C/30 COMP RABNAXY,1
ACICLOVIR 400MG C/30 COMP SAN,1
ACICLOVIR 400MG C/30 CPR LEGRAND (G),1
ACICLOVIR CR 10G PRATI,1
ACICLOVIR CREME 10G EMS,1
ACICLOVIR CREME 10G GMD,1
ACICLOVIR CREME 10G MEDLEY,1
ACICLOVIR CREME 10G TEUTO,1
ACICLOVIR SANDOZ GEN 200MG C/25 CPR,1
ACIDIF LOLA DENSIDADE 250ML,1
ACIDIFICANTE CAPILAR ELSEVE GLYCOLIC GLOSS 1X200ML,1
ACIDIFICANTE CAPILAR OX GLICOLICO 1X200ML,1
ACIDIFICANTE OH MY VEM D GLICOLICO150ML,1
ACIDIFICANTE SALON LINE MEU LISO ESCUDO ANTIPOROSIDADE 1X240,1
ACIDIFICANTE SALONLINE ANTIPOROSIDADE DE REPENTE PRONTA 1X30,1
ACIDO ACETIL 100MG INF 30CP EMS,1
ACIDO ACETILSALICILICO 100MG 60CPR,1
ACIDO ESFOL ROSA SELVAGEM CLAREA 100ML,1
ACIDO HIALURONICO / VITAMINA C,1
ACIDO HIALURONICO /VITAMINA C SERUM FACIAL,1
ACIDO HIALURONICO 60CAPS DUOM,1
ACIDO HIALURONICO VITAMINA C S FRAG 30ML,1
ACIDO HIALURONICO VITAMINAS 60CAPS DUOM,1
ACIDO MEFENAMICO 500MG 24CPS BIOSINTETIC,1
ACIDO MEFENAMICO 500MG 24CPS MEDLEY,1
ACIDO MEFENAMICO 500MG C/12 COMP MEDLEY,1
ACIDO TRANEXANICO 250MG 12CPR EMS,1
ACIDO TRANEXANICO 250MG 12CPR LEGRAND,1
ACIDO URSODESOX 150MG C 30 COMP,1
ACIDO URSODESOX 300MG C 30 COMP RANBAXY,1
ACIDO URSODESOXICOLICO 150MG C/30 CP EMS-GENERICO,1
ACIDO URSODESOXICOLICO 300MG C/30 CP EMS-GENERICO,1
ACIDO VALPROICO 250MG 25 CP C1,1
ACNASE CLEAN SAB ESFOLIANTE 80G,1
ACNASE CREME 25G,1
ACNASE GEL ESFOLIANTE 80G,1
ACNE CONTROL SAB NIVEA GEL 150G,1
ACNEBLOCK SABONETE HERBAL 85GR,1
ACNEN 50MG/G GEL 20G,1
ACNEZIL 50MGG GEL BG 20G,1
ACNEZIL CARVAO ATIVADO SAB BARRA 90 G,1
ACNEZIL GEL SECATIVO BG 10 G,1
ACNEZIL MASC ESF ARGILA 10G,1
ACNEZIL MASC FACIAL P/ CRAVOS 8G,1
ACNEZIL SAB BARRA C/90G EXTRA SEC,1
ACNEZIL SAB BARRA CART X 90G FORM FORTE CIMED,1
ACNEZIL SAB PELE ACNEICA 70G,1
ACNEZIL SABONETE BARRA PELE ACNEICA 70G,1
ACNEZIL SABONETE BARRA PELE OLEOSA 70G,1
ACNEZIL SECATIVO BIFAS YUZI SOL FR 20ML,1
ACNIBEN SPRAY CORPORAL 150ML,1
ACNOVA 20MG C/30 CAPS,1
ACOG 15MG C/30 COMP REV (PORTAL DROGARIA),1
ACTINE + VITAMINA C GEL LIMP 400G,1
ACTINE AQUAFLUID F60 40G CLA MED,1
ACTINE AQUAFLUID F60 40G SEM COR,1
ACTINE AQUAFORCE GEL HIDR 40G,1
ACTINE CARVAO DETOX GEL LIM 100G,1
ACTINE CONTROL GEL LIMPEZA 140G,1
ACTINE CONTROL GEL LIMPEZA 240G,1
ACTINE CONTROL GEL LIMPEZA 400G,1
ACTINE CONTROL GEL LIMPEZA 60G-DEMAIS PROD,1
ACTINE CONTROL SAB BARRA 70G,1
ACTINE CONTROL SAB LIQ 240ML-DEMAIS PROD,1
ACTINE FRESH P SOLAR FPS30 150G,1
ACTINE FRESH P SOLAR FPS60 150G,1
ACTINE GEL DE LIMPEZA 140G,1
ACTINE GEL DE LIMPEZA 240G,1
ACTINE GEL DE LIMPEZA 400G,1
ACTINE GEL DE LIMPEZA 60G,1
ACTINE GEL DE LIMPEZA REF 300G,1
ACTINE GEL LIMP 400ML+MIC 100ML,1
ACTINE GEL LIMPEZA 240G DARROW,1
ACTINE GEL TRAT 30ML,1
ACTINE LOCAO ADSTRINGENTE 190ML,1
ACTINE P SOLAR F60+GEL LIMP 40G,1
ACTINE PELE ACNEIC SAB BARRA 70G-DEMAIS PROD,1
ACTINE PROT SOL MOR MAIS F70 40G-DEMAIS PROD,1
ACTINE PROT SOLAR CLARA F70 40G-DEMAIS PROD,1
ACTINE PROT SOLAR COR FPS30 40G-OUTROS,1
ACTINE PROT SOLAR COR FPS60 40G-OUTROS,1
ACTINE PROT SOLAR FPS60 40G-OUTROS,1
ACTINE PROT SOLAR S COR F30 40G,1
ACTINE SAB DERMATOL BARRA 70G,1
ACTINE SAB LIQ 400ML,1
ACTINE SABONETE LIQUIDO ALO VERA 140ML,1
ACTINE SABONETE LIQUIDO ALO VERA 240ML,1
ACTINE ULTRA COR FPS80 40G-DEMAIS PROD,1
ACTINE ULTRA FPS80 40G,1
ACTIVE C 10 TUBO 30ML-DEMAIS PROD,1
ACTIVE C10 15ML,1
ACTONEL CHRONOS 35MG X 4 CPR,1
ACU FRESH 5MG/ML SOL OFT 10ML,1
AD MUC POM 10% 10G,1
AD-MUC ANT SEPTICO BUC SPR 30ML,1
AD-MUC KIDS GEL 10G,1
AD-VITAM 20ML,1
AD-VITAM 50000 UI + 10000 UI SOL FR GOT 10 ML,1
ADACNE CLIN GEL 45 G,1
ADAPALENO 01% GEL 30G MEDLEY,1
ADAPTIS SOL OFTALMICA 05% 10ML,1
ADAPTIS SOL OFTALMICA 1% 10ML-DEMAIS PROD,1
ADDERA CAL 1.000UI FR C/90 COMP,1
ADDERA CAL 1000UI FRAS C/30COMP,1
ADDERA CAL 2.000UI 30CPR,1
ADDERA CAL 2.000UI FR C/90 COMP,1
ADDERA D3 1000UI GTS FR 5ML,1
ADDERA D3 132UI GTS FR 10ML,1
ADDERA D3 132UI GTS20ML,1
ADDERA D3 14.000UI C/4 CAPS GEL,1
ADDERA D3 2.000UI C/30 CAPS GEL-DEMAIS PROD,1
ADDERA D3 2000UI FRAS C/30CP REV-OUTROS,1
ADDERA D3 2000UI FRAS C/90CP,1
ADDERA D3 30.000UI C/2 CAPS GEL,1
ADDERA D3 4.000UI C/30 CAPS GEL,1
ADDERA D3 400UI GTS 10ML,1
ADDERA D3 50.000 UI C 10 COMP,1
ADDERA D3 50.000 UI C 6 COMP REV,1
ADDERA D3 50.000 UI C/10 CAPS GEL,1
ADDERA D3 50.000 UI C/4 COMP,1
ADDERA D3 50.000 UI C/8 CAPS GEL,1
ADDERA D3 60.000UI C/2 CAPS GEL,1
ADDERA D3 600UI GTS FR 5ML,1
ADDERA D3 7.000 UI C/10 COMP,1
ADDERA D3 7.000UI C/ 30 CAPS GEL-OUTROS,1
ADDERA D3 7.000UI C/ 4 COMP,1
ADDERA D3 7.000UI C/10 CAPS GEL,1
ADDERA D3 FLASH 2.000UI 30 F HORTELA,1
ADDERA MAX CAL C/30 COMP REV,1
ADDERA MAX VIT D C 30 CPR,1
ADDERA+CABELO E UNHAS 30CPR,1
ADDERA+CABELO E UNHAS 90CPR,1
ADDERA+IMUNIDADE FR C/30CP REV,1
ADDERA+IMUNIDADE FR C/90CP REV,1
ADDERA+IMUNIDADE KIDS 600UI 75ML,1
ADDERA+IMUNIDADE MAX C/30 CPR,1
ADDERA+MOVE 2.000UI C/ 30 SACHES,1
ADDERA+MUSCULAR 2.000UI C/60 COMP,1
ADEFORTE AMP ORAL 3ML,1
ADEFORTE AMPOLA 3ML,1
ADEFORTE GTS 15ML-OUTROS,1
ADESIV PROTETOR DE MAMILOS C5 MC762365 . UN-0001-UN,1
ADESIVO AER. PROT. ANTISSEPTICO ABOVE 1X50M,1
ADESIVO BYE BYE FEVER 2UND BEBES,1
ADOC ADOCYL STEVIA LIQ 80ML,1
ADOC FINN SUCRALOSE GTS 65ML,1
ADOC FINN XILITOL 65ML,1
ADOC ZERO CAL STEVIA LIQ 80ML-DEMAIS PROD,1
ADOLESS 28CPR,1
ADOLESS 3 CART C/28 COMP,1
ADORLAN 25+25 MG C/20 CPR,1
ADORLAN 50+50 MG C/ 20 CPR,1
ADTIL GTS 20ML,1
ADTON GOTAS 20ML VIT A VIT D 20ml,1
ADVANTAN 01% CREME 15G,1
ADVANTAN 1 MG/G CREM DERM 15 G-REFERENCIA,1
ADVANTAN SOLUCAO 20ML,1
ADVIL 12H 600MG C 12COMP,1
ADVIL 400MG C 160 CAPS MOLE,1
ADVIL 400MG C/03 CPR,1
ADVIL EXTRA ALIVIO 400MG 2CPS,1
ADVIL MULHER 400MG 36 CAPS-REFERENCIA,1
ADVITIL BABY GOTAS 20ML LIMAO S/ACUCAR,1
AERODINI SPRAY 200DOSES,1
AEROFRIN 100MCG SPRAY 200 DOSES PHARMASCIENCE (S),1
AEROLIN SPRAY 200DOSES,1
AFETUS 100MG 30CPR,1
AFETUS 25MG C/30 COMP REV,1
AFETUS 50MG C/30 COMPRIMIDO,1
AFFER SPRAY BUCAL 30ML,1
AFOPIC 5MG. C/20 COMP.,1
AFRAT 150MG 1 CPR,1
AFT RUB ROSA RUBRA SPRAY 30ML,1
AFTINE SOLUCAO 20ML,1
AG PARA CANETA 8MM 100UN FM BECTO,1
AGIL C KIDS PCT 25 UNIDADES,1
AGLUCOSE 50MG 30CPR,1
AGP NOSEWASH PLAVAG NASAL 10ML CACHORRO,1
AGP NOSEWASH PLAVAG NASAL 10ML GATO,1
AGP NOSEWASH PLAVAG NASAL 10ML LEAO,1
AGP NOSEWASH PLAVAG NASAL 10ML PATO,1
AGP NOSEWASH PLAVAG NASAL 10ML TUBARAO,1
AGP NOSEWASH PLAVAG NASAL 10ML UNICORNI,1
AGUA BORICADA 3% 100ML FARMAX,1
AGUA BORICADA 3% 100ML UNIPHAR,1
AGUA COCO DO VALE 330ML,1
AGUA COLONIA TURMA MONICA CHEIRINHO MEU BEBE 100ML/PAN,1
AGUA DE BANHO MURIEL ACQUA ESSENCE FLOR DE AMENDOAS 1X250ML,1
AGUA DE BANHO MURIEL ACQUA ESSENCE LAVANDA 1X250ML,1
AGUA DE COLONIA BABY MURIEL AZUL 1X150ML,1
AGUA DE COLONIA BABY MURIEL ROSA 1X150ML,1
AGUA DE COLONIA PHYTODERM CARINHO 1X250ML,1
AGUA DE COLONIA PHYTODERM SENSUAL 1X250ML,1
AGUA INGLESA 500ML,1
AGUA LAMELAR SELANTE EUDORA SIAGE RESGATE IMEDIATO 1X150ML,1
AGUA MICEL GARNIER ANTIOLEO400ML,1
AGUA MICEL GARNIER TUDOEM1 400ML,1
AGUA MICELAR 200ML,1
AGUA MICELAR ACIDO HIALURONICO - 200ML,1
AGUA MICELAR ACIDO HIALURONICO - 250ML,1
AGUA MICELAR BASICS HB-303,1
AGUA MICELAR BIFASI 200ML LOREAL,1
AGUA MICELAR BIFASICA 200ML,1
AGUA MICELAR DEMAZON 300ML,1
AGUA MICELAR EFEITO MATTE 200ML,1
AGUA MICELAR HIALURONICO 200ML,1
AGUA MICELAR HIDRADERM FARMAX 100ML/FMX,1
AGUA MICELAR MELU RR-329 100ML,1
AGUA MICELAR MONANGE ACIDO HIALURONICO 1X200ML,1
AGUA MICELAR NIVEA 7 EM 1 200ML,1
AGUA MICELAR NIVEA SOL LIMP200ML,1
AGUA MICELAR PROTEX 250ML,1
AGUA MICELAR SOL LIMP 5 EM 1 200,1
AGUA MINERAL 20 LITROS CRISTALINA,1
AGUA MINERAL 20 LT:,1
AGUA MINERAL CAIAPOA SEM GAS GARRAFA PET 500ML,1
AGUA MINERAL SABORAKI COM GAS 500ML 1 UND,1
AGUA MINERAL SABORAKI NATURAL 500ML 1UND,1
AGUA OXIG VOL.10 FARMAX 100ML,1
AGUA OXIG. 10 VL ALMOTOLIA 100ML,1
AGUA OXIGENADA FARMAX CR 10VL 70ML,1
AGUA OXIGENADA FARMAX CR 20VL,1
AGUA OXIGENADA FARMAX CR 40VL,1
AGUA OXIGENADA FARMAX CREMOSA 40VL,1
AGUA OXIGENADA FARMAX CREMOSA 40VL 12X900ML,1
AGUA OXIGIGENDA YAMA AMETISTA 30VOL 1X100ML,1
AGUA PARA INJECAO 10ML C/5 UN,1
AGUA SANITARIA Q BOA 5LT CX/0003,1
AGUA SANITARIA Q-BOA 1LT CX/0012/UN,1
AGUA TERMAL 100ML HIDRADERM,1
AGUA TERMAL AEROSOL 150 ML HB-305 ROSA,1
AGUA TERMAL AVENE 50ML,1
AGUA TERMAL LRP 300ML-DEMAIS PROD,1
AGUA TERMAL SEM FRAGANCIA HB-306,1
AGUA TERMAL SEM FRAGANCIA HB-306 AZUL,1
AGUA THERMAL LA ROCHE 150ML,1
AGUA THERMAL VICHY 150ML,1
AGUARDENTE ALEMA 100ML LAPON(TINT JALAPA,1
AGUARDENTE ALEMA 200ML LAPON(TINT JALAPA,1
AGUARDENTE ALEMA 200ML SOBRAL,1
AGUARDENTE ALEMA 30ML,1
AGUARDENTE ALEMA 30ML LAPON(TINT JALAPA),1
AGULHA 13X3 BD 100X1,1
AGULHA 25X70 BD,1
AGULHA 30X07 BD,1
AGULHA DESC 13X030 CX C100,1
AGULHA DESC. 25 X 7 C/100UN,1
AGULHA INSULINA P/ CANETA BD 5MM 1 UNID,1
AGULHA PARA CANETA 4MM 100 UND G-TECH,1
AGULHA PARA CANETA 4MM UNIDADE G-TECH,1
AGULHA PARA CANETA 5MM 100 UND G-TECH,1
AIPRI 10MG C/30 CPR,1
AIPRI 15MG C 30 COMPRIMIDO,1
AIRES 600MG GRAN C/16 ENV 5G-SIMILAR,1
AIRES XAROPE 20MG ML X 120ML,1
AKINETON 2MG C/ 80CPR,1
AL WATANIAH SHOUQ EDP 100ML,1
ALBEL 200MG5ML SUS FR 10ML,1
ALBEL 400MG 5CPR GEOLAB,1
ALBEL 400MG C01 ALBENDAZOL GEOLAB,1
ALBENDAZOL 400MG 1 CPR MEDLEY,1
ALBENDAZOL 400MG 5 CPS / GEN ALBENDAZOL,1
ALBENDAZOL 400MG 5CPR - GEOLAB,1
ALBENDAZOL 400MG C/03 CPR GEOLAB,1
ALBENDAZOL 40MG 10ML LEGRAND,1
ALBENDAZOL 40MG SUSP 10 ML GEN TEUTO,1
ALBENDAZOL 40MG/ML SUSP ORAL 10ML GEOLAB,1
ALBENDAZOL 40MGML SUS OR FR 10ML PRATI,1
ALBOCRESIL 6 OVULOS,1
ALBOCRESIL GEL 50G,1
ALBOCRESIL GTS 12ML,1
ALBUMIX REFIL 500GR,1
ALCACHOFRA 200DRG,1
ALCACHOFRA 200MG 30CPR MULTILAB,1
ALCACHOFRA 200MG C/120 COMP MULTILAB,1
ALCACHOFRA 300MG C/30CAPS/NAT,1
ALCACHOFRA EXTR.DA FOLHA 1200MG C/120CPS,1
ALCACHOFRA MILIAN 200MG C/60 COMP,1
ALCAGEST 300MG C/80CPS AIRELA,1
ALCALCIUM B12 FONTE DE CÁLCIO VIT D e B12 SUPLEMENTO ALIMENTAR 240 ML,1
ALCOOL 70% 1 LT PROTECTGEL,1
ALCOOL 70% 100 ML ( SEPTPRO ),1
ALCOOL 70% 30ML ALMOTOL,1
ALCOOL 70% 50ML FARMAX,1
ALCOOL 70% LITRO J.FERES,1
ALCOOL 70% SPRAY (GATILHO) 200ML BIOGEX,1
ALCOOL 70% SPRAY 100ML GOODSEPT,1
ALCOOL EM GEL PERF C MICROESF 60 ML,1
ALCOOL GEL 500ML HIGIMAIS,1
ALCOOL GEL 60ML HIGIMAIS,1
ALCOOL GEL 70% (SEPTPROGEL) 44KG,1
ALCOOL GEL 70% (SEPTPROGEL) C/DISP. 440G,1
ALCOOL GEL GIOVANA BABY 60 ML ROSA,1
ALCOOL GEL GIOVANNA BABY AZUL 1X500ML,1
ALCOOL GEL GIOVANNA BABY ROSA 1X500ML,1
ALCOOL GEL PROTECTGEL 420G,1
ALCOOL GEL SEPTPRO 440G C/ VALVULA PUMP,1
ALCOOL GEL UNISSEPT 70% 450G UNIPHAR,1
ALCOOL ITAJA ETIL 70% INPM 1000ML,1
ALCOOL LIQ START NAT 70% 1L START QUIMICA,1
ALCOOL LIQ.70% BIOGEX SPRAY 200ML,1
ALCOOL UNIGEL ANTISSEPTICO 250ML,1
ALDOMET 250MG 30CPR,1
ALDOMET 500MG 30CPR,1
ALEKTOS 20MG 20COMP-REFERENCIA,1
ALEKTOS 20MG 30CPR,1
ALEKTOS 20MG C/15 COMP,1
ALEKTOS DERM BG 200ML,1
ALENDRONATO DE SODIO 70MG 4CPR NEO Q,1
ALENDRONATO DE SODIO 70MG 4CPR TEUTO,1
ALENDRONATO DE SODIO 70MG COM X 4,1
ALENDRONATO DE SODIO 70MG CX 4 COMP GERMED,1
ALENDRONATO SODIO 70MG C/4 CPR NOVA QUIMICA,1
ALENIA 12 400MCG C 60 CAPS REFIL,1
ALENIA 12/400MCG C/60 CAPS REFIL+BOMB.,1
ALENIA 6/100MCG C/60 CAPS+INALAD (PORTAL DROGARIA),1
ALENIA 6/200MCG C/60 CAPS REFIL-REFERENCIA,1
ALENIA 6/200MCG C/60 CAPS+INALAD-REFERENCIA,1
ALENTHUS XR 150MG C/ 30CPS,1
ALENTHUS XR 75MG C/ 30CPS,1
ALERADINA 5MG 30CPR (DESLORATADINA),1
ALERADINA 5MG CX 10 COMP REV,1
ALERADINA 60 ML,1
ALERGALIV 10MG 15CPR (LORATADINA) LGR,1
ALERGOMINE 10MG/G CREM BG 30G,1
ALERGOMINE 2 MG COMP,1
ALETAM 40MG C 60 CAPS GEL,1
ALEVO 500 MG C/ 7 CPR,1
ALEVO 500MG C/10 CPR,1
ALEVO 750 MG C/ 5 CPR,1
ALEVO 750MG C/ 7 CPR,1
ALG ACETON+ENAN ESTRAD 1 AMP EUROFARMA,1
ALGESTONA ACETOFENIDA + ENANTATO DE ESTRADIOL SOL INJ 1 AMP,1
ALGESTONA ACETOFENIDA+ENANTATO ESTRADIOL150MG INJ 1ML GERMED,1
ALGICOD 500+30MG 36CPR,1
ALGICOD 500MG+30MG C/ 12 CPR,1
ALGICOD 500MG+30MG C/ 24 COMP,1
ALGICOD 500MG+30MG C/36 CPR,1
ALGIE 150MG C 10 COMP,1
ALGILIVE 320MG C 10 CAPS LP,1
ALGINAC 1000MG 30CPR,1
ALGINAC 1MG C/15 COMP,1
ALGINAC RETARD 1 MG 100 MG COM REV LIB RETARD CT BL,1
ALGODAO 25G CREMER,1
ALGODAO APOLO QUADRADO 50G,1
ALGODAO BELLA BABY QUADRADO 90MMX95MM 1X100UND,1
ALGODAO BOLA BELLA BABY 1X95GR,1
ALGODAO CLIN OFF BOLA 1X50GR,1
ALGODAO CREMER BOLA 1X95GR,1
ALGODAO CREMER BOLAS 50GR,1
ALGODAO CREMER DISCO LC100 PG85 UNID PT/0100,1
ALGODAO CREMER QUADRADO C 100UN,1
ALGODAO DISCO BELLA BABY 1X50UN,1
ALGODAO HIDROFILO 500 G,1
ALGODAO HIDROFILO 500GR,1
ALGODAO HIDROFILO BELLA BABY CAIXA 1X50GR,1
ALGODAO ISABABY DISCO LV 100UN PAGUE 80UN,1
ALGODAO NATHY 25G,1
ALGODAO NATHY ROLO 50G,1
ALGODAO QUADRADO BELLA BABY 90MMX95MM 1X50UN,1
ALGODAO TOPZ DISCO 1X50UN,1
ALGODAO TOPZ DISCO LV100 PG85 1X100UN,1
ALGODAO TOPZ QUADRADO FILEIRA DUPLA 1X100UN,1
ALGODAO TOPZ ROLO 1X500GR,1
ALICATE CUTICULA MUNDIAL PONTO VERMELHO 1X1,1
ALICATE CUTICULA MUNDIAL R722 INOX SUPER PROFISIONAL 1X1,1
ALICATE CUTICULA MUNDIAL R741+LIXA SANDY 1X1,1
ALICATE CUTICULA MUNDIAL R758 +ESPATULA DUPLA 1X1UN,1
ALICATE CUTICULA MUNDIAL R772 INOX PROFISS CABO LONGO 1X1,1
ALICATE CUTICULA MUNDIAL R777 INOX PROFISSIONAL 1X1,1
ALICATE MUNDIAL PCUT. CLASSIC PLUSS+522-AP,1
ALICATE MUNDIAL R.522 PCUT. CLASSIC,1
ALICATE P/ CUTICULAS PROF. MK4480,1
ALICATE P/ UNHA MERHEJE,1
ALICATE P/ UNHAS MK3322,1
ALICATE P/CUTICULAS MK3339,1
ALIMENTADOR C/REGULAG,1
ALISANTE HAIR LIFE CACHOENATURAL KARITE 1X180GR,1
ALISANTE HAIR LIFE MEL E AMENDOAS,1
ALISANTE HAIR LIFE RELAXINENATURAL KARITE 1X180GR,1
ALISANTE LISAHAIR CREME PROFISSIONAL 1X250GR,1
ALIVIOL ARNICA POMADA BISN 30 G,1
ALIVIOL ICE 120ML,1
ALIVIUM 400MG C 20 CAPS GEL,1
ALIVIUM 400MG C/10 CAPS GEL,1
ALIVIUM 400MG C/8 CAPS GEL,1
ALIVIUM 600MG CPS GELATINOSA C/10,1
ALIVIUM GC 200MG/ML SUSP GTS20ML,1
ALIVIUM GTS 100MG 20ML,1
ALKAGEL HORTELA 240ML (HID ALUM+MAG),1
ALKAGEL MORANGO 240ML (HID ALUM+MAG),1
ALLEGRA 120MG C 2 COMP,1
ALLEGRA 180MG 10CPR,1
ALLEGRA D 10CPR,1
ALLEGRA SUSP PED 150ML,1
ALLEGRA SUSP PED 60ML,1
ALLESTRA 15 15/60MCG 84 COMP REV,1
ALLESTRA 75/20MG 63CPR,1
ALLESTRA 75/30MG 63CPR,1
ALLESTRA15 15+60MCG C28 COMP REV,1
ALLEVIA CR RELAXANTE 200G,1
ALLEXOFEDRIN 120MG 10CPR,1
ALLEXOFEDRIN 180MG 10CPR,1
ALLEXOFEDRIN D 10CPR,1
ALLEXOFEDRIN PED 6MG/ML 150ML+SERINGA DO,1
ALLEXOFEDRIN PED 6MG/ML 60ML,1
ALLEXOFEDRIN PED 6MG/ML 60ML (FEXOFENADINA),1
ALLOVITA 50MG SOL CAP 50ML (MINOXIDIL),1
ALLOVITA MINOXIDIL 3FR 50MG/ML LEGRAND,1
ALLURENE C/28 CPS,1
ALOE VERA FONTE DE VITAMINA A e C 1000MG ANTIFLAMATORIO 60 CÁPSULAS,1
ALOIS 10MG C/120 COMP,1
ALOIS 20MG C/30 COMP REV,1
ALOIS DUO 10+20MG 30COMP,1
ALONG C 30CPS SN,1
ALOPURINOL 100MG 30CPR PRATI,1
ALOPURINOL 300MG 30CPR MEDLEY,1
ALOPURINOL 300MG 30CPR PRATI,1
ALOPURINOL 300MG C 30 COMP SANDOZ,1
ALPES XL 150MG 30CPR,1
ALPES XL 300MG 30CPR,1
ALPHABRIN 2MG/ML SOL OFT C/5ML,1
ALPHAGAN P SOL OFT 5ML-REFERENCIA,1
ALPRAZOLAM 05MG C/ 30CPR GEN GERMED,1
ALPRAZOLAM 05MG C/30CPR GEN MEDLEY,1
ALPRAZOLAM 1 MG C/ 30 CPR GEN GERMED,1
ALPRAZOLAM 1MG C/ 30 CPR GEN MEDLEY,1
ALPRAZOLAM 1MG C/ 30CPR GEN EMS,1
ALPRAZOLAM 1MG C/ 30CPR GEN EUROFARMA,1
ALPRAZOLAM 1MG C/30 CPR GEN BIOSINTETICA,1
ALPRAZOLAM 1MG C/30 CPR GEN NOVA QUIMICA,1
ALPRAZOLAM 1MG C/30 CPR GEN TEUTO,1
ALPRAZOLAM 1MG C/30 EUROFARMA,1
ALPRAZOLAM 2 MG C/ 30CPR GEN GERMED,1
ALPRAZOLAM 2MG C/ 30 CP GEN MEDLEY,1
ALPRAZOLAM 2MG C/ 30 CPR GEN LEGRAND,1
ALPRAZOLAM 2MG C/ 30 CPR GEN NOVA QUIMICA,1
ALPRAZOLAM 2MG C/ 30 CPR GEN NOVA QUIMICA DESMARCADOS,1
ALPRAZOLAM 2MG C/ 30CPR GEN BIOSINTETICO,1
ALPRAZOLAM 2MG C/ 30CPR GEN EMS,1
ALPRAZOLAM 2MG C/30 CPR GEN TEUTO,1
ALTA D 15.000UI C 4 CAPS,1
ALTA D 2.000UI 30CAPS,1
ALTA D 50.000 UI 4 CAPS,1
ALTA D 500 UI GOTAS 10ML A EUROFARMA,1
ALTA D 50000UI C/4 COMP,1
ALTA D 7000UI 30CPS,1
ALTA D 7000UI 8 COMP.,1
ALTA D CAL 1.000 UI C/60 COMP,1
ALTIVA 180MG 10CPS,1
ALUDOR 100 MG/ML X 20ML,1
ALURAX 2MG 30 COMPRIMIDO,1
ALURAX 2MG C 90CPR,1
AMACIANTE CUTICULAS E CALOSIDADE 150 ML,1
AMALFI 20MG C 30 CAPS GEL,1
AMATO 100MG C/ 60 CPR,1
AMATO 25MG C/ 60 CPR,1
AMATO 50MG C/ 60 CPR,1
AMBROXMEL ADULTO 120ML,1
AMBROXMEL SPR FR 30ML X 12 SBR GENGIBRE,1
AMBROXMEL SPRAY FR 30ML,1
AMBROXOL 6MG/ML XPE FR 120ML CIMED,1
AMBROXOL ADULTO 100ML BRASTERAPICA,1
AMBROXOL ADULTO 30MG/5ML XPE PL 120ML PRATI,1
AMBROXOL INFANTIL 15MG/5ML XPE PL 120ML PRATI,1
AMBROXOL XAROPE INFANTIL 100ML,1
AMBROXOL XPE AD 100ML FARMACE,1
AMBROXOL XPE AD 120ML BIOSINTETICO,1
AMBROXOL XPE AD 120ML TEUTO L09,1
AMBROXOL XPE INF 100ML FARMACE,1
AMBROXOL XPE PED 120ML BIOSINTETICO,1
AMBROXOL XPE PED 120ML TEUTO,1
AMILIA REPAIR LOC 60G,1
AMIODARONA 100MG 30COMP MEDLEY,1
AMIODARONA 100MG 30CPR GEOLAB,1
AMIODARONA 200MG 30CPR GEOLAB,1
AMIORON 100MG C30 AMIODARONA GEOLAB,1
AMIORON 200MG 30 CPR,1
AMITIZA 24MCG C/30 CAPS,1
AMITIZA 24MCG C/60 CAPS-OUTROS,1
AMITIZA 8MCG C/30 CAPS-OUTROS,1
AMITIZA 8MCG C/60 CAPS,1
AMITRIPTILINA 25 MG C/ 30 CPR GEN EMS DESMARCADOS,1
AMLOVASC 10MG 30CPR (ANLODIPINO),1
AMMY 4MG C 28 CPR,1
AMOEBA,1
AMOLECEDOR CUT FARMAX MANT KARITE 100ML,1
AMOLECEDOR CUT LABOTRAT PRO 30G,1
AMOLECEDOR DE CUTICULA NUTRYDERM 1X120GR,1
AMOME 50MCG SUS NASAL 120 DOSES,1
AMOME 50MCG SUS NASAL 60ACIO,1
AMONIA/AMONIACO FARMAX 100ML,1
AMORA MIURA 120CAPS DUOM,1
AMORA MIURA 60 CAPS,1
AMORA MIÚRA 1000MG 60 CÁPSULAS,1
"AMORA MIÚRA VIT E, B6 e MAGNÉSIO 1000MG 60 CÁPSULAS",1
AMORA+ISOFLAVONA 60CPS NATUNECTAR,1
AMOSTRA ESSENCIA ALECRIM / TAM U,1
AMOSTRA ESSENCIA BABY / TAM U,1
AMOSTRA ESSENCIA BAMBOO / TAM U,1
AMOSTRA ESSENCIA BREEZE / TAM U,1
AMOSTRA ESSENCIA CAPIM LIMAO / TAM U,1
AMOSTRA ESSENCIA CHA VERDE E PINHO / TAM U,1
AMOSTRA ESSENCIA FLOR DE ALGODAO & VANILLA / TAM U,1
AMOSTRA ESSENCIA FLOR DE CEREJEIRA / TAM U,1
AMOSTRA ESSENCIA FRAMBOESA & ALMISCAR / TAM U,1
AMOSTRA ESSENCIA LAVANDA / TAM U,1
AMOSTRA ESSENCIA LAVANDA E MUSK / TAM U,1
AMOSTRA ESSENCIA LIMAO SICILIANO E JASMIN / TAM U,1
AMOSTRA ESSENCIA LIRIO E CASSIS / TAM U,1
AMOSTRA ESSENCIA MACA E CANELA / TAM U,1
AMOSTRA ESSENCIA MADEIRAS EXOTICAS / TAM U,1
AMOSTRA ESSENCIA SALVIA E ALECRIM / TAM U,1
AMOSTRA ESSENCIA VANILLA / TAM U,1
AMOSTRA ESSENCIA VANILLA E FAVA / TAM U,1
AMOSTRA ESSENCIA VERBENA / TAM U,1
AMOX+CLAV POT 250+62.5MG PO SUS FR 75 ML UNIAO QUIMICA,1
AMOX+CLAV POT 400+57MG PO SUS FR 70 ML,1
AMOX+CLAV POT 500+125MG C/30CPRV/SDZ,1
AMOX+CLAVU 500+125MG 21CPR RANBAXY,1
AMOX.+CLAV.POT.400+57MG SUSP 70ML LEGRAND,1
AMOXICILINA + CLAV POTASSIO 875MG + 125 MG C/ 14 CPR GEN BI,1
AMOXICILINA + CLAVULANATO DE POTASSIO 500 / 125 GEN EMS,1
AMOXICILINA + CLAVULANATO DE POTASSIO 875 MG + 125 MG C/ 20,1
AMOXICILINA 250 MG/5 ML SUSP. 150ML GEN EUROFARMA,1
AMOXICILINA 250MG / 5ML SUSP. 150ML GEN GERMED,1
AMOXICILINA 250MG/5ML 150ML CIMED,1
AMOXICILINA 250MG/5ML GEN SUS,1
AMOXICILINA 250MG/5ML PO SUSP 150ML GEN,1
AMOXICILINA 250MG/5ML SUSP 150ML CIMED,1
AMOXICILINA 250MG/5ML SUSP. GEN UNIAO QUIMICA,1
AMOXICILINA 250MGML 150ML GEN PRATI DESMARCADOS,1
AMOXICILINA 250MGML PO SUS OR FR 150ML GEN PRATI,1
AMOXICILINA 400 MG/5 MLSUSP 100 ML GEN GERMED,1
AMOXICILINA 400MG /5ML SUSP 100ML GEN BIOSINTETICA,1
AMOXICILINA 400MG/5ML CONT. 100ML GEN EMS,1
AMOXICILINA 500 MG C/ 21 CPS GEN GERMED,1
AMOXICILINA 500 MG C/21 CPS GEN TEUTO,1
AMOXICILINA 500MG 1BLT C/15 CAP (UNIAO),1
AMOXICILINA 500MG C/ 21 CPR GEN PRATI,1
AMOXICILINA 500MG C/ 21 CPR GEN UNIAO QUIMICA,1
AMOXICILINA 500MG C/ 21 CPS GEN NEO QUIMICA,1
AMOXICILINA 500MG C/ 21CPS GEN EUROFARMA,1
AMOXICILINA 500MG C/21 CAPS GEN BIOSINTETICA,1
AMOXICILINA 500MG C/21 CPR NOVA QUIMICA,1
AMOXICILINA 500MG CAP 1 BL X 21 -,1
AMOXICILINA 500MG CX 21 CAP GEN MULTILAB,1
AMOXICILINA 875 MG C/ 14 CPR GEN GERMED,1
AMOXICILINA 875MG C/14 CPR GEN NOVA QUIMICA,1
AMOXICILINA GEN 500MG 21CPS DESMARCADO,1
AMOXICILINA GEN 500MG 21CPS/UNICHEM/AM,1
AMOXICILINA GEN 500MG 21CPS/UNICHEM/AM DESMARCADOS,1
AMOXICILINA TRI-HIDRATADA 400MG/5 ML SUSP. 100ML GEN EUROFAR,1
AMOXICILINA TRI-HIDRATADA 875MG C/ 14CPR GEN EUROFARMA,1
AMOXICILINA+CLAV 500/125 MG C/ 12 CPR GEN NOVARTIS,1
AMOXICILINA+CLAV 875MG 20CP GERMED,1
AMOXICILINA+CLAV 875MG 20CP RANBAXY,1
AMOXICILINA+CLAV POT 250MG 75ML EMS,1
AMOXICILINA+CLAV POTASSIO 875+125MG CX 14 COMP REV,1
AMOXICILINA+CLAVUL 400MG SUSP 70 ML EMS,1
AMOXICILINA+CLAVULANATO 400MG+57MG/5ML 70ML PO SUS GEN TEUTO,1
AMOXICILINA+CLAVULANATO 500/125 MG C/ 12 CPR GEN EMS,1
AMOXICILINA+CLAVULANATO DE POTASSIO 125/ 875MG C/20 CPR GEN,1
AMOXICILINA+CLAVULANATO DE POTASSIO 250/625 MG/5 ML GEN NO,1
AMOXICILINA+CLAVULANATO DE POTASSIO 250MG/ 5ML+ 625MG/ 5ML,1
AMOXICILINA+CLAVULANATO DE POTASSIO 400+57MG 5ML 70ML GEN NO,1
AMOXICILINA+CLAVULANATO DE POTASSIO 400+57MG/5ML SUS VD 70ML,1
AMOXICILINA+CLAVULANATO DE POTASSIO 400/57 MG / 5ML PO SUSP,1
AMOXICILINA+CLAVULANATO DE POTASSIO 400MG /70ML GEN SANDOZ,1
AMOXICILINA+CLAVULANATO DE POTASSIO 500 MG + 125 MG C/ 12 CP,1
AMOXICILINA+CLAVULANATO DE POTASSIO 500+125MG C/ 21 CPR GEN,1
AMOXICILINA+CLAVULANATO DE POTASSIO 500+125MG C/18 NOVARTIS,1
AMOXICILINA+CLAVULANATO DE POTASSIO 500/125 MG C/ 14 CPR GEN,1
AMOXICILINA+CLAVULANATO DE POTASSIO 500/125 MG C/ 18CP GEN S,1
AMOXICILINA+CLAVULANATO DE POTASSIO 875/125 MG C/ 14 CPR GE,1
AMOXICILINA+CLAVULANATO DE POTASSIO 875/125 MG C/ 14CPR GEN,1
AMOXICILINA+CLAVULANATO POTOSSIA 400MG 70ML GERMED,1
AMOXICILINA+CLAVULONATO 875+125 MG C/ 14 CPR GEN TEUTO,1
AMOXIL 500MG C/ 21CPS,1
AMOXIL 500MG C/30 COMP,1
AMPICILINA 500MG C/ 21 CAPS GEN PRATI,1
AMPLICTIL 100MG C/ 20 CPR,1
AMPLICTIL 25MG C/ 20 CPR,1
AMPLICTIL 4% GTS 20ML,1
AMPOLA BRONZE 24ML TERRANATIVA,1
AMPOLA CAPILAR PANTENE TRATAMENTO UNIDAS PELOS CACHOS 3X15ML,1
AMPOLA NATUHAIR TRAT ALECRIM 1X10ML,1
AMPOLA NATUHAIR TRAT ANTIQUEDA 1X10ML,1
AMPOLA NATUHAIR TRAT CRESCIMENTO 1X10ML,1
AMPOLA NATUHAIR TRAT QUERATINA 24X10ML,1
AMPOLA NATUHAIR TRAT SEMI D LINO 1X10ML,1
AMPOLA NATUHAIR TRAT VITA A 24X10ML,1
AMPOLA OURO 24ML TERRANATIVA,1
AMPOLA PACK SH+COND MICELAR ACQUA SHIN 300ML,1
AMPOLA PANTENE FORCA E RECONSTRUCAO 3X15ML,1
AMPOLA PRATA 24ML TERRANATIVA,1
AMPOLA SKAFE TRATAMENTO 12 EM 1 1X10ML,1
AMPOLA TRATAMENTO PANTENE GOLD,1
AMPOLA TRATAMENTO PANTENE HIDROCAUTERIZA 3X15ML,1
AMPOLAS NUTRIÇÃO UMECTANTE PANTENE 3AMP 15ML,1
AMYTRIL 10MG C/ 30 CPS,1
AMYTRIL 25MG C/ 30 CPR,1
AMYTRIL 25MG C/60 CPR,1
AMYTRIL 75MG C/ 20 CPS,1
AN 100% GLUTAMINE FLAVOUR 200G LIMAO,1
AN 100% GLUTAMINE FLAVOUR 200G TANGERINA,1
AN X7 PRE WORKOUT 300G FRUTAS VERMELHAS E ROXAS,1
AN X7 PRE WORKOUT 300G PINK LEMONADE,1
ANA SOL FPS60 KDS 150G,1
ANA SOL PROT. FPS90 100G,1
ANADOR 1G C 10 COMP,1
ANADOR 1G C 20 COMP,1
ANADOR 500MG C/24CPR,1
ANADOR 500MG C/4CPR,1
ANAFRANIL 25 MG C/ 60 DRG,1
ANAFRANIL 25MG C/ 20DRG,1
ANAFRANIL SR 75MG C/ 20CPR,1
ANASOL AA CREAM FACIAL FPS 60 - 40G,1
ANASOL AA CREAM FACIAL NOTURNO - 40G,1
ANASOL AGUA DERMATOLOGICA - 200ML,1
ANASOL BASE CLARA MULTIFUNCAO - FPS 60 - 60 G,1
ANASOL BASE HIDRAT. MULTIFUNCAO - 60G,1
ANASOL BASE MEDIA MULTIFUNCAO - FPS 60 - 60 G,1
ANASOL CC CREAM FACIAL FPS 50 CLARO - 60 G,1
ANASOL CC CREAM FACIAL FPS 50 ESCURO - 60 G,1
ANASOL CC CREAM FACIAL FPS 80 - 40G,1
ANASOL DD CREAM FACIAL FPS 75 - 40G,1
ANASOL GEL POS-SOL ARGILA - 200 G,1
ANASOL LOCAO BRONZEADORA FPS 15 - 200 G,1
ANASOL LOCAO BRONZEADORA FPS 8 - 120 G,1
ANASOL LOCAO BRONZEADORA FPS 8 - 200 G,1
ANASOL PROT SOLAR FPS 30 - LOCAO - 200 G,1
ANASOL PROT SOLAR FPS 50 - LOCAO - 350 ML,1
ANASOL PROT SOLAR LOCAO FPS 99 - 120 G,1
ANASOL PROT. LABIAL ACAI C/ MOR - 5G,1
ANASOL PROT. LABIAL COCONUT - 5G,1
ANASOL PROT. SOLAR AN SPORT FPS 50 - 200ML AERO,1
ANASOL PROT. SOLAR BASE CLARA FPS 75 - 40 G,1
ANASOL PROT. SOLAR BASE MEDIA FPS 75 - 40 G,1
ANASOL PROT. SOLAR FACIAL ANTIRRUGAS FPS 50 75G,1
ANASOL PROT. SOLAR FACIAL FPS 30 BASE ESCURA - 60G,1
ANASOL PROT. SOLAR FACIAL FPS 75- LUZ VISIVEL -60G,1
ANASOL PROT. SOLAR FACIAL FPS 99 SENSITIVE - 40 G,1
ANASOL PROT. SOLAR FPS 70 60G,1
ANASOL PROT. SOLAR KIDS FPS 50 - 100 G,1
ANASOL PROT. SOLAR KIDS FPS 60 - 150G,1
ANASOL PROT. SOLAR LABIAL FPS 60 ACAI C MORANGO-5G,1
ANASOL PROT. SOLAR SP. TRANSP. FPS 30 - 200ML AERO,1
ANASOL PROT. SOLAR SP. TRANSP. FPS 60 - 200ML AERO,1
ANASOL PROTETOR HIDRATANTE LABIAL AN SPORT - 5 G,1
ANASOL PROTETOR SOLAR FACIAL CLAREADOR FPS 50 - 60 G,1
ANASOL PROTETOR SOLAR FACIAL CLAREADOR FPS 90 - 60 G,1
ANASOL PROTETOR SOLAR FACIAL FPS 50 VIT C - 40G,1
ANASOL PROTETOR SOLAR FACIAL FPS 70 CLAREADOR -60G,1
ANASOL PROTETOR SOLAR FPS 30 - LOCAO - 120 G,1
ANASOL PROTETOR SOLAR FPS 50 - LOCAO - 120 G,1
ANASOL PROTETOR SOLAR FPS 50 - LOCAO - 200 G,1
ANASOL PROTETOR SOLAR FPS 75 - 120 G,1
ANASOL PROTETOR SOLAR KIDS FPS 70 - 100 G,1
ANASOL PROTETOR SOLAR KIDS FPS 99 100G,1
ANASOL PROTETOR SOLAR LABIAL AN SPORT FPS 60 - 5G ITEM BONI,1
ANASOL PROTETOR SOLAR LABIAL FPS 60 MENTA - 5G,1
ANASOL VISO ANTIRRUGAS 75G,1
ANASOL VISO PROTETOR SOLAR FACIAL MASCULINO FPS 60 - 60 G,1
ANASTROZOL 1MG C/30 COMP EUROFARMA,1
ANASTROZOL 1MG CX 30 COMP REV,1
ANCORON 100MG C/60 COMP REV,1
ANCORON 200MG 30CPR,1
ANCORON 200MG C/60 COMP REV,1
ANDADOR ARTIC. DOBR. LUXO BRIL ADU/UNICO - LOTE: 101509110,1
ANDES 100 MG C/ 30 CPR,1
ANDES 100MG C/60 COMPRIMIDOS,1
ANDES 50MG C /30 CPR,1
ANDOLBA AE 43G-OUTROS,1
ANDOLBA NF AEROSOL 43G,1
ANDRACTIV C/30 CAPS GEL,1
ANDRIODERMOL LIQ 50ML,1
ANDROCUR 50 MG 20 CP -R BAYER,1
ANDROGEL 50MG GEL TOP C/ 30 ENV,1
ANDROSTEN 94MG C/30 CPR,1
ANDROSTEN UNO 280MG 15 CPR,1
ANDRUM 2% SOL FR 5ML,1
ANEMIFER 40MG 50CPR - SULFATO FERROSO,1
ANESTALCON 5ML,1
ANESTESICO COL 10ML,1
ANGELIQ 28CPR,1
ANGELIQ C 84 COMP,1
ANGINO RUB MELLIMAO 16PAST,1
ANGINO RUB MENTA 16PAST,1
ANGIPRESS 25 MG 30 CP S ACHE .,1
ANGIPRESS 50MG 30COMP,1
ANGIPRESS CD 100/25MG 28CPR,1
ANGIPRESS CD 25/12MG C/30 CPR,1
ANLODIPINO 10MG 30CPR NEO QUIMICA,1
ANLODIPINO 5MG 30CPR TEUTO,1
ANLODIPINO BES 10MG COMP C/30 GEN,1
ANLODIPINO BESILATO 10 MG 30 CP NVT G SANDOZ .,1
ANLODIPINO BESILATO 10MG 30 CPS PRATI,1
ANNITA 500MG C/ 6CPR,1
ANNITA SUSP 100ML,1
ANNITA SUSP 45 ML,1
ANSITEC 10MG C/ 20CPR,1
ANSITEC 10MG C/60 COMP,1
ANSITEC 10MG C/90 COMP,1
ANSITEC 5MG C/ 20CPR,1
ANSITEC 5MG C/ 60 CPR,1
ANSITEC 5MG C/90 CPR,1
ANSOL PROT. BASE MEDIA FPS60 60G,1
ANSOL PROT. FPS30 BASE 60G,1
ANTARA 750MG C 30 COMP REV,1
ANTHE AIR ANTIOL F80 COR3.0,1
ANTHE AIR F70 ANTIOL COR 1.0 40G,1
ANTHE AIR F70 ANTIOL COR 2.0 40G,1
ANTHE AIR F70 ANTIOL COR 3.0 40G,1
ANTHE AIR F70 ANTIOL COR 4.0 40G,1
ANTHE AIR F80 ANTIOL COR 1.0,1
ANTHE AIR F80 ANTIOL COR 6.0,1
ANTHE AIR+ F80 ANTIOL COR2.0 40G,1
ANTHE AIR+ F80 ANTIOL COR5.0 40G,1
ANTHE AIRL CLARA FPS70 40G,1
ANTHE AIRL F80 40G+EFF CONC 50G,1
ANTHE AIRL MORENA + FPS70 40G,1
ANTHE AIRL MORENA FPS70 40G,1
ANTHE ARLICIUM F50 ANTIOLE 40ML,1
ANTHE ARLICIUM F50 COR 2.0 40ML-DEMAIS PROD,1
ANTHE ARLICIUM F50 COR 4.0 40ML,1
ANTHE ARLICIUM F80 ANTIOLEOS 40G,1
ANTHE CLAR F70 40G+EFF GEL 40G-DEMAIS PROD,1
ANTHE HYDRAOX COM COR FP60 50G-DEMAIS PROD,1
ANTHE HYDRAOX S/ COR FP60 50G,1
ANTHE ULT COVER F60 COR 4.0 30G,1
ANTHE ULT COVER F60 EXT CLAR 30G,1
ANTHE ULT COVER F60 MOR MAIS 30G,1
ANTHE ULT COVER F70 COR 3.0 40G,1
ANTHE ULTRA COVER F60 CLARA 30G,1
ANTHE ULTRA COVER F60 COR 6.0 30G,1
ANTHE UV MUNE 400 FPS60 50ML,1
ANTHE XL F50 200ML+ FAC F60 25G,1
ANTHE XL PROT FACE F30 40G,1
ANTHE XL PROT FACE F60 40G,1
ANTHE XL PROT FACE MOR+ F60 40G,1
ANTHELIOS AE PIGMENT CLARA FPS50 40GR P LOREA,1
ANTHELIOS AE PIGMENT MORENA FPS50 40GR P LOREA,1
ANTHELIOS AE PIGMENT S/ COR FPS50 40GR P LOREA,1
ANTHELIOS AIRLIC FP70 MORENA+50G-DEMAIS PROD,1
ANTHELIOS AIRLICI F70 CLARA 50G,1
ANTHELIOS AIRLICI F70 MORENA 50G,1
ANTHELIOS AIRLICI FP70 50GR,1
ANTHELIOS AIRLICIUM 50G FPS30,1
ANTHELIOS AIRLICIUM EXT CLARA FPS70 40G LOREA,1
ANTHELIOS AIRLICIUM FPS70 50GR,1
ANTHELIOS ALTA COB CLA F60 40ML,1
ANTHELIOS DERMOPED FPS60 120ML,1
ANTHELIOS KA+MED FPS99 50G,1
ANTHELIOS XL PROT CLARA FPS60 40GR P LOREA,1
ANTHELIOS XL PROT MORENA FPS60 40GR P LOREA,1
ANTHELIOS XL PROTECT CORPO FPS50 200ML-DEMAIS PROD,1
ANTHELIOS XL PROTECT FPS30 200ML,1
ANTHELIOS XL PROTECT FPS70 120ML,1
ANTHELIOS XL PROTECT FPS70 200ML,1
ANTI SEPTICO CLO 30ML C APLICADOR,1
ANTI SEPTICO SPRAY 50ML HETZ,1
ANTIALERGICO HISTAMIN 2MG/5ML XAROPER SABOR CEREJA 100 ML,1
ANTISEP BUC COLG T12 TARTA 500ML,1
ANTITRANSPIRANTE DESODORANTE 20% CLORIDRATOS DE ALUMINIO + P,1
ANTITRANSPIRANTE DESODORANTE 5% ACIDO LATICO + 5% NIACINAMID,1
ANTIVIRAX 400MG 30CPR (ACICLOVIR),1
ANTROFI CR 30G APLICADORES,1
ANTUX GTS 20ML,1
ANTUX XPE 120ML,1
AP BARB GILL MACH3 CARB 1UN,1
AP BIC SOLEIL RS/RX TRIMMER 2X1,1
AP DEPIL GILL VENUS SIMP3 4UN,1
AP GILLETTE PRESTO2 FIX MASC C 2,1
AP GILLETTE PRESTO2 MOV MASC C 2,1
AP GILLETTE PRESTOBARBA 3 (F) C/2 LILAS/ROSA (4781),1
AP PARA ALIVIO DE DOR DA INJECAO PIKLUC,1
AP PRESSAO ART PULSO 6124,1
AP PRESSAO AUT BRACO HEM 7122 OMRON,1
AP PRESSAO DIGITAL G-TECH BPGP400,1
AP PRESSAO MULTILASER DE PULSO,1
AP PRESTO 3 FEM LV 4 PG3 4X1,1
AP. DE PRESSAO DIG. AUTOMATICO DE PULSO G-TECH HOME C/ SELO,1
AP.AEROSOL NEBULIZ PORTATIL NEBMESH 1,1
AP.AEROSOL NEBULIZ. E INALAD. NEBMESH2,1
AP.PRES.DIG.AUT.BRACO SILENCIOSO MULTILAISER,1
APAR. PREST. ULTRAGRIP CAB MOVEL FEMININO 2X1,1
APAR.PRESTO.3 MASC.4X1 OF,1
APARELHO AEROSOL INALAPOP,1
APARELHO BIC COMFORT 3 PELE SENSIVEL UN,1
APARELHO BIC FLEX3 HYBRID + 5 CARGAS 5X1,1
APARELHO BIC SOLEIL CLIC + 6 CARGAS 6X1,1
APARELHO DE AEROSOL ULTRAS RESPIRAMAX,1
APARELHO DE BARBEAR METAL,1
APARELHO DE PRESSAO DIG AUT PULSO GP400 G-TECH,1
APARELHO DE PRESSAO DIGITAL BRACO BSPII,1
APARELHO GILLETTE CORPO 2X1,1
APARELHO GILLETTE DERMA PROTECAO 2X1,1
APARELHO GILLETTE DERMA PROTECAO CARTELA 1X1,1
APARELHO GILLETTE DERMA PROTECAO L4P3 PROM 4X1,1
APARELHO JANTAR 20 PECAS OXFORD BIONA$,1
APARELHO MACH 3 CARBONO 1X1,1
APARELHO MACH 3 CORPO 1X1,1
APARELHO MONITOR DE PRESSAO ARTERI PULSO,1
APARELHO PRES.ESFIG.ANER.VELCRO C/EST.AZUL,1
APARELHO PRESSAO ARTE.DIG BRACO HC090,1
APARELHO PRESSAO DIG AUT BRACO LA800 G-TECH,1
APARELHO PRESSAO DIGIT.BRACO SEMI-AUT(BP3ABOH),1
APARELHO PRESSAO PULSO PREMIUM,1
APARELHO PRESTOBARBA 3 2X1,1
APARELHO PRESTOBARBA 3 4X1,1
APARELHO PRESTOBARBA 3 CARBONO 2X1,1
APARELHO PRESTOBARBA 3 CHAMPIONS CARVAO CARTELA 1X1UN,1
APARELHO PRESTOBARBA 3 CHAMPIONS SUAVE 10X1,1
APARELHO PRESTOBARBA 3 CHAMPIONS SUAVE CARTELA 1X1,1
APARELHO PRESTOBARBA 3 COOL L4P3 PROM 4X1,1
APARELHO PRESTOBARBA 3 ICE 2X1,1
APARELHO PRESTOBARBA CAB FIXA 2,1
APARELHO PRESTOBARBA ULTRAGRIP CAB FIXA12,1
APARELHO PRESTOBARBA ULTRAGRIP CAB MOVEL FEM ALOE VERA 12X2,1
APARELHO PRESTOBARBA ULTRAGRIP3 CAB FIXA 2X1,1
APARELHO PROBAK II 1X2,1
APARELHO PROBAK II BAG L7P5 PROM 7X1,1
APARELHO VENUS INTIMA 2X1,1
APARELHO VENUS INTIMA LV4PG3 PROM 4X1,1
APARELHO VENUS SIMPLY 3 2X1,1
APARELHO VENUS SIMPLY 3 8X1,1
APARELHO VENUS SIMPLY 3 SENSITIVE 2X1,1
APARELHO VENUS SIMPLY 3 SENSITIVE L4P3 PROM 4X1,1
APARELHO VENUS SPA 1X1,1
APARELHO VENUS SUAVE ORIGINAL CARTELA 1X1UN,1
APARELHO VENUS TROPICAL L3P2 PROM 3X1,1
APARELHO VENUS UPGRADE SENSITIVE 2X1,1
APAXY 300MG 20CPR REV (PASSIFLORA INCARN,1
APAXY 600MG 20CPR REV (PASSIFLORA INCARN,1
APETIVAN BC XPE FR 240 ML,1
APEVITIN BC 240 ML,1
APEVITIN BC 240ML,1
APICE 150MG C/30 CPS,1
APICE 75MG C/30 CAPS,1
APILIMAO ORGANICO PROP.LIM/MEL SPY 30ML,1
APIROMA ORGANICO PROP.MEL/ROMA SPY 30ML,1
APIXABANA 05MG C/60 CPR SANDOZ,1
APIXABANA 5MG 20CP G MEDLEY .,1
APIXABANA 5MG 60CPR,1
APIXABANA 5MG C/20 SANDOZ,1
APLAUSE 20MG C/60 COMP REV,1
APRACUR DUO C/12 COMP,1
APRACUR DUO C/20 COMP,1
APRAZ 1MG C/30 COMP,1
APRAZ 2MG 30CPR,1
APRESOLINA 25MG C 60 DRG,1
APRESOLINA 25MG DRG 1X20-OUTROS,1
APRESOLINA 50MG C 60 DRG,1
APTAMIL 1 800G,1
APTAMIL 2 PREMIUM 800G DANONE,1
APTAMIL A.R 800G,1
APTAMIL ESPESSADO 800G,1
"APTAMIL PREMIUM 1, 2 E 3 800G",1
APTAMIL PREMIUM 2 400G,1
APTAMIL PRO EXPERT PEPTI 800GR,1
APTAMIL PROFUTURA GOLD 2 800G,1
APTAMIL SENSITIVE ACTIVE 800G,1
APTANUTRI PROFUTURA 3 DE 1 A 3 ANOS 800G,1
APTANUTRI SOJA 3 800G,1
AQUALITE 4SACHES GUARANA REIDRATANTE,1
AQUALITE 4SACHES UVA REIDRATANTE,1
ARADOIS 100MG C/60 COMP,1
ARADOIS 25MG 60CPR,1
ARADOIS 50MG 30CPR,1
ARADOIS 50MG 60CPR,1
ARADOIS 50MG 90CPR,1
ARADOIS H 100/25MG C/90 COMP PBM,1
ARCOXIA 60MG C/ 14 CPR,1
ARCOXIA 60MG C/ 7CPR,1
ARCOXIA 90MG C/ 14 CPR,1
ARCOXIA 90MG C/ 14 CPR DESMARCADOS,1
ARCOXIA 90MG C/ 7 CPR,1
ARCOXIA 90MG C/05 COMPRIMIDO,1
ARDRAK BALAS DE GENGIBRE GENGVIDA LIMAO 50G/ARD,1
ARDRAK GOMAS DE GENGIBRE FRESH LARANJA 50G/ARD,1
ARDRO GRAN LARANJA 30ENV(CONDROIT+GLICO,1
AREDS C/60 CAPS,1
AREMAZ 100ML SIGMA,1
ARGAM QTZOL POR/PIS/PIS CZ IN 20K 0046.00001.0020PL,1
ARGAN OIL MASCARA 230G,1
ARGAN OIL NOVO 50 ML,1
ARGAN OIL SHAMPOO 250ML,1
ARGILA BRANCA FACIAL 200G,1
ARGILA PRETA FACIAL 200G,1
ARIPIPRAZOL 10 MG C/ 30 CPR GEN SANDOZ,1
ARIPIPRAZOL 10MG 30 CPR EMS,1
ARIPIPRAZOL 10MG 30 CPS / GEN ARIPIPRAZOL,1
ARIPIPRAZOL 10MG 30CPR BIOSINTETICA,1
ARIPIPRAZOL 10MG 30CPR GLOBO,1
ARIPIPRAZOL 10MG 30CPR NOVA QUIMICA,1
ARIPIPRAZOL 10MG 30CPR ZYDUS,1
ARIPIPRAZOL 15MG 30CP,1
ARIPIPRAZOL 15MG 30CP C1 SANDOZ,1
ARIPIPRAZOL 15MG 30CPR NOVA QUIMICA,1
ARIPIPRAZOL 15MG 30CPR ZYDUS,1
ARISTAB 10MG C/30 CPR,1
ARISTAB 15 MG C/ 30 CPR,1
ARISTAB 1MG/ML SUS. ORAL 150 ML,1
ARISTAB 20 MG 30 CP ACHE,1
ARLIVRY CEREJA XPE 7MGML X 100ML,1
ARLIVRY MEL XPE 7MGML X 100ML,1
ARNICOL GEL DE MASSAGEM ROLL ON,1
ARNICOL GEL SEBO DE CARNEIRO 50G,1
AROMATIZADOR DE AMBIENTES LAVANDA 200ML / TAM U,1
AROMATIZADOR DE TECIDOS BAMBOO 500ML / TAM U,1
AROMATIZADOR DE TECIDOS LAVANDA 500ML / TAM U,1
AROMATIZADOR TECIDOS FLOR DE CEREJEIRA 500ML / TAM U,1
ARPADOL 400MG C/60 COMP (FUNCIONAL CARD - SOU MAIS VIDA),1
ARPADOL 400MG C/60 CPR,1
ARPAFITO 470MG 30 CPR (GARRA DO DIABO),1
ARPEJO 20MG/ML GTS 30ML,1
ARPYNFLAN 450MG C/ 30 CPR,1
ARRETADO 24FLAC. 20ML (CAFEINA + TAURINA,1
ARRETADO 50 ML,1
ARRETADO ENERG ZIIN ZIIN CAFEINA+TAURINA 12X50ML/ZIN,1
ARRETADO GUARANA+ACAI 20ml,1
ARTAG 90MG C 60 COMP REV,1
ARTELAC SOL OFT 10ML,1
"ARTICO 15/1,2 GR 30 SACHES LARANJA",1
ARTICO 500MG+400MG C/ 90 CAPS,1
ARTICO 500MG+400MG C/30 CAPS-OUTROS,1
ARTICULAM ULTRA C/30CAPS GEL,1
ARTRINID 50MG CX 24 COMP,1
ARTRODAR 50MG 30CPS,1
ARTRODEX TRAT-M 600 30CAP,1
ARTRODEX TRAT-M 600 60CPS,1
ARTROFLAN 150MG C/60 COMP,1
ARTROGEN DUO C/30 SACHES (PORTAL DROGARIA),1
ARTROGEN PLUS D PO C 30 SACHE,1
ARTROLIVE 30CPS (PORTAL DROGARIA),1
ARTROLIVE 4MG C/30 SACHES,1
ARTROLIVE 90 CAPS T ACHE .,1
ARTROMOBIL C/30 CAPS,1
ARTROMOBIL C/60 CAPS,1
ARTROSIL 160MG 20CPS,1
ARTROSIL 320MG 10CPS,1
ASCENDA BAUNILHA 800G,1
ASCENDA SEM SABOR 800G,1
ASEA HCT 40/25MG 30CPR,1
ASEPTIC GEL ANTI-SEPTICO 70 INPM- 5LT,1
ASEPXIA GEL DE LIMPEZA GEN 150ML,1
ASEPXIA MASC PURIF CARV DETOX30G,1
ASEPXIA P.SOLAR FPS50 T.SECO 40G,1
ASEPXIA SAB CARVAO DETOX 150ML-DEMAIS PROD,1
ASEPXIA SAB ENXOFRE 90GR,1
ASEPXIA SAB LIMP PROFUNDA 150ML-DEMAIS PROD,1
ASEPXIA SAB LIMP PROFUNDA 300ML-DEMAIS PROD,1
ASEPXIA SABONETE ESFOLIANTE 90GR,1
"ASMOFEN XPE 0,2MG/ML",1
"ASMOFEN XPE 0,2MG/ML 120ML",1
ASPARGIL C 1000 MG X 16 COM EFEV S/ ALUM,1
ASPIRADOR AUTOMOTIVO PORTATIL 12V$,1
ASPIRADOR NASAL,1
ASPIRADOR NASAL 2 EM 1 F - LOLLY BABY,1
ASPIRADOR NASAL DE SUCCAO COM ESTOJO BUBA,1
ASPIRADOR NASAL URSO NOSEWASH,1
ASPIRINA PREVENT 100MG 30CPR,1
ASPIRINA PREVENT 100MG C 100 CPR,1
ASSERT 100MG C/ 30 CPR,1
ASSERT 25 MG C/30 CPR,1
ASSERT 25MG 30CPR,1
ASSERT 50MG 60CPR,1
ASSERT 50MG C/ 30 CPR,1
ASSERT 50MG C/30 COMP REV,1
ASTRO 1500 MG SUSP 375 ML,1
ASTRO 500MG C/ 2 CPR,1
ASTRO 500MG C/ 3 CPR,1
ASTRO 500MG C/ 5 CPR,1
ASTRO 600 MG SUSP 15 ML,1
ASTRO 900MG SUSP 225 ML,1
ATACAND 16MG C/30 COMP-REFERENCIA,1
ATACAND 8MG C/30 COMP-REFERENCIA,1
ATADURA 30CM CREMER,1
ATADURA CYSNE 12CM,1
ATADURA CYSNE 15CM,1
ATADURA CYSNE 6CM,1
ATADURA CYSNE 8CM,1
ATAK CLAV 400/57 MG/ 5ML SUSP 70ML,1
ATAK CLAV 400MG 57MG ORAL 70ML,1
ATAK CLAV 875/125 MG C/ 14 CPR,1
ATAK CLAV 875/125 MG C/ 20 CPR,1
ATELOP 5MG C/30 COMP-SIMILAR,1
ATENOLOL 100 MG 30 CP G MEDLEY .,1
ATENOLOL 25 MG 30 CP G MEDLEY .,1
ATENOLOL 25MG 30CPR SANDOZ,1
ATENOLOL 25MG C/30 COMP SANDOZ,1
ATENOLOL 25MG C/30 COMPRIMIDOS,1
ATENOLOL 50MG 30CPR LEGRAND,1
ATENOLOL 50MG C 30 COMP SANDOZ,1
ATENOLOL 50MG C/30 COMP MEDLEY,1
ATENOLOL 50MG C/30 COMPRIMIDO PRATI,1
"ATENOLOL+CLORTALIDONA 50+12,5MG C/30 COMPRIMIDOS",1
ATENTAH 10MG 30CPS,1
ATENTAH 18MG C/30,1
ATENTAH 25MG C/30,1
ATENTAH 40MG 30CPS,1
ATENTAH 60MG C/30,1
ATENTAH 80MG 30CPS,1
ATEROMA 10MG 30 CPR,1
ATEROMA 20MG 30 COMP,1
ATEROMA 40MG C/30 COMP,1
ATESTO 250 MG / ML INJ 1 AMP 4 ML,1
ATILLUS FLORA S/ SABOR C/15 ENV,1
ATILLUS MULTI C 15 SACHES,1
ATIP 100MG C/ 30 CPR,1
ATIP 200MG C 30 CP REV C1,1
ATIP 25MG C/ 30 CPR,1
ATIP XR 50MG C/30 CPR,1
ATIV CACHOS AMEND 190ML/AME,1
ATIV CACHOS S LINE SOS CACHOS A OLIVA 1L,1
ATIV CACHOS SALON LINE SOS CHEBE 300ML/SAL,1
ATIVADOR DE CACH SALON LINE SOS ARGAN NUTRICAO 1X300ML,1
ATIVADOR DE CACH. SALON LINE SOS CACHOS SUPER OLEOS 1X1KG,1
ATIVADOR DE CACHOS HASKELL MANDIOCA 100 ML,1
ATIVADOR DE CACHOS KOLENE 1X300ML,1
ATIVADOR DE CACHOS SALON LINE #TDC . DAY AFTER 1X400ML,1
ATIVADOR DE CACHOS SALON LINE #TDC DEFINIÇÃO PROLON 1X400ML,1
ATIVADOR DE CACHOS SALON LINE CACHOS DOS SONH 1X300,1
ATIVADOR DE CACHOS SALON LINE HIDRA ORIGINAL 1X300ML,1
ATIVADOR DE CACHOS SALON LINE SOS CACH RICINO QUERAT 1X300,1
ATIVADOR DE CACHOS SALON LINE SOS CACHOS OLEO DE MANGA 1X300,1
ATIVADOR DE CACHOS SALON LINE SOS KIDS DEFINIÇÃO 300ML,1
ATIVADOR DE CACHOS SALON LINE TO CRESPO DIVINO 1X300M,1
ATIVADOR DE CACHOS SALON LINE TODECA VINAGRE DE MACA 1X30,1
ATIVADOR DE CACHOS SALON LINE TODECACHO COCO 1X300ML,1
ATIVADOR DE CACHOS SALON LINE TODECACHO DAY AFTER 1X300ML,1
ATIVADOR DE CACHOS SALON LINE TODECACHO DEF PROL 1X300,1
ATIVADOR DE CACHOS SALON LINE TODECACHO DEF VOLUM 1X300ML,1
ATIVADOR HASKELL MANDIOCA 240 GR,1
ATIVADOR INFANTIL KOLENE CACHINHOS 1X300ML,1
ATIVADOR SALON LINE SOS CACHOS ACIDO HIALUR 1X300ML,1
ATIVADOR SALON LINE SOS CACHOS CHICLETE KIDS 1X300ML,1
ATIVADOR SALON LINE SOS CACHOS MEL E OLEO DE ARGAN 1X1KG,1
ATIVADOR SALON LINE SOS CACHOS OLEO DE COCO 1X1KG,1
ATIVADOR SALON LINE SOS CACHOS QUERATINA RECARGA 1X300ML,1
ATIVADOR SALON LINE SOS+PODEROSOS 1X300ML,1
ATIVADOR SALON LINE TODECACHO FIX MAX 2-3-4ABC 1X400ML,1
ATIVADOR SALON LINE TODECACHO FIXACAO MAX 3ABC 1X400ML,1
ATIVB 1.000MCG C/30 COMP SUBL,1
ATIVB 1000MCG C/90 COMP SUBL,1
ATL 100 WHEY FLAVOUR BAUNILHA PT 900G,1
ATL 100 WHEY FLAVOUR CHOCOLATE PT 900G,1
ATL 100 WHEY FLAVOUR MORANGO PT 900G,1
ATL BCAA C120 PT,1
ATL MALTODEXTRIN 1KG SC LARANJA C ACER.,1
ATLAS BANDEIJA PAD,1
ATLAS PAD PARA PINTURA,1
ATLAS ROLO ANTIGOTA 23CM,1
ATLAS ROLO EXTRA 23CM,1
ATLAS TRINCHA 395 2 1/2,1
ATOBACH 1 MG G POM DERM 30G,1
ATODERM OLEO DE BANHO 1L,1
ATORVASTATINA 10MG C/30 COMPRIMIDOS,1
ATORVASTATINA 20MG 30CPR EMS,1
ATORVASTATINA 20MG 30CPR GERMED,1
ATORVASTATINA 20MG 30CPR LEGRAND,1
ATORVASTATINA 20MG 30CPR NOVA QUIMICA,1
ATORVASTATINA 20MG C/30 COMPRIMIDOS,1
ATORVASTATINA 40MG 30 COMP SANDOZ,1
ATORVASTATINA 40MG 30CPR GERMED,1
ATORVASTATINA 40MG CX 3BL X 10 COMP REV,1
ATORVASTATINA 80MG 30CPR EMS,1
ATORVASTATINA 80MG 30CPR GERMED,1
ATORVASTATINA CALC 10MG COMP REV 2BLX15,1
ATORVASTATINA CALCICA 10MG COMP C/30 LEGRAND,1
ATORVASTATINA CALCICA 20 MG C/30 CP EUROFARMA,1
ATORVASTATINA CALCICA 20MG CX 60 CPR EMS,1
ATORVASTATINA CALCICA 40MG COMP C/30 LEGRAND,1
ATORVASTATINA NOVAQ GEN 40MG C/30CPR,1
ATROPINA COLIRIO 1% 5ML,1
ATROVENT GTS 20ML,1
ATROVERAN DIP 1G C/20 COMP,1
ATTENZE 10MG C 30 COMP,1
ATTIVS 900MG C 30 COMP REV,1
ATTIVS 900MG C/60 COMP REV,1
ATURGYL AD SPRAY 15ML,1
ATURGYL ADULTO 15ML,1
AURIS SEDINA GTS 10ML,1
AUTO LANCETA G-TECH MINI 21G CAIXA COM 100 UNIDADES,1
AV A-OXITIVE NUIT 30ML FEP-DEMAIS PROD,1
AV CLEANANCE SERUM 30ML,1
AV PHYSIOLIFT SERUM 30ML,1
AVAL 160MG C/30 COMP,1
AVAL 320MG C/30 COMP,1
AVENE CICALFATE+ 20ML-DEMAIS PROD,1
AVENE CLEAN COMEDOMED RENOV 30ML,1
AVENE CLEANANCE ANTIOL F70 40G,1
AVENE CLEANANCE AQUA-GEL 30G,1
AVENE CLEANANCE COMEDOMED 30ML,1
AVENE CLEANANCE GEL 150ML+60ML,1
AVENE CLEANANCE GEL 300G-DEMAIS PROD,1
AVENE CLEANANCE GEL 400G,1
AVENE CLEANANCE GEL 60G,1
AVENE CLEANANCE INTENSE 150G,1
AVENE CLEANANCE INTENSE 300G,1
AVENE CLEANANCE INTENSE 60G,1
AVENE CLEANANCE INTENSE REF 240G,1
AVENE F60 ANTIAC+CLEAN INTEN 40G,1
AVENE F60 COR+CLEAN GEL LIMP 40G,1
AVENE MAT PERF ANTIACNE FP60 40G,1
AVENE MAT PERF CLARA FPS70 40G-DEMAIS PROD,1
AVENE MAT PERF COR FPS30 40G-DEMAIS PROD,1
AVENE P SOLAR PERF MED FPS70 40G,1
AVENE PERF F60 40G+CLEAN 60G,1
AVIANT EFE 10CPR,1
AVIDE 100MG C/9 CAPS,1
AVIV 50MG C/30COMP LIB PROL,1
AVIV 50MG C/60COMP LIB PROL,1
AXE DEOSODORANTE APOLLO 150 ML,1
AXETILCEFUROXIMA 250 MG/ 5 ML SUSP. 50ML GEN RANBAXY,1
AXETILCEFUROXIMA 250 MG/5 ML SUSPO. 70 ML GEN RANBAXY,1
AXETILCEFUROXIMA 250MG 14CPR RANBAXY,1
AXETILCEFUROXIMA 250MG C/ 10CP GEN RANBAXY,1
AXETILCEFUROXIMA 500 C/10 CPR TEUTO,1
AXETILCEFUROXIMA 500 C/14 CPR TEUTO,1
AXETILCEFUROXIMA 500MG C/ 14 CPR GEN RANBAXY,1
AXETILCEFUROXIMA 500MG C/10 CPR GEN RANBAXY,1
AXIS AZ FEMME 60 COMPRIMIDOS,1
AXIS CLORETO DE POTASSIO 800MG C/60 CPR 48G,1
AXIS ZINCO QUELATO 500MG 30G 60 CAPS,1
AXONIUM 10MG C/ 30 CPR,1
AXONIUM 5MG C/ 30 CPR,1
AYMEE 10MG C/7 COMP REV,1
AYMEE 20MG 30CPR,1
AYMEE 40MG 30CPR,1
AZ PRENDEDOR DE CHUPETA ZOO AZ,1
AZELAN 200MG CR DERM 30G,1
AZELAN GEL 30G,1
AZI 1500 MG SUSP 375 ML,1
"AZI 1500 MG SUSP 375 ML""",1
AZI 1G C/ 1 CPR,1
AZI 500MG C/ 3 CPR,1
AZI 500MG C/ 5 CPR,1
AZILECT 1MG X 30 CPR,1
AZITROMICINA 1000MG C/ 1CPR GEN GERMED,1
AZITROMICINA 500 MG C/ 3 CPR GEN PHARLAB,1
AZITROMICINA 500 MG C/ 5 CPR GEN PHARLAB,1
AZITROMICINA 500 MG C/ 5 CPR GEN PHARLAB DESMARCADOS,1
AZITROMICINA 500 MG C/ 5 CPS GEN PRATI,1
AZITROMICINA 500 MG C/ 5 CPS GEN TEUTO DESMARCADOS,1
AZITROMICINA 500MG 3CPR PHARMASCIENCE,1
AZITROMICINA 500MG C/ 3 CPR GEN MEDQUIMICA,1
AZITROMICINA 500MG C/ 3 CPR GEN PRATI,1
AZITROMICINA 500MG C/ 3CPR GEN EUROFARMA,1
AZITROMICINA 500MG C/ 5 CPR GEN NEO QUIMICA,1
AZITROMICINA 500MG C/03 COMPRIMIDOS PHARMASCIENCE,1
AZITROMICINA 500MG C/05 CPR MEDLEY,1
AZITROMICINA 500MG C/5CPR GLOBO,1
AZITROMICINA 500MG COMP REV 1 BL X 5,1
AZITROMICINA 600 200MG/5ML PÓ SUSP 15ML GEN EUROFARMA,1
AZITROMICINA 600MG SUSP 15ML GEN NEO QUIMICA,1
AZITROMICINA 600MG SUSP NEO QUIMICA DESMARCADOS,1
AZITROMICINA 900MG SUSP 225ML NEO QUIMI,1
AZITROMICINA DI-HIDRATADA 1G C/ 1 CPS GEN PRATI,1
AZITROMICINA DI-HIDRATADA 200 MG / 5 ML 600 MG PÓ SUSP. 15,1
AZITROMICINA DI-HIDRATADA 200 MG / 5 ML 900 MG PÓ SUSP. 225,1
AZITROMICINA DI-HIDRATADA 500MG C/ 5CPR GEN EUROFARMA,1
AZITROMICINA DI-HIDRATADA 500MG C/3 CPR GEN GEOLAB,1
AZITROMICINA GEN 600MG PO SUSP/PHARLAB/AM,1
AZITROMICINA SUSP ORAL 900MG P+DIL EMS,1
AZITROPHAR 500MG 5CPR AZITROMICINA/PHARLAB/02010385/AM,1
AZITROPHAR 500MG C/03COMP/PLB,1
AZITROPHAR PO SUSP 600MG (AZITROMICINA),1
AZITROPHAR PO SUSP 900MG (AZITROMICINA),1
AZOD 100MG C/30 COMP,1
AZOD 50MG 60 CPS,1
AZORGA 6ML,1
AZORGA COL 5ML,1
AZOX 20MG/ML SUSP 45ML+SER,1
AZOX 500MG C/6 COMP REV,1
AZUKON MR 30MG 30CPR,1
AZUKON MR 30MG C 100 COMP,1
AZUKON MR 30MG C/60 COMP,1
AZULFIN 500MG 60CPR,1
Absorvente Sym 30 unidades,1
Absorvente bigfral 3 em 1 pós-operatório 20 unidades,1
Allegra 120Mg 10Comp,1
Aparelho de barbear Gillette mach 3,1
Aspargil C c/16 comprimidos efervescente,1
Atenolol 50Mg 30Caps,1
B INST AGUA MICE COLAG E PANT 260ML UN-0001-UN,1
B INST CR RED MED FISIOFORT SLIM 150G,1
B INST GEL MASS ARNICA E COPAIBA 200G,1
B INST POMADA MASS CANELA D VELHO PTE240,1
B INST POMADA MASS CANELA VELHO PRE 150G UN-0001-UN,1
B INST POMADA MASS FISIOFORT POTE 240G UN-0001-UN,1
B INST POMADA MASS FISIOFORT PREM PT 240 UN-0001-UN,1
B INST SAB INT AROMAS BR FRUTAS VERM,1
B INST SAB INT AROMAS BR LOVE 200ML UN-0001-UN,1
B INST SAB INT AROMAS BR MACA VERDE 200M UN-0001-UN,1
B INST SAB INT MARACUJA AROMAS BR 200ML UN-0001-UN,1
B INST SAB INT OLEO D COCO AROMAS BR 200 UN-0001-UN,1
B INST SAB INT TALCO AROMAS BR 200ML UN-0001-UN,1
B12 ULTRA KATIGUÁ 60 CÁPSULAS,1
BABADOR SIL PEGA MIGALHAS AZ LOLLY,1
BABY SURE PRIME COM CANETA,1
BABYMED AZUL POM BG 45 G,1
BABYMED PMD 45G MENINO/MENINA CIMED,1
BABYMED ROSA MENINA POMADA 45G,1
BABYMED ROSA POM 45G,1
BACLOFEN 10MG 20CPR,1
BACLOFEN 10MG COMP C60,1
BACLOFENO 10MG C/20 CPR UNIAO QUIMICA,1
BACTRIM 200/40 MG 100ML,1
BACTRIM 400/80 MG C/ 20CPR,1
BACTRIM F 400MG/80MG SUSP 100ML,1
BACTRIM F 800/160 MG C/ 10 CPR,1
BACTRIM F SUSP 100ML (A),1
BACTROBAN 20MG POM 10GR,1
BALA BUTTER TOFFEES 500G CHOKKO TRUFA$,1
BALA BUTTER TOFFEES 500G MORANGO,1
BALA BUTTER TOFFEES CHOCOLATE,1
BALA CHITA ORIGINAL ABACAXI 500G,1
BALA CHITA SORTIDA,1
BALA DE GENG NATUS ZERO **,1
BALA DE GENGIBRE C/MEL/PROP.ENV.30X40G,1
BALA DE GENGIBRE E ROMA,1
BALA DE GENGIBRE MEL E ROMÃ,1
BALA ENERGETICA 38GR,1
BALA FLORESTAL FLOPI DIET SORTIDA 40G,1
BALA GENGINUTRI ZERO ACUCAR 30GR,1
BALA NATUS MINAS MENTOL UN 1X10X55 GR **,1
BALANCA CORP DIG DIGIHEALTH PRATA MULTI,1
BALANCA CORPORAL ANALOGICA,1
BALANCA DIGITAL PRETA HC022,1
BALANCA DIGITAL VISOR LCD GLASS10 G-TECH,1
BALANCE CREAM MAKE MORE HIDRATANTE FACIAL 60G,1
BALANÇA DIGITAL G-TECH GLASS10,1
BALAS DE GENGIBRE,1
BALAS DE GENGIBRE E MENTOL 40g,1
BALAS DE GENGIBRE MEL E PROPOLIS,1
BALSAMO BENGUE AEROSOL 60G,1
BALSAMO BENGUE GEL 20G,1
BALSAMO BENGUE GEL 60GR,1
BALSAMO BENGUE POM 20G,1
BALSAMO BENGUE POMADA 60GR,1
BALSAMO HIDRATANTE MAKE MORE 100G,1
BALSAMO LOLA XAPADINHA DISCIPLINA 200ML,1
BALSAMO MURIEL S HAIR NEW DESIGN 120G,1
BALSAMO MURIEL S HAIR QUERATINA 120G,1
BALSAMO MURIEL S HAIR TONALIZ POWER 120G,1
BAMIFIX 300MG 20DRG,1
BANANA BOAT DRY BALANCE FPS 50 AERO 170GR,1
BANANA BOAT GENTLE PROTECT BABY FPS 50 180ML$,1
BANANADA C/ACAI 30GR,1
BANANADA FAZENDINHA TRADIC C/ACUCAR,1
BANANADA TRADICIONAL 30GR,1
BANANADA TRADICIONAL ZERO ACUCAR,1
BANDAID J&J C10 TRANSPARENTE,1
BANHO DE LUA KIT CLAREADOR - CLESS,1
BANNER MELATONIZE,1
BARALHO UNO,1
BARIAT XR 30CPR LIBERAÇÃO PROLONGADA,1
BARIAT XR CALCIO C/60 COMPRIMIDO,1
BARISTAR CPS 1X100-DEMAIS PROD,1
BARISTAR CPS 1X30,1
BARIVIT C/60 COMP MASTIGAVEIS,1
BARIVIT LARANJA C/ 60 COMP MAST,1
BARRA CEREAL SENSE WHEYBAR,1
BARRA CRISP LEITE NINO C/CR DE AVELA,1
BARRA PROTEICA WHEY BAR CHOC/AMENDO,1
BARRA PROTEICA WHEY BAR COOKIE/CREAM,1
BARRA WHEY GREGO BEIJINHO 40GR,1
BARRA WHEY GREGO BRIGADEIRO 40GR,1
BARRA WHEY PROTEIN BAR COCO,1
BARRA WHEY PROTEIN BAR MORANGO,1
BARRAS TRIO 20G BRIGADEIRO,1
BASAGLAR 100UI ML 5 CARP 3ML,1
BASAGLAR KW 100UI 5CARP 3ML+SIST,1
BASE FORT NUTRIBOMBA COL EXTRA BRILH 9ML,1
BASE LIQ. BAUNILHA COBER MELU C/36HB-8055-1,1
BASE LIQ. MEDIA COBER AMENDOIM 1 MELU C/1HB-8055-1,1
BASE LIQ. MEDIA COBER AMENDOIM 3 MELU C/1HB-8055-1,1
BASE LIQ. MEDIA COBER BAUNILHA 2 MELU C/36HB-8055-1,1
BASE LIQ. MEDIA COBER BEGE 4 MELU C/1HB-8055-1,1
BASE LIQ. MEDIA COBER BEGE 6 MELU C/1HB-8055-1,1
BASE LIQ. MEDIA COBER MELU C/36HB-8055-1,1
BASE LIQUIDA BITARRA POWER SKIN CAPPUCCINO - 30ML,1
BASE LIQUIDA BITARRA POWER SKIN NATURAL - 30ML,1
BASE LIQUIDA BITARRA POWER SKIN PECAN - 30ML,1
BASE LIQUIDA BITARRA POWER SKIN SAND BEIGE - 30ML,1
BASE MULTIFUNCIONAL BEYANG COLOR SECOND 10N,1
BASE MULTIFUNCIONAL BEYANG COLOR SECOND 40W,1
BASE MULTIFUNCIONAL BEYANG COLOR SECOND 50W,1
BASE MULTIFUNCIONAL FATOR 30 BEYANG,1
BASTAO DE ALUMINIO COLOR UNICO/BRONZE CRAQUELE - LOTE: 10318,1
BASTAO DE ALUMINIO COLOR UNICO/PRETO - LOTE: 103253110,1
BASTAO DE ALUMINIO COLOR UNICO/ROSA - LOTE: 102992110,1
BASTAO DE ALUMINIO UNICO/PRETO - LOTE: 102381110,1
BASTONETES TOPZ BABY PATRUL.CANINA C/50,1
BATATA CHI.MAITA COST.L.20X45G,1
BATERIA ENERGIZER 12V A23 BPZ2 6X2$,1
BATERIA ENERGIZER 3V LITHIUM 2025 BP5,1
BATERIA ENERGIZER 3V LITHIUM 2025 BP5 1X5*,1
BATOM 12 HORAS NUDE 48 UND MAX LOVE,1
BATOM 12 HORAS NUDE 85 UND MAX LOVE,1
BATOM 12 HORAS NUDE 86 UND MAX LOVE,1
BATOM 12 HORAS NUDE 87 UND MAX LOVE,1
BATOM 12 HORAS NUDE 88 UND MAX LOVE,1
BATOM 12 HORAS NUDE 89 UND MAX LOVE,1
BATOM BASTAO SEMIMATTE MARQUEZINE,1
BATOM LIQ BITARRA MATTE NATURAL STYLE 4ML,1
BATOM LIQ MATTE BITARRA CUPID 4ML,1
BATOM LIQ MATTE BITARRA FLASH 4ML,1
BATOM LIQ MATTE BITARRA HONEY KISS 4ML,1
BATOM LIQ MATTE BITARRA LOVE APPLE 4ML,1
BATOM LIQ MATTE BITARRA SAND SHINE 4ML,1
BATOM LIQ. MATTE 12 HORAS N. 105,1
BATOM LIQ. MATTE 12 HORAS N. 72,1
BATOM LIQ. MATTE 12 HORAS N. 78,1
BATOM LIQ. MATTE 12 HS VEGANO N. 54,1
BATOM LIQ. MATTE 12 HS VEGANO N. 65,1
BATOM LIQ. MATTE 24 HS N. 36,1
BATOM LIQ. MATTE 24 HS N. 37,1
BATOM LIQUIDO MAKE MORE IBIZA,1
BATOM LIQUIDO MAKE MORE MYKONOS,1
BATOM LIQUIDO MAKE MORE NOVA YORK,1
BATOM LIQUIDO MAKE MORE TOULOUSE,1
BATOM LIQUIDO MAKE MORE VENEZA,1
BATOM MAGICO COLORIDO,1
BATOM MATTE COR 15,1
BATOM VELVET GLASS HB-548 BG01,1
BATOM VELVET GLASS HB-548 BG06,1
BATOM VELVET GLASS HB-548 BG07,1
BAYCUTEN N CREME 40G,1
BAZELIN (BASELICAO) 10G UNIPHAR,1
BB CREAM BASE CLARA 30ML,1
BB CREAM BASE MEDIA 30ML,1
BB CREAM BASE MORENA 30ML,1
BB CREAM FPS30 ANTIACNE,1
BB CREAM LATIKA FPS 44 CLAREADOR BEGE CLARO N10,1
BB CREAM LATIKA FPS 44 CLAREADOR BEGE ESCURO N25,1
BB CREAM LATIKA FPS 44 CLAREADOR BEGE MEDIO N20,1
BB CREAM LATIKA FPS 44 CLAREADOR CLARO N5,1
BB CREAM LATIKA FPS 44 CLAREADOR ESCURO N30,1
BC CACHOS 1KG,1
BC CACHOS 250GR,1
BC CACHOS 500GR,1
BC CACHOS E CRESPOS 1KG (BIO EXTRATUS),1
BC CACHOS E CRESPOS 250 GR (BIO EXTRATUS ),1
BC CACHOS E CRESPOS 250g (BIO EXTRATUS),1
BC CACHOS E CRESPOS 500g (BIO EXTRATUS),1
BC CAMOMILA 1 KG,1
BC CRESPOS 250GR,1
BC CRESPOS 500GR,1
BC MEL 1KG (BIO EXTRATUS),1
BC MEL 500g (BIO EXTRATUS),1
BC NEUTRO C/ PROT. DO LEITE 1 KG,1
BC POS QUIMICA 1 KG,1
BC POS QUIMICA 250 GR,1
BC UMEC. OLEO DE COCO 500g (BIO EXTRATUS),1
BC UMECTANTE OLEO COCO 250G,1
BC UMECTANTE OLEO DE COCO 1KG (BIO EXTRATUS),1
BCAA 1.000 200MG - 120 CAPS,1
BCAA 1400MG C/60 CAPS,1
BCAA 2400 30TABS CAVEIRA PRETA BLACK SKULL,1
BCAA 2400 MAX TITANIUM 60 CAPS,1
BCAA ZERO 200G GUARANA C/ACAI,1
BEB LAC YOPRO CHOCOLATE 250ML,1
BEB LAC YOPRO COCO/BAT DOCE 250ML,1
BEB LAC YOPRO MORANGO 250ML,1
BEBEX ADE POM 45G (RETINOL+COLEC+OX ZINC,1
BEBIDA DE ARROZ - SABOR BAUNILHA - 200GR UNILIFE,1
BEBIDA DE ARROZ KIDS - SABOR BAUNILHA - 200GR. UNILIFE,1
BEBIDA DE ARROZ KIDS - SABOR BAUNILHA - 500GR.UNILIFE,1
BECAN LF C/14 CAPS GEL DURA,1
BECAN LF SUSP ORAL 14ML,1
BECLONATO INJT 5MG+2MG,1
BECLOSOL 50 MCG MG SUSP 200 DOS,1
BEDOZE 5MG ML SOL C 2AMP 1ML,1
BELAMY GEL VAGINAL 2 5G C/8APL,1
BELARA 21CPR,1
BELARA C/21 COMP REV +7 PLACEBOS-REFERENCIA,1
BELARINA 24 COMP + 4 COMP,1
BELFAREN 50MG 20 COMP,1
BELFAREN GEL 10MG BIS 60G,1
BELMIRAX C/6CPR BELFAR,1
BELPELE 01% GEL 30GR,1
BELPELE 03% GEL 30GR,1
BEMOVE C/30 COMPRIMIDOS,1
BEMOVE+CURCUMA 30CPR REV,1
BENATUX FRAMBOESA 12PASTILHAS,1
BENATUX MENTA 12PASTILHAS,1
BENECTRIN F 10 CPR,1
BENECTRIN SUSP 100ML SULFAMET TRIMETOPRIMA/LEGRAND MARCAS,1
BENEFLORA 5BI 4G C 6 SCH,1
BENEGRIP 20CPR,1
BENEGRIP 500MG C/12 COMP,1
BENEGRIP C/ 12 COMP,1
BENEGRIP C/ 6 COMP,1
BENEGRIP IMUNO COMPLEX C/60CAPS-DEMAIS PROD,1
BENEGRIP IMUNO ENERGY C/10CPR EFERVECENTE,1
BENEGRIP MULTI 240 ML,1
BENEGRIP MULTI DIA C/12 COMP,1
BENEGRIP MULTI FEBRE+DOR SUS15ML,1
BENEGRIP MULTI NOITE C/12 COMP,1
BENEGRIP MULTI XAROPE PEDIATRICO SEM AÇÚCAR 240ML,1
BENERVA 300MG C/30 COMP REV1,1
BENERVA 300MG C/60 COMP REV,1
BENESTARE 625 MG 30 CP S ASPEN,1
BENETOSSE 15MG/ML XAR 100ML,1
BENEVRAN 50MG C20 DRG,1
BENEZIL 150ML MORANGO,1
BENFOTIAMINA 150MG 30CPR BIOLAB,1
BENICAR 20MG 30CPR,1
BENICAR ANLO 20/5MG C/30 CPR,1
BENICAR ANLO 40/10MG 30CPR,1
BENICAR ANLO 40/5MG 30CPR,1
BENICAR HCTZ 40+25MG 30CPR,1
BENICAR ODT 20MG C/30COMP OROD-REFERENCIA,1
BENICAR TRIPLO 40+25+10MG C/30 COMPRIMIDOS,1
BENZIFLEX 10MG COMP C/15,1
BENZIFLEX 125+5MG 15 CPR,1
BENZIFLEX LIS 125+5MG 30REV(LISINA+CICLO,1
BENZOILMETRONIDAZOL 40MG/ML SUSP 120ML GEN EMS,1
BENZOILMETRONIDAZOL+NISTATINA+CLORETO DE BENZALCONIO GEN PRA,1
BEPANTOL BABY 120G,1
BEPANTOL BABY 30G PROMO-DEMAIS PROD,1
BEPANTOL BABY CR 30G BAYER,1
BEPANTOL BABY LENCO UMED.C/48,1
BEPANTOL BABY MAXI 60GR,1
BEPANTOL DERMA CR 20G PRECO PROMO NEG,1
BEPANTOL DERMA CREME BG 20G,1
BEPANTOL DERMA HIDRAT CORP 400ML-DEMAIS PROD,1
BEPANTOL DERMA LC HID CORP 200ML,1
BEPANTOL DERMA LC HID REST 400ML,1
BEPANTOL DERMA LC REST NOIT 50ML,1
BEPANTOL DERMA LC REVIT F25 50ML,1
BEPANTOL DERMA PROT LAB F50 4,1
BEPANTOL DERMA SOLUCAO 50ML,1
BEPANTOL DERMA SOLUÇÃO RESTAURADORA 50ML,1
BEPANTOL DERMA TOQUE SECO CR 30G-OUTROS,1
BEPANTOL LENCOS UMED BIO 48UN,1
BEPANTRIZ DERMA 50ML SOLUÇÃO SPRAY,1
BEPANTRIZ DERMA CREM BG 20G,1
BEPANTRIZ DERMA SOL FR C 50 ML - LOTE: 1608276 PMC: 0.00 LIS,1
BEPANTRIZ SOL SPR FR 50 ML,1
BEPANTRIZ TATTOO CREM BG 20G,1
BERBERINA 250MG 60 CÁPSULAS,1
BERBERINA HCL 1500MG C/60 CAPS GEL,1
BERCO EXPOSITOR LATIKA BALCAO LIP GLOSS 8 FRENTES COM ESTOQU,1
BERMUDA TERMICA PRETA EXTRA-GRANDE/UNICO - LOTE: 0477690004,1
BERMUDA TERMICA PRETA GRANDE/UNICO - LOTE: 0477690003,1
BERMUDA TERMICA PRETA MEDIO/UNICO - LOTE: 0477690002,1
BEROTEC AEROSOL 100MCG 10ML,1
BESEROL 12CPR,1
BESEROL C/30COMP,1
BESILATO ANLODIPINO 5MG C/30 COMP TEUTO,1
BESILATO DE ANLODIPINO 5 MG C/30 CP NEO QUIMICA,1
BESILATO DE LEVANLODIPINO 5MG C/30 COMPRIMIDO NEO QUIMICA,1
BETA CAROTENO 6.000UI 60CAP,1
BETADINE 24MG C/60 COMP-SIMILAR,1
BETADINE XR 48 MG 30 CP R,1
BETAISTINA 16MG 30 CPS PRATI ( ND ),1
BETAISTINA 16MG CX 30 COMP EUROFARMA,1
BETAISTINA 24MG 60 CPS /PRATI( ND ),1
BETAISTINA 24MG BIOSSINTETICA,1
BETAISTINA 24MG CX 30 COMP EUROFARMA,1
BETALOR 5 50MG C 30 COMP,1
BETAMETASONA PHARLAB GEN CRM 1MG/G BG 30G,1
BETAMETASONA+AC SALIC SOL 30ML GERMED,1
BETAMETASONA+AC SALICIL POM 30G / GEN ACIDO ACETILSALICILICO,1
BETAPROPAN INJ 1AMP 1ML,1
BETAPROSPAN INJ 1 AMPOLA,1
BETASERC 24MG C/30 COMPRIMIDOS,1
BETATRINTA INJETAVEL,1
BETNOVATE CREME 30G,1
BETNOVATE POM 30G,1
BETOGENTA CR 30G GEO(BETAM+GENTAMICINA),1
BETOGENTA POMADA 30GR - BETA + GENTAMICINA,1
BETRAT 100+100MG+5000MCG C/90CPR,1
BETRAT 5000MCG C 60 COMP REV,1
BETRICORT CREM 30GR - CETO + BETA + NEOM,1
BETRICORT PMD 30GR - CETO + BETA + NEOM,1
BEXAI 35MG C 10 CAPS,1
BEXAI 35MG C/20 CAPS-OUTROS,1
BEYOUNG GLOW PRIMER BONZE 30ML DS006/BEY,1
BEYOUNG GLOW PRIMER GOLD 30ML DS007/BEY,1
BEZAFIBRATO 200MG C 20 COMP EMS,1
BFEMME LAPIS C APONTADOR ONCA . UN-0001-UN,1
BHENA 10MG C/30 COMP REV,1
BI PROFENID 150MG 10CPR,1
BICARBON DE SODIO UNIPHAR 100G,1
BICARBONATO DE SODIO 100GR POTE UNIPHAR,1
BICARBONATO DE SODIO POTE 100GR FARMAX,1
BICARBONATO SODIO POTE 100G/ADV,1
BICERTO 150MG 10 COMP LIB PROL,1
BICO 3 FLUXO RAPIDO MAM,1
BICO DE SILICONE BIG RED C/1 UNID NEOPAN,1
BICO DE SILICONE RED C/1 UNID NEOPAN,1
BICO MAM SIL COLOR BIG R F - LOLLY BABY,1
BICO MAMADE. SILICO PLUS C/2 REDONDO,1
BICO SILICONE ORTOD. N.1 CARTELA C/2,1
BICO SILICONE ORTOD. N.2 CARTELA C/2,1
BICO SILICONE ORTOD. SUPER -G- N.2 C/1,1
BICO SILICONE ORTOD. SUPER -M- N.2 C/1,1
BICO X FLUXO SUPER RAPIDO MAM,1
BIENN 8MG C 10 COMP ORODISP,1
BIFILAC C 30 COMPRIMIDO,1
BIFILAC GEFLORA 5BI CART 14 STICK PO A HYPERA PP .,1
BIFILAC GEFLORA C/7 CAPS,1
BIFILAC LIPID 30 CAPS,1
BIFILAC MIND 30CAPS,1
BIFILAC SII 30 CAPS A HYPERA,1
BIGFRAL DERMA PLUS M 8X8,1
BIGFRAL DERMA PLUS XG 08X7,1
BILASTINA 20 MG 15 CP G EUROFARMA .,1
BILASTINA 20 MG 30 CP G EUROFARMA .,1
BILASTINA 20MG 30 CPR EMS,1
BILASTINA 20MG C 15 COMP EMS,1
BILASTINA 20MG C/30 CPR NEO QUIMICA,1
BILIPLEX ABACAXI 10ML DISP C/48FLAC/ECO,1
BIMAGAN COLIRIO 3ML,1
BINOSPAN COMPOSTO 20DRG (ESCOPOLAMI+DIPI,1
BIO 5 4G C/30 SACHE,1
BIO C 1 G COM EFERV TB X 30,1
BIO C 1G COM EFERV TB X 10,1
BIO C 1GR VITAMINA C EFERVENSTENTE COM 30 CPR UNIAO QUIMICA,1
BIO C 200 MG/ML SOL GOT,1
BIO C 500MG C/30 CAPS MOLE UNIAO QUIMICA,1
BIO C CITRUS COM EFERV C/10,1
BIO C KIDS C/10 COMPR EFERV,1
BIO C KIDS EFERV C/10,1
BIO C XR 1000MG x 30 COM,1
BIO C ZINCO 1G+10MG 30 CPR EFERV,1
BIO GG 10BI C 30 CAPS,1
BIO LENT 350+120+ESTOJO,1
BIO NTS 400ML S ACUCAR 400ML,1
BIO SOAK 360ML+120ML+ESTOJO,1
BIO-C TRIPLA ACAO CP EFEV X 30,1
BIO-C TRIPLA ACAO CP EFEV X10 (AL),1
BIO-VAGIN CR 40G C/ 10 APLICADORES,1
BIOARGI 1G+1G (CX C16 COM EFER),1
BIOARGI C 500MG CPR REV30,1
BIOFENAC AEROSOL 60G,1
BIOFENAC GEL 60G,1
BIOFLEXIS 40MG 30 CAP DURA (AL),1
BIOFLEXIS 40MG 60 CAP DURA (AL),1
BIOFORTONICO 500ML,1
BIOFORTONICO 500ML B5,1
BIOGRIPE C/05 CAPSULA,1
BIOGRIPE C/10,1
BIOGRIPE C/20,1
BIOHEPATON SOL FR C/ 150 ML,1
BIOIMMUNE 2.000UI C/30CP BIONATUS,1
BIOMAG 10MG C/60 CAPS,1
BIOMAG 15MG 60CPS,1
BIOMAG 15MG C/30 CPR,1
BION 3 30CP,1
BION 3 60CP,1
BIONDINA ANACONDA PLUS PUMP BICO 140ML,1
BIOPANTOVIT FLAC 10ML BOLDO (COLINA),1
BIOPANTOVIT S/BOLDO 10ML,1
BIOTONICO FONTOURA BAUNILHA 300G,1
BIOTONICO FONTOURA CHOCOLAT 300G,1
BIOTONICO FONTOURA MORANGO 400ML,1
BIOTONICO FONTOURA UVA 400ML,1
BIOTONICO LIQ 400ML,1
BIOTTA 25BI 10CAPS DURA,1
BIOTTA 25BI 30CAPS DURA,1
BIOTTANO TUTANO 500 ML,1
BIOVICERIN C 2FLAC 5ML,1
BIOVITA ZINCO 1G 10CPR EFERV(VIT C+ZINCO,1
BIOZINC GOTAS 10MG/ML 15ML,1
BIOZINC KIDS 2MG SOL 75ML,1
BIQUIZ 10MG C/30 COMP C1-SIMILAR,1
BISALAX 5MG 20DRG,1
BISC FERRERO HANUTA 22GR T1 DP/0012/UN,1
BISMU JET 20ML,1
BISOLVON 2MG/ML SOL EXPEC 40ML R SANOFI .,1
BISOLVON XPE EXP AD 120ML,1
BISOLVON XPE EXP PED 120ML,1
BISOPROLOL 10MG 30CPR EMS,1
BISOPROLOL 10MG C/30 COMP MERCK,1
BISOPROLOL 5MG 30 CPR TORRENT,1
BISOPROLOL 5MG 30CPR EMS,1
BISOPROLOL 5MG C 30 CP REV MERCK,1
BISOPROLOL 5MG C/30 COMP GERMED,1
BISSULFATO DE CLOPIDOGREL 75MG 30CPR BIOLAB,1
BISURAN XPE ADL C/120ML,1
BIVOLET 5MG 90CP S BIOLAB RX,1
BLANCY CIS BG 30G,1
BLANCY NOTURNO LOC 20GR OR,1
BLANCY OLHOS 15ML,1
BLANCY TX 30G,1
BLANCY TX SAB. CLAREADOR 120ML-DEMAIS PROD,1
BLEPHAGEL GEL 40G,1
BLOCO POLIDOR 4 FACES MK5180,1
BLOCO POLIDOR 4 FACES P MK5197,1
BLOCO POLIDOR COLORIDO MK5166,1
BLOCO POLIDOR MK5173,1
BLOQ ANASOL F50 60G FACI,1
BLOSKIN FPS 70 MULTI PROTECAO,1
BLUGRIP PELARGONIUM SOL GTS 20ML,1
BLUMEL HEDERA 15MG ML XPE C100ML,1
BLUMEL IMUNE KIDS FR 30 GOMAS-DEMAIS PROD,1
BLUMEL IMUNE SOL ORAL 60ML-DEMAIS PROD,1
BLUMENAL REFLETOR LED 50W,1
BLUSH COMPACTO STAY FIX C/24 HB-571,1
BLUSH COMPACTO STAY FIX COR ANDROMEDA HB-571,1
BLUSH COMPACTO STAY FIX COR CARINA HB-571,1
BLUSH COMPACTO STAY FIX COR LYRA HB-571,1
BLUSH COMPACTO STAY FIX COR PEGASUS HB-571,1
BLUSH COMPACTO VULT COR 11,1
BLUSH LIQ. GAME ON C/24 HB-570,1
BLUVITE VISAO CAP MOLE X 30 (AL),1
BODY SPLASH AURA BEAUTY AFRODITE GARDEN 200ML,1
BODY SPLASH GIOVANNA BABY 260ML,1
BODY SPLASH GIOVANNA BABY BLUE 1X260ML,1
BODY SPLASH GIOVANNA BABY BLUEBERR 260ML,1
BODY SPLASH GIOVANNA BABY CHERRY 260ML,1
BODY SPLASH GIOVANNA BABY CLASSIC 1X260ML,1
BODY SPLASH GIOVANNA BABY GOLD 1X260ML,1
BODY SPLASH GIOVANNA BABY ROSE 1X260ML,1
BODY SPLASH GIOVANNA BABY SILVER 1X260ML,1
BODY SPLASH LABOTRAT CEREJA 190ML,1
BODY SPLASH VICTORIAS´S SECRET AGUA KISS 250ML,1
BODY SPLASH VICTORIAS´S SECRET BARE VANILLA CASHMERE 250ML,1
BODY SPLASH VICTORIAS´S SECRET BARE VANILLA SHIMMER 250ML,1
BODY SPLASH VICTORIAS´S SECRET COCONUT MILK & ROSE 250ML,1
BODY SPLASH VICTORIAS´S SECRET LOVE SPELL 250ML,1
BODY SPLASH VICTORIAS´S SECRET LOVE SPELL LUXE SHIMMER 250ML,1
BODY SPLASH VICTORIAS´S SECRET LOVE SPELL SHIMMER 250ML,1
BODY SPLASH VICTORIAS´S SECRET PURA SEDUCTION SHIMMER 250ML,1
BODY SPLASH VICTORIAS´S SECRET PURE SEDUCTION 250ML,1
BODY SPLASH VICTORIAS´S SECRET PURE SEDUCTION LUXE 250ML,1
BODY SPLASH VICTORIAS´S SECRET STRAWBERRIES&CHAMOAGNE 250ML,1
BODY SPLASH VICTORIAS´S SECRET VELVET PATALS SHIMMER 250ML,1
BODY SPLASH YASMIN BEAUTY GOXXTOSA 200ML,1
BOLDINE 100MG 30CPS,1
BOLDO CAIXA C/60,1
BOLDOBEBA LIQUIDO 10ML,1
BOLSA AGUA QUENTE 2L BIOLAND,1
BOLSA GEL 1000 ML,1
BOLSA GEL 300 ML,1
BOLSA TERMICA GEL TAM. MEDIO 400G CREMER,1
BOLSA TERMICA TERMOGEL GRANDE QUENTE E GELADA,1
BOLSA TERMICA TERMOGEL P QUENTE E GELADA,1
BOMBA MANUAL EXTRATORA DE LEITE 150ML PIMPOLH,1
BOMBA TIRA LEITE MATERNO ELETRICA COMPACT,1
BOMBA TIRA-LEITE AUTOMATICA SMART G-TECH 1X1,1
BOMBINHA TIRA LEITE ROSA,1
BOMBOM GAROTO SERENATA DE AMOR 825G +- 47 UNIDADES REF 6237,1
BOMBOM HERSHEYS AMENDOIM X85GRS,1
BOMBOM TALENTO 85GRS LEITE CASTANHA DO PARA 12X1 REF= 2203,1
BOMBOM TALENTO 85GRS MEIO AMARGO 12X1,1
BONAGRAN 70MG 4CPR (AC ALEND+ALENDRONATO,1
BONECA DREAM DOLL CANDIDE,1
BOPE 300GR FRUTAS AMARELAS BLACK SKULL,1
BOPE 300GR LIMAO BLACK SKULL,1
BOSTON SIMPLUS SOL 120ML,1
BOZZANO CREME MODELADOR 140 G,1
BRACADEIRA ADULTO PARA AP. DE PRESSAO DIG. DE BRACO LA250,1
BRAL SCRUNCHIE CETIM C1 XUXA 0749 UN-0001-UN,1
BRAMICAR 40MG C/30 COMPRIMIDOS,1
BRAMICAR 40MG C/60 COMP-SIMILAR,1
BRAMICAR 80 MG C/ 30 COMP-SIMILAR,1
BRAMICAR 80MG C/60 COMP-SIMILAR,1
BRAMICAR HCT 80+25MG CX 30 COMP,1
BRASART 160MG C/30,1
BRASART BCC 160+5MG 30 CPR,1
BRASART BCC 160/5MG C/60 COMP(PBM),1
BRASART BCC 320+10MG CPR REV C/30,1
BRASART BCC 320+5MG 30 CPR,1
BRASART BCC 320+5MG CPR REV 1X60-SIMILAR,1
BRASART HCT 160/25MG 30CPR,1
BRASART HCT 320/25MG C/30 COMP,1
BRAVAN 320MG 30CPR,1
BRAVAN DUO 160+5MG C/30CPR,1
BRAVAN DUO 160MG + 10MG C/30 COMPRIMIDOS REV,1
BRAVAN DUO 320+5MG C/30CPR,1
BRAVAN HCT 160+25MG 30CPR,1
BREMER BABY SAB. DE GLICERINA E CAMOMILA 250ML,1
BREMER BABY SAB. DE GLICERINA E CAMOMILA 500 ML,1
BRILH LAB SORVETINHO MARIA PINK 1X1,1
BRILH LABIAL FRUT ROLL-ON CX C36 UN-0001-UN,1
BRILHO LAB VIVAI CHEIR MOR 13G,1
BRILHO LABIAL CHEIRINHO DE MORANGO,1
BRILHO LABIAL GLIMMER - BITARRA 4ML,1
BRILHO LABIAL GOLD DIVINE - BITARRA 4ML,1
BRILHO LABIAL RED STAR - BITARRA 4ML,1
BRILHO LABIAL ROLLON FRUTAS,1
BRILINTA 90MG C/60COMP,1
BRIMONIDINA 2MG SOL OFT 5ML,1
BRIMONIDINA 2MG/ML OFTAL 5ML GEOLAB,1
BRINCO E PERFURAÇÃO AURICULAR,1
BRINDE BOLSA SALON LINE MEDIAS DIVERSAS 1X1,1
BRINDE MINI MALETA MARCO BONI FASHION CORES 1X1,1
BRINTELLIX 10MG C/30 COMP,1
BRINTELLIX 10MG COM 60 COMP C1,1
BRINTELLIX 15 MG C/ 60 CPR,1
BRINTELLIX 20MG C 30COMP REV,1
BRINTELLIX 5 MG C/ 30 CPR,1
BRITENS 10ML COL,1
BRITENS 5ML COL,1
BRIXAG 2MG+5MG C 5ML SOL OFT,1
BRO BLOCSKIN FPS30 CORPORAL 120G,1
BRO BLOCSKIN FPS40 HIDRATE P. SEC RESSEC FACIAL 80G,1
BRO PINAVERIO 100MG C 60COMP EMS,1
BRO RED APPLE FPS 6 CENOURA 125ML,1
BRO RED APPLE FPS 60 PELE SENSIVE 100ML G1,1
BRO SOLAR RED APPLE FPS50 FACIAL 65G,1
BRO SUNDOWN FPS 50 350ML,1
BROCA ACO RAPIDO 12 MM,1
BROCA CONCRETO SDSPLUS 08X210MM MTX,1
BROCA WIDEA CONCRETO 6,1
BROMAZEPAM 3MG C/ 30 CPR GEN GERMED,1
BROMAZEPAM 3MG C/ 30CPR GEN NEO QUIMICA,1
BROMAZEPAM 3MG C/30 CPR GEN BIOSINTETICO,1
BROMAZEPAM 3MG C/30 CPR GEN UNIAO QUIMICA,1
BROMAZEPAM 6MG 30 CP NEO QUIMICA,1
BROMAZEPAM 6MG C/ 30 CPR GEN UNIAO QUIMICA,1
BROMAZEPAM 6MG C/ 30CPR GEN GERMED,1
BROMAZEPAM 6MG C/30CPR GEN BIOSINTETICO,1
BROMELIN S SUSP ORAL 100ML,1
BROMELIN SPRAY 50ML,1
BROMELIN Z 100ML,1
BROMETO DE IPRATROPIO GTS 20ML (UNIÃO QUIM),1
BROMETO DE IPRATROPIO GTS 20ML GERMED,1
BROMETO DE IPRATROPIO GTS 20ML PRATI,1
BROMETO DE IPRATROPIO GTS 20MLTEUTO,1
BROMEXINA XAR PED 120LML GLOBO,1
BROMEXINA XPE AD 120ML MEDLEY,1
BROMEXINA XPE PED 120ML MEDLEY,1
BROMIDRATO DE CITALOPRAM 20 MG C/ 30CPR GEN GERMED,1
BROMIDRATO DE CITALOPRAM 20MG 30CPR GEN TEUTO,1
BROMIDRATO DE CITALOPRAM 20MG C/ 28 CPR GEN BIOLAB,1
BROMIDRATO DE CITALOPRAM 20MG C/ 30CPR GEN NOVA QUIMICA,1
BROMOPRIDA 10MG 20 CPS / GEN BROMOPRIDA,1
BROMOPRIDA 10MG 20COMP,1
BROMOPRIDA 10MG C 20 CAPS MED,1
BROMOPRIDA 4MG/ML SOL OR FR 20ML,1
BROMOPRIDA GTS 20ML PRATI,1
BRONC MEL XPE 150ML,1
BRONCATAR BROMEXINA 8MG5ML FR 120 ML,1
BRONCHO VAXOM 3.5MG CPS PED 1X10-OUTROS,1
BRONCHO VAXOM AD 7MG C/10 CAPS,1
BRONCOLEX 120ML PEDIATRICO - ACEBROFILIN,1
BRONCOMUCOL 10 MG/ML X 120 ML + COP,1
BRONDELIX 7MG/ML XPE 100ML(HEDERA HELIX),1
BRONDILAT AD 120ML,1
BRONDILAT PED 120ML,1
BRONFENIRAMINA + FENILEFRINA GTS C/20 ML NEO QUIMICA,1
BRONFENIRAMINA + FENILEFRINA XPE C/120ML NEO QUIMICA,1
BRONQTRAT INFANTIL 100ML (AMBROXOL),1
BRONTEK INF 120ML ACEBROFILINA GEOLAB,1
BRONTEK XPE AD 120ML (ACEBROFILINA),1
BRONXOL XPE AD 120ML B5,1
BRONXOL XPE INF 120ML,1
BRONZEADOR ANASOL OLEO FPS6 125ML,1
BRONZEADOR C&B SPRAY FP6 110ML,1
BRONZETON PARAFINA BRONZEADORA - 180G,1
BRUMA FACIAL FIXADORA PERFECT GLOWHB-334,1
BRUMA FACIAL FIXADORA SOFT MATTE HB-335,1
BRUMA FIXANTE MAKE MORE 120ML,1
BRUMA LUZ MAKE MORE 120ML,1
BS BCAA 2400 30 TABLETES,1
BS BOPE 150GR FRUTAS AMARELAS,1
BS BOPE 150GR LIMAO,1
BS GLUTAMINE TURBO 300G,1
BS GLUTAMINE TURBO REFIL 500G,1
BS WHEY BAR BROWNIE DE CHOCOLATE 45G,1
BS WHEY BAR GANACHE DE CHOCOLATE BRANCO 45G,1
BS WHEY BAR TORTA MOUSSE DE MORANGO 45G,1
BSK COQUETELEIRA PRETA 600ML,1
BUBA SACO PARA ARMAZENAMENTO DE LEITE MATERNO 25 UNID,1
BUCHA FIXACAO 08 MM P/TIJOLAO,1
BUCHA NATURAL,1
BUCHA PLASTICA 8 C ANEL CINZA P TIJOLO,1
BUCHA PLASTICA CINZA 10,1
BUCHA PLASTICA FIXA PAREDE 06,1
BUCHA VEGETAL NOVO VISUAL NATURAL 1X1,1
BUCLINA 25MG 30 CPR,1
BUDESONIDA EMS GEN 32MCG 120 DOSES,1
BUP 150MG C/ 30 CPR,1
BUP 150MG C/ 60 CPR,1
BUP 300MG C/ 30 CPR,1
BUP XL 150MG 30CP,1
BUP XL 150MG C/60 COMPRIMIDOS,1
BUP XL 300MG C/ 30 CPR DESMARCADOS,1
BUPIUM 150MG C/60 COMP,1
BUPIUM XL 150MG C/ 30 CPR,1
BUPIUM XL 150MG C/ 60 CPR,1
BUPIUM XL 300MG C/ 30 CPR (PORTAL DROGARIA),1
BUPIUM XL 300MG C/ 60 CPR,1
BUPROPIONA 150 MG C/ 60CP NOVA QUIMICA,1
BUPROVIL 100MG SUSP FR 20ML(IBUPROFENO),1
BUPROVIL 100MG/ML 20 ML,1
BUPROVIL 600MG 30CPR (IBUPROFENO),1
BUPROVIL 600MG C/20COMP/MTB,1
BUSCODUO C/20 CPR,1
BUSCOFEM 400MG C/20 CAPS-OUTROS,1
BUSCOFEM GOTAS 200MG ML C 20ML,1
BUSCOFEM HOT 1 ADESIVOS,1
BUSCOFEM HOT C/1 ADESIVO,1
BUSCOFEM HOT DSP 3X2 ADESIVOS,1
BUSCOPAN C/20 DRG,1
BUSCOPAN COMPOSTO C/04CPR,1
BUSCOPAN COMPOSTO C/20 CPR,1
BUSCOPAN PED 10MG ML S ORAL 20ML,1
BUSCOVERAN COMPOSTO SOL ORAL X 10ML,1
BUSONID 100 MCG NASAL 120DOSES,1
BUSONID 32MCG NASAL 120DOSES,1
BUSONID 400MCG C/60 CAPS REFIL,1
BUSONID 50MCG NASAL 120DOSES,1
BUSONID 64MCG NASAL 120DOSES (PORTAL DROGARIA),1
BUSONID INALADOR 400 MCG 60 CAPS R ACHE,1
BUTACID 200MG 10 CPR,1
BUTACID 200MG C/20CPR,1
BYE BYE FEVER BEBES C 2UN,1
BYE BYE FEVER CRIANCA C 2UN,1
"Bio-C c/ 30 caps Vitamina C, auxiliar do sistema imune",1
Bolsa de agua quente 2 litros,1
C-KADERM GEL 20GR,1
CABELOS UNHAS E PELES 500MG C/60,1
CAFE MARATA 250GR A VACUO CX/0020/UN,1
CAFE MARATA 500GR A VACUO CX/0010/UN,1
CAFE PILAO 250GR A VACUO CX/0020/UN,1
CAFE PILAO 500GR A VACUO CX/0020/UN,1
CAFEINA 200MG C/60 CAPS,1
CAFEINA V15 ENERGY 210MG C/36X2CPS,1
CAFEINA+OLEO DE CARTAMO 200MG C/60,1
CAFFEINE SERVER 60 CAPSULAS BIOCEUTICA,1
CAFFEINEX 200MG C/60 CAPS,1
CAFIASPIRINA C/04 COMP,1
CAFILISADOR 16CPR,1
CAIAPO AGUA MINERAL COM GAS GARRAFA 500ML,1
CAIXA MASCARA TRIPLA DESCARTAVEL BRANCA C/50,1
CAIXA PASSAGEM SPLIT CPP 005 POLAR,1
CAIXA PVC EMBUTIR 4X4 PTO,1
CAIXINHA FERRO EMBUTIR 4X2,1
CALADRYL CREME POS SOL 28GR,1
CALAMED 80 MG + 1 MG LOC FR 100ML,1
CALAMED ALOE VERA GEL FR 120G,1
CALCA PLENITUD PROTECT PLUS C/ 32UN,1
CALCI CAPS 600+D+K+MINERAIS 30CAPS GEL,1
CALCI CAPS 600+D+K+MINERAIS 60CAPS GEL,1
CALCIO + VITAMINA D3 C/60 CAPS,1
CALCIODEX 625MG 180CPR,1
CALCIODEX MDK 1250MG 60CPS,1
CALCIODEX TABLETES 1X60,1
CALCITOTAL CPR 1X60-DEMAIS PROD,1
CALCITRAN MDK 30 CP MAST A DIVCO,1
CALCITRAN MDK CPR 30,1
CALCITRAN MDK CPR 60,1
CALCITRAN TRIFLEX C/30 COMP,1
CALCULADORA DE MESA CIS214 12 DIGITOS*,1
CALDE K2 C/30 COMP,1
CALDE KM C/30 COMP REV,1
CALDE MAX 2.000UI C 30 COMP,1
CALDE MAX 60 2.000UI C 60 COMP,1
CALDE MDK 1000UI 30CPR REV,1
CALDE MDK 2000UI 30CPR REV,1
CALDE MDK 2000UI C/60 COMP,1
CALMAN 20DRG,1
CALMAN LIQ 100ML,1
CALMASYN 300MG X 20 COM REV,1
CALMASYN 900MG X 20 COM REV,1
CALMINEX DICLO GEL 60G,1
CALMINEX ICE AEROSOL 170G,1
CALMINEX ICE AEROSOL 60G,1
CALOTRAT 5ML ACIDO SALIC ACID LATICO,1
CALTREN 10MG 30CPR,1
CALVIN KLEIN EUPHORIA FEM EAU DE PARFUM 100ML,1
CAMILIA C/ 10 UNI,1
CAMILIA C/ 30 UNI,1
CAMISA FEMININA M.C,1
CAMISA MALHA ML,1
CAMISA SOCIAL MASC MC,1
CAMISETA PROMOCIONAL G JBP - T,1
CAMISETA PROMOCIONAL M JBP,1
CAMOMILINA C 20CPS,1
CAMOMINE BABY 20 CAPS,1
CANABID PROM 200MG ML 30ML,1
CANABIDIOL 100MG/ML 10ML,1
CANABIDIOL 20MG/ML SOL VD 30ML+SER PRATI-DONADUZZI,1
CANABIDIOL 50MG/ML SOL 30ML B1C1-OUTROS,1
CANABIDIOL NUNATURE 1718MG/ML 30ML,1
CANDERM 400MG C/ 20 CPR,1
CANDESARTANA 16MG 30CP EMS,1
CANDESARTANA 16MG 30CPR SANDOZ,1
CANDESARTANA 8MG 30CPR SANDOZ,1
CANDESARTANA CILEX 8MG C60 SANDOZ,1
CANDICORT CR 30G,1
CANDICORT POM 30GR,1
CANDITRAT 100.000UI/ML SUSP 50ML SUSP OR FR VD CP MEDIDA,1
CANECA 6152 FUN 300 ML MENINA,1
CANECA BICOLOR 270ML AZUL,1
CANECA BICOLOR 270ML ROSA,1
CANECA DECORADA 320ML ROSA,1
CANECA DECORADA C/ALCA 320ML AZUL,1
CANECA EDUCATIVA C ALCA CEFISA 811 UN-0001-UN,1
CANECA FUN 300 MENINO,1
CANECA TREINAM DECORADA 200ML MENINA,1
CANECA TREINAM DECORADA 200ML MENINO,1
CANECA TREINAMENTO DEC. FUN 200ML AZUL KUKA,1
CANECA TREINAMENTO DEC. FUN 200ML ROSA KUKA,1
CANELA DE VELHO POMADA 150G,1
CANESTEN 1% SPRAY 10MG 30ML,1
CANESTEN 10MG/G CREME 20GR,1
CANETA,1
CANETA BIC CRISTAL TRADICIONAL COR SORTIDA 4X1 -SM-,1
CANETA COMPACTOR 0.7MM AZUL 50X1$,1
CANETA DELINEADORA BELLAFEMME,1
CANETA DELINEADORA C/1 MELU HB-094,1
CANETA DELINEADORA P/ OLHOS CS-2299,1
CANETA LANCETADORA CONFORT G-TECH,1
CANFORA CATARINENSE,1
CANNABIS SATIVA 16032MG/ML,1
CAP ESGOTO 100MM,1
CAP SOLEI UV-PUR40G + NMD GEL40G,1
CAPA PROTET. P/ ESCOVA DENTAL,1
CAPHAIR WOMEN RENOFORCE 500MG C/60 CAPS,1
CAPHAIR WOMEN RENOFORCE C/30CAPS,1
CAPITAL SOL AG DAILY F60 40ML,1
CAPITAL SOL DAILY F60 COR 40G,1
CAPITAL SOL PUR 3EM1 F70 40G,1
CAPITAL SOL PURI CLAR F70 40G,1
CAPITAL SOL PURIF MED F70 40G,1
CAPITAL SOLEI UV PIG COR 1.0 40G,1
CAPITAL SOLEI UV-PIG COR 2.0 40G,1
CAPITAL SOLEI UV-PIG COR 3.0 40G,1
CAPITAL SOLEI UV-PIG COR 4.0 40G,1
CAPITAL SOLEIL F50 COR 2.0 30G,1
CAPITAL SOLEIL F50 COR 4.0 30G,1
CAPITAL SOLEIL F50 COR 5.0 30G,1
CAPITAL SOLEIL GLOW F60 MDCL 40G,1
CAPITAL SOLEIL HYD MATT F50 30ML-DEMAIS PROD,1
CAPITAL SOLEIL UV-CLEA 2.0 FPS60,1
CAPITAL SOLEIL UV-CLEA 4.0 FPS60,1
CAPITRAT CAPS GEL C/60,1
CAPITRAT SHAMPOO ENERGIZANTE 150ML,1
CAPSFEN 600MG X 10 CAP MOLE,1
CAPTOPRIL 50MG C 30 COMP GMD,1
CAPTOPRIL GEN 25MG 30CPR/BELFAR,1
CAPY 50MG ML SOL CAPILAR FR 50ML,1
CARB LITIO 300MG 60CP C1 EUR-GENERICO,1
CARB UP GEL ACAIGUARANA C10 300G,1
CARBAMAZEPINA 20 MG / ML SUSP 100ML GEN UNIAO QUIMICA,1
CARBAMAZEPINA 200MG C/ 20 CPR GEN GERMED,1
CARBAMAZEPINA 200MG C/ 30 CPR GEN UNIAO QUIMICA,1
CARBAMAZEPINA 200MG C/ 30 GEN TEUTO,1
CARBAMAZEPINA 400MG C/ 20 CPR GEN GERMED,1
CARBAMAZEPINA 400MG C/ 20CPR GEN EMS,1
CARBAMAZEPINA 400MG C/30 CPR GEN TEUTO,1
CARBIDOL 25 E 250MG COMP C/30 PVDC,1
CARBOCISTEINA 50MG/ML XPE PL 100ML,1
CARBOCISTEINA XPE AD 100ML EMS,1
CARBOCISTEINA XPE INF 100ML,1
CARBOCISTEINA XPE PED 100ML BIO,1
CARBOLITIUM 300MG C 90 CPR,1
CARBOLITIUM 300MG C/ 50CPR,1
CARBOLITIUM 300MG C/60 CPR,1
CARBOLITIUM CR 450MG 60CPR,1
CARBOLITIUM CR 450MG 90CPR,1
CARBOLITIUM CR 450MG C/ 30CPR,1
CARBONATO DE LITIO 300MG 90CPR (C1)(G),1
CARBONATO DE LITIO 300MG C/ 50 CPR GEN BIOLAB,1
CARDBET 25MG CX 30 COMP,1
CARDIZEM 30MG 50CPR,1
CARDIZEM 60MG 50CPR,1
CARDIZEM SR 90MG C/20 CAPS,1
CARDOMARIN 127MG 20CPR (SILYBUM MARIANUM,1
CARDOMARIN 254MG 20CPR (SILIMARINA,1
CARGA DE QUERATINA HASKELL 100 ML,1
CARGA DE QUERATINA HASKELL 120 ML|,1
CARGA GILL FUSION 5 2UN,1
CARGA GILL MACH3 2UN,1
CARGA GILL MACH3 4UN,1
CARGA MACH 3 CARBONO 2X1,1
CARGA MACH 3 CORPO 2X1,1
CARGA MACH 3 REGULAR L4P3 PROM 1X1,1
CARGA MACH 3 SENSITIVE C2 CARTUCHOS,1
CARGA MACH3 CARTELA 2,1
CARGA MACH3 CARTELA 4X2,1
CARGA MACH3 REGULAR CARTELA 2,1
CARGA MACH3 SENSITIVE C/4,1
CARGA VENUS SPA C/2 2X1,1
CARLIT 300MG C/ 50 CPR,1
CARLIT XR 450MG C/30 CPR,1
CARMED 10G MINHOCAS,1
CARMED ACIDO HIALURONICO GEL BG 10G,1
CARMED AGUA DE COCO,1
CARMED AMORA CLARO 12G,1
CARMED AMORA ESCURO 12G,1
"CARMED ANA CASTELA 10g brigadeiro, doce de leite, leite condensado",1
CARMED BEIJINHO BFF 10G CIMED,1
CARMED BEIJOS 250ML,1
CARMED ENXAG BUC FR 250ML FINI MINHOCAS,1
CARMED ENXAG BUC FR 250ML SBR BEIJOS,1
CARMED ENXAG BUC FR 250ML SBR DENTADURA,1
CARMED ENXAGUANTE BUCAL SABORES 250ML CIMED,1
CARMED FINI BG 10G POM BANANA,1
CARMED FINI BG 10G POM BEIJOS C COR,1
CARMED FINI BG 10G POM DENTADURA,1
CARMED GEL DENTAL BEIJOS 70GR,1
CARMED GEL DENTAL C/FLU BG70G FINI MINHOCAS,1
CARMED GEL DENTAL C/FLUOR BG70G,1
CARMED GEL DENTAL C/FLUOR BG70G SBR BEIJ,1
CARMED GEL DENTAL C/FLUOR BG70G SBR DENT,1
CARMED HID LAB BG 10G ACAI,1
CARMED HID LAB BG 10G BARBIE CRYSTAL,1
CARMED HID LAB BG 10G BARBIE PINK,1
CARMED HID LAB BG 10G BARBIE ROSE GOLD,1
CARMED HID LAB BG 10G BRIGADEIRO,1
CARMED HID LAB BG 10G CHOCOTTONE,1
CARMED HID LAB BG 10G DOCE LEITE,1
CARMED HID LAB BG 10G LEITE,1
CARMED HIDRA LAB ROSA GLITTER BG 10G,1
CARMED KIDS HID LAB BG 10G TORTA MACA,1
CARMED LABIAL 10G POM SBR CEREJA,1
CARMED LABIAL POM BG 10G,1
CARMED POM BG 10G MACA DO AMOR,1
CARMED PROT LAB FPS 30 BG 10G BEIJINHO,1
CARMED PROTETOR LABIAL FPS 30 BG 10G,1
CARNIBOL 907G CHOCOLATE INTEGRALMEDICA,1
"CARREG P/CELULAR USB-C C/2ENTR USB ECOODA (ENTRADAS TIPO C, MICRO USB E IOS)",1
CARTIFOR MSM + CONDROITINA C/60 CAPSULAS,1
CARTIGEN C C 30 SACHES,1
CARTIGEN II 40MG C/30 COMP,1
CARTIMUV 30 CAPS EXPLEND,1
CARTIMUV MAX 60 CAPS EXPLEND,1
CARTIMUV ULTRA 60 CAPS EXPLEND,1
"CARVEDILOL 12,5MG 30CP BIOLAB",1
CARVEDILOL 25 MG 30 CP G BIOLAB,1
CARVEDILOL 25MG 30CPR,1
CARVEDILOL 25MG 30CPR LGR,1
CARVEDILOL 25MG C/30 COMPRIMIDOS,1
CARVEROL 250MG CT BL AL PLAS INC X 20 COMP,1
CASCO DE CAVALO QUERATINA 6X10ML,1
CASPACIL SH 100ML,1
CASPBELL SHAMPOO SULFETO DE SELENIO 100ML,1
CASTANHA DA INDIA 500MG 60CAPS,1
CASTANHA DA INDIA C/60 CPR BELFAR,1
CASTANHA DA INDIA CPT 30CPR MACROFARMA,1
CASTANHA DA INDIA CPT 60CPR MACROFARMA,1
CASULAO CRISMAS BICHO S BOM ABACATE 500G,1
CASULO CRISMAS BICHO S BOM TUTANO 950G,1
CATAFLAM EMULGEL 60G,1
CATAFLAM SPORT ICE AEROSOL 120G,1
CATAFLAMPRO EMULGEL 150G,1
CATAFLAMPRO XT EMUGEL 50GR-REFERENCIA,1
CATAFLAMPRO XT EMULGEL 2% 100G,1
CATAFLEXYM GEL 60G,1
CATETER 14G,1
CATETER 16G,1
CATETER 18G,1
CATETER 24G,1
CATETER ANGIOCATH 16G BD,1
CATETER ANGIOCATH 22G BD,1
CATETER ANGIOCATH 24G BD,1
CATETER INTRAVENOSO 20G ROSA UNIDADE MEDIX,1
CATETER INTRAVENOSO 22G AZUL UNIDADE MEDIX,1
CATETER INTRAVENOSO N 14G LARANJA,1
CATETER INTRAVENOSO N 16G CINZA,1
CATETER INTRAVENOSO N 18G VERDE,1
CATETER INTRAVENOSO N 20G ROSA,1
CATETER INTRAVENOSO N 22G AZUL,1
CATETER INTRAVENOSO N 26G ROXO,1
CATETER INTRAVENOSO PERIFERICO 14G,1
CATETER INTRAVENOSO PERIFERICO 18G,1
CATETER INTRAVENOSO PERIFERICO 24G,1
CAVILON CREME BARREIRA 92GR,1
CC CREAM CREME BG 30ML,1
CD CACHOS 250ML,1
CD CACHOS 500ML,1
CD CACHOS E CRESPOS 500ML,1
CD CAMOMILA 250ML,1
CD CRESPO PODEROSO 300 ML - CHIKAS,1
CD CRESPOS 250ML,1
CD CRESPOS 500ML,1
CD EQUILIBRIO 250 ML,1
CD FORCA PIMENTA 1 LT VALVULA,1
CD FORCA PIMENTA 350 ML,1
CD HIDRATA CABELO 300 ML - CHIKAS,1
CD JABORANDI ALECRIM QUILAIA 1 LT VALV,1
CD KIDS CACHEADO 240ML,1
CD KIDS LISO 240 ML,1
CD LIVRE LEVE E SOLTO 300 ML - CHIKAS,1
CD MAIS HIDRA 350 ML,1
CD MAIS NUTRICAO 350ML,1
CD MATIZA LOIRO 300 ML - CHIKAS,1
CD MEL 500ML,1
CD NEUTRO C/ PROT LEITE 1 LT VALVULA,1
CD POS QUIMICA 1 LT,1
CD POS QUIMICA 250 ML,1
CD POS QUIMICA 500 ML,1
CD QUERAVIT HIDRAT 500ML,1
CD SHITAKE PLUS 1 LT VALVULA,1
CD SORRISO DENTES BRANCOS 12X 50GR,1
CD TIO NACHO ANTIGRISALHO 415ML,1
CD UMECTANTE OLEO COCO 500ML,1
CEBION 1G EFERVECENTE 10CPR,1
CEBION 1G EFERVECENTE 10CPR SACUCAR,1
CEBION AP LIB M 500MG C/30 COMP,1
CEBION EFV 1G 3LARAN C 10CP KIT,1
CEBION EFV 1G ACEROLA C/10 COMP,1
CEBRALAT 100MG 30CPR,1
CEBRALAT 50MG 30CPR,1
CEBRALAT 50MG OR C/60 COMP,1
CEBRILIN 10MG C/ 30CPR,1
CEBRILIN 20MG C/30 COMP,1
CECI 2 + 1MG C/28 COMPRIMIDOS REV,1
CECI 2+1MG 84CPR SN,1
CECLOR 250MG / 5 ML SUSP 100ML,1
CECLOR 375 MG / 5ML CONT. 100ML,1
CECLOR BD 500MG C/ 10CPS,1
CECLOR BD 750MG C/ 14 DRG,1
CEDRAFLON CR BISNAGA 150 ML,1
CEDROXIL 500MG C/ 8CPR (CEFADROXILA),1
CEFADROXILA 250MG / 5ML SUSP 100ML GEN EUROFARMA,1
CEFADROXILA 500 MG C/ 8 CPS GEN EUROFARMA,1
CEFADROXILA 500MG C/ 8CPS GEN TEUTO,1
CEFAGEL 500MG CAPS C/10,1
CEFALEXINA 1G C/ 8 CPR GEN LEGRAND,1
CEFALEXINA 1G C/8 COMP GERMED,1
CEFALEXINA 250MG / 5ML PÓ SUSP 100ML GEN TEUTO,1
CEFALEXINA 250MG / 5ML PÓ SUSP 100ML GEN UNIAO QUIMICA,1
CEFALEXINA 500MG C/ 10 CPR GEN EMS,1
CEFALEXINA 500MG C/ 10 CPR GEN EMS DESMARCADOS,1
CEFALEXINA 500MG C/ 10 CPR GEN TEUTO,1
CEFALEXINA 500MG C/ 10 CPR GEN TEUTO DESMARCADOS,1
CEFALEXINA 500MG C/ 10 CPR GEN UNIAO QUIMICA,1
CEFALEXINA 500MG C/ 8 CPS GEN UNIAO QUIMICA,1
CEFALEXINA 500MG C/10 COMP GEN GERMED,1
CEFALEXINA MONOIDRATADA 250/5 MG/ML 100ML GEN EUROFARMA,1
CEFALIUM 12CPR,1
CEFALIUM ONE 750MG C/20 COMP REV-SIMILAR,1
CEFALIV 12CPR,1
CEFTRIAXONA 1G IM GEN EUROFARMA,1
CEFTRIAXONA DISSODICA 1G IM GEN TEUTO,1
CEFTRIAXONA DISSODICA 1G IM GEN TEUTO DESMARCADOS,1
CEFTRIAXONA SODICA 500MG IM GEN EUROFARMA,1
CELAMINA ZINCO SHAMPOO FR 200ML,1
CELECOXIBE 200 MG C/ 30 CPS GEN EUROFARMA,1
CELECOXIBE 200MG C 10COMP C1 RANBAXY,1
CELECOXIBE 200MG C 15CAPS C1 RANBAXY,1
CELECOXIBE 200MG C/ 10 CAPS GEN EUROFARMA,1
CELECOXIBE 200MG CAPS C/10,1
CELECOXIBE 200MG CAPS C/30 TEUTO,1
CELERG 20CPR,1
CELERG XPE 120ML,1
CELERGIN 20CPR,1
CELERGIN XPE 120ML,1
CELESTONE XPE 120ML B2,1
CELESTRAT XPE 120ML,1
CELETIL XPE 120ML,1
CELOCORT CREME 30G,1
CENEVIT 1G 10CPR,1
CENEVIT 1G C/10 CPR EFERV,1
CENEVIT TRIPLA ACAO 30CPR EFERV LARANJA - VIT C D Z LEGRAND,1
CENEVIT ZINCO 10CPR EFERVECENTE,1
CENEVIT ZINCO 1G+10MG COMP EFERV 3X10,1
CENTIVITA VITAMINA D3 CAPS 2000UI C/60,1
CENTIVITA XAROPE ACETILCISTEINA 120 ML,1
CENTRIX GEST 60 COMPRIMIDOS,1
CENTRO ACTIVE BANANA LATA 360G PO,1
CENTRO MAIS AZ COM 60,1
CENTRO+FLEX DERMO - ACIDO HIALURONICO 60 CAPS,1
CENTROACTIVE BAUNILHA LATA 360G PO,1
CENTROACTIVE CHOCOLATE 360GR,1
CENTROPLUS AZ 60 CAPS,1
CENTROTABS VITAMINA C 1G 10CPR EFERV,1
CENTROVITAM BEAUTY,1
CENTROVITAM MEMORIA,1
CENTRUM 30CPR,1
CENTRUM ESSENCIAL C/30 COMP,1
CENTRUM ESSENTIALS HOMEM 60COMP,1
CENTRUM ESSENTIALS MULHER 30COMP,1
CENTRUM FR 150 COMP,1
CENTRUM HOMEM CPR 1X60-DEMAIS PROD,1
CENTRUM HOMEM ESSENTIALS C/30 COMP,1
CENTRUM MULHER 150 CP,1
CENTRUM MULHER 30CPR,1
CENTRUM MULHER 60CAPS,1
CENTRUM MULHER C/ 60 COMP ESSEN,1
CENTRUM MULHER CPR 1X60-DEMAIS PROD,1
CENTRUM PO ENERGIA 12SACH 5G SN,1
CENTRUM PO IMUNIDADE C 12 SACHES,1
CENTRUM SELECT HOMEM C/60,1
CENTRUM SELECT MULHER 30 CP-DEMAIS PROD,1
CENTRUM SELECT MULHER 60 CP-DEMAIS PROD,1
CENTVITA ACETILCISTEINA 500MG 20CAPS,1
CENTVITA AZ KIDS 500 MG 60 COMPR. MASTIGAVEL,1
CENTVITA CALCIMAX AZ 1000MG 180 COMPR.,1
CENTVITA CAPHAIR 500MG 60 COMPR.,1
CENTVITA CLORETO DE MAGNESIO 500 MG 60 COMPR.,1
CENTVITA COLAGENO TIPO II 400MG 60 COMP,1
CENTVITA COMPLEXO B 400 MG 60 COMP,1
CENTVITA CURCUMA LONGA 400MG 60 COMPR,1
CENTVITA CURCUMA PLUS 500 MG 60 COMPR,1
CENTVITA FERRO + ACIDO FOLICO + B12 400 MG 60 COMP,1
CENTVITA GRANBERRY 400MG 60 COMP,1
CENTVITA LUTEINA + ZEAXANTINA 60 COMPR.,1
CENTVITA MAGNESIO DIMALATO 500MG 60 COMPR.,1
CENTVITA MSM 5X ENXOFRE ORGANICO 500MG 60 CAPS,1
CENTVITA TESTO 500 MG 60 COMPR.,1
CENTVITA VITAMINA C EFERVESCENTE 10 TABLETES,1
CENTVITA VITAMINA C+ZINCO 10 TABLETES EFERVESCENTE,1
CENTVITA XAROPE ACETILCISTEINA 120 ML INFANTIL,1
CENTVITA ZINCO 400MG 60 COMPR,1
CEPACOL CITRUS 3EM1 L500 P350 ML,1
CEPACOL CITRUS FUSION 250ML,1
CEPACOL ENX BUCAL + FLUOR 250ML,1
CEPACOL FLUOR L500 P350 ML,1
CEPACOL MENT PROTECT FLUOR 500ML,1
CEPACOL MENT PROTECT&FLUOR 250ML,1
CEPACOL MENTA ICE L500 P350ML,1
CEPACOL MENTA L500 P350 ML,1
CEPACOL MENTA SOL 250ML,1
CEPACOL TRADICIONAL L500 P350 ML,1
CEPACOL TRADICIONAL SOL 250ML,1
CERA CAPILAR BOZZANO MODELADORA EFEITO SECO 1X80GR,1
CERA CAPILAR SALON LINE MEN ESSENCE FIXACAO EXTRAFORTE 1X60G,1
CERA CAPILAR SALON LINE MEN ESSENCE FIXACAO FORTE 1X60G,1
CERA DEPI ROLL DEPILEPLUS 140G,1
CERA DEPI-ROLL REFIL ROSA TAMPA FIXA 100GR,1
CERA DEPIL NUTRITIVA HORTELÃ 290GR,1
CERA DEPILATORIA CAMOMILA 290 GR,1
CERA DEPILATORIA DEPI ROLL POTE MEL HIDROSOLUVEL 1X300GR,1
CERA DEPILATORIA DEPI ROLL ROLLON REFIL ARGAN TAMPA FIX 1X10,1
CERA DEPILATORIA DEPI ROLL ROLLON REFIL TRAD TAMPA FIXA 1X10,1
CERA DEPILATORIA DEPIL CONFORT 290 GR,1
CERA DEPILATORIA DEPILBELLA MICRO-ONDAS MEL E ALOE VERA 1X10,1
CERA DEPILATORIA DEPILBELLA MICRO-ONDAS PETALAS DE ROSA 1X10,1
CERA DEPILATORIA DEPILBELLA POTE NATURAL HIDROSOLUVEL 1X600G,1
CERA DEPILATORIA DEPILBELLA QUENTE BARRA CAMOMILA 1X250GR,1
CERA DEPILATORIA DEPILBELLA QUENTE BARRA MEL 1X250GR,1
CERA DEPILATORIA DEPILBELLA QUENTE BARRA NEGRA 1X250GR,1
CERA DEPILATORIA DEPILBELLA QUENTE CONFETE PITAYA 1X250GR,1
CERA DEPILATORIA DEPILBELLA ROLLON NEGRA 1X100GR,1
CERA DEPILATORIA DEPILBELLA ROLLON PROPOLIS E MEL 1X100GR,1
CERA DEPILATORIA HORTELA 540 GR,1
CERA DEPILATORIA MEL 290 GR,1
CERA DEPILATORIA PELOS GROSSOS 290 GR,1
CERA DEPILE PLUS ROLL-ON CAMOMILA 140G,1
CERA EPHYGENY POTE MEL 1X300GR,1
CERA HIDRAT NUTRIBOMBA MILAGRE CUT 10G,1
CERA MOD MURIEL S HAIR BIG POWER 120G,1
CERA NUTRI UNHAS CUTI PINK 7G,1
CERA ORTODONTICA C/ AROMA C/05 - FI704,1
CERAVE CR P/OLHOS 15G,1
CERAVE CR REPARADOR PARA PES 88G,1
CERAVE CREME HIDRATANTE 200G-DEMAIS PROD,1
CERAVE CREME HIDRATANTE 453G,1
CERAVE CREME HIDRATANTE 50G-DEMAIS PROD,1
CERAVE CREME RENOVADOR PES 88ML-DEMAIS PROD,1
CERAVE ESP CREM LIMP HID 140G,1
CERAVE ESPUMA DE LIMPEZA 60G,1
CERAVE GEL DE LIMPEZA 150G,1
CERAVE GEL DE LIMPEZA 454G,1
CERAVE GEL LIM ACNE CONTROL 140G,1
CERAVE LOCAO FACIAL HIDRAT 52ML,1
CERAVE LOCAO HIDRATANTE 200ML-DEMAIS PROD,1
CERAVE LOCAO HIDRATANTE 473ML,1
CERAVE LOCAO HIDRATANTE 50ML,1
CERAVE LOCAO LIMP HIDRAT 473ML-DEMAIS PROD,1
CERAVE REPARADOR MAOS 100ML-DEMAIS PROD,1
CERAVE REPARADOR MAOS 50ML-DEMAIS PROD,1
CERAZETTE 75MCG 28CPR,1
CERAZETTE 75MCG CX 3BL X 28 COMP,1
CEREBROVIT 30 CAPSULAS,1
CERUMIN SOL 8ML,1
CERVEJA AMSTEL 269 ML,1
CESTA DE COMPRAS PLASTICA FARMA 1X1,1
CESTA PARA FARMACIA RESFRILIV,1
CESTINHA NQ SMART,1
CETAPHIL ADVANCED MOISTURIZ 473G,1
CETAPHIL CR 453G+LOC LIMP 120ML,1
CETAPHIL CR HIDRAT 453G,1
CETAPHIL CR HIDRAT 453GR,1
CETAPHIL ESP LIMP FACIAL 236ML,1
CETAPHIL GEL CREME 226G,1
CETAPHIL GEL CREME 453G,1
CETAPHIL HEALT FACIAL SERUM 30G,1
CETAPHIL HEALT NIGHT CREAM 50G,1
CETAPHIL LC LIMPEZA 120ML-DEMAIS PROD,1
CETAPHIL LOC 473ML+LIMP 120ML,1
CETAPHIL LOC FAC HIALURONIC 88ML,1
CETAPHIL LOC HIDRA 473ML,1
CETAPHIL LOC HIDRAT 59ML,1
CETAPHIL LOC LIMPEZ 59ML-DEMAIS PROD,1
CETAPHIL LOC LIMPEZA 300ML,1
CETAPHIL LOCAO HIDRAT 200ML,1
CETAPHIL LOCAO LIMPEZA 120ML,1
CETAPHIL OIL CONTR GEL FAC 124ML,1
CETAPHIL OIL CONTR GEL FAC 250ML,1
CETAPHIL PRO AC DERMACONTROL 118,1
CETAPHIL PRO AC ESPUMA LIMP 236ML-DEMAIS PROD,1
CETAPHIL PRO AD REST CR HID 227G,1
CETAPHIL PRO AR ESP LIMPEZ 236ML,1
CETAPHIL PRO AR HIDR FACIAL 50ML,1
CETAPHIL PRO UREIA 10% CR 60G,1
CETAPHIL PRO UREIA 10% LC 120ML,1
CETAPHIL PRO UREIA 10% LC 300ML,1
CETAPHIL REST LC HIDRAT 295ML-DEMAIS PROD,1
CETAPHIL REST PRO SAB LIQ 295ML,1
CETAPHIL SAB LIQ 300ML,1
CETAPHIL SUN ANTIOX F60 50ML,1
CETAPHIL SUN F70 MATT C COR 50ML,1
CETAPHIL SUN FPS 70 50ML SEM COR,1
CETOBETA CREME 30G,1
CETOBETA POMADA 30G,1
CETOCASP 120ML,1
CETOCONAZOL 200MG 30 CPS,1
CETOCONAZOL 200MG 30 CPS PRATI,1
CETOCONAZOL 200MG C/30CPR TEUTO,1
CETOCONAZOL 20G MG/ML 100 ML,1
CETOCONAZOL 20MG CR 30G EMS-GENERICO,1
CETOCONAZOL 20MG/G CR 30G TEUTO,1
CETOCONAZOL 20MG/G CREM BG 30 CIMED,1
CETOCONAZOL 20MGG CREME BG 30G,1
CETOCONAZOL CREM 30 GR G MEDLEY,1
CETOCONAZOL CREME 30GR PHARLAB,1
CETOCONAZOL SHAMPOO 100ML,1
CETOCONAZOL SHAMPOO 100ML GLOBO,1
CETOCONAZOL SHAMPOO 100ML NATIVA,1
CETOCONAZOL SHAMPOO CLEAN HAIR 100ML,1
CETOCONAZOL+BETAME+NEOM CR 30GR EUROFARM,1
CETOCONAZOL+BETAME+NEOM POM 30GR EUROFAR,1
CETOCONAZOL+BETAME+NEOMICINA POMADA MEDLEY 30GR,1
CETOCONAZOL+BETAMET CR 30G EUROFA,1
CETOCONAZOL+BETAMET POM 30G EUROFA,1
CETOCONAZOL+BETAMETA CR 30G MEDLEY,1
CETOCONAZOL+BETAMETA POM 30G MEDLEY,1
CETOCORT N CREME 30 G,1
CETOCORT N POMADA 30 G,1
CETOFENID 20MG/ML SOL ORAL 20ML,1
CETOPROFENO 100MG 20CPS MEDLEY,1
CETOPROFENO 150 MG C 10 COMP EMS,1
CETOPROFENO 150 MG C/10 CP EUROFARMA,1
CETOPROFENO 150MG C 10 COMP EUR,1
CETOPROFENO 150MG C 10 COMP MEDLEY,1
CETOPROFENO 150MG C/10 COMP GERMED,1
CETOPROFENO 20ML SOL OR EUR,1
CETOPROFENO GTS 2% 20MLTEUTO,1
"CETOTIFENO 0,2MG/ML XPE PL 120ML+CP",1
CETRILAN 02% CR 40G,1
CETRILAN CREME 120G-DEMAIS PROD,1
CETRILAN SAB LIQ INF 500ML,1
CETRILAN SABONETE INFANTIL 100G,1
CETROLAC MD 4MG/ML FR C/5ML,1
CETROLAC MD COL 10ML,1
CETROLAC SOL 5ML,1
CEWIN 200MG GTS 20ML,1
CEWIN 500MG 30CPR,1
CEWIN LAR 1G 10CPR EFERV FOOD SN,1
CH 2576 SUPER VENTILADA ORTO N2 AZUL,1
CHA AKABE 500ML,1
CHA AMARGUS 550ML,1
CHAPA GAMA LICHIA CERAMIC ION BIVOLT,1
CHAPA MALLORY ULTRA LISS BIVOLT,1
CHAVES INTERCAMBIAVEIS (BRINDE),1
CHEIRINHO DE BEBE KIT SH+COND BLUE 210ML,1
CHEIRINHO DE BEBE KIT SH+COND ROSA 210ML,1
CHERRY 2+003MG C 28 COMP REV,1
CHICLE GOMA MASCAR MENTOS (GARRAFA BIG) PURE FRESH MENTA,1
CHICLE MENTOS GARRAFA MENTA/TUTFRUT UP2U DP/0006,1
CHICLE TRIDENT 21X1 FRESH HERBAL DP/0021/UN,1
CHICLE TRIDENT 21X1 MELANCIA TWIST DP/0021/UN,1
CHICLE TRIDENT 54GR POTE HORTELA DP/0001/UN,1
CHICLE TRIDENT 54GR POTE MENTA DP/0001/UN,1
CHICLE TRIDENT CANELA 21X1,1
CHICLE TRIDENT HORTELA 21X1,1
CHICLE TRIDENT MENTA 1X1,1
CHICLE TRIDENT MENTA 8 G 5 UND,1
CHICLE TRIDENT MORANGO 21X1,1
CHICLE TRIDENT T.FRUTTI 21X1,1
CHICLE TRIDENT TUTTI FRUTTI 8 G,1
CHICLETE GOMA DE MASCAR MENTOS (GARRAFA) GUM VITAMINS 1X1,1
CHICLETE GOMA DE MASCAR MENTOS (GARRAFA) PURE FRESH MENTA,1
CHICLETE GOMA DE MASCAR MENTOS PURE FRESH MENTA FORTE 1,1
CHICLETE GOMA DE MASCAR MENTOS WHITE (GARRAFA) PURE WHITE,1
CHICLETE TRIDENT FRESH INT.,1
CHOC FERRERO KINDER BUENO 43GR I UND,1
CHOC FERRERO KINDER BUENO WHITE 39GR,1
CHOC FERRERO NUTELLA B-READY 22GR 1UN,1
CHOC GAROTO TALENTO MINI 25GR AVELA DIET,1
CHOC LINEA 13GR AO LEITE ZERO ACUCAR DP/0015/UN,1
CHOC LINEA 13GR COOKIES CREAM ZERO ACUCAR,1
CHOC NESTLE CLASSIC 25GR AO LEITE DIET,1
CHOC NESTLE PRESTIGIO 33GR BRANCO,1
CHOC NESTLE PRESTIGIO 33GR DARK DP/0030/UN,1
CHOCOL SPECIAL DARK HERSHEYS CRANBERRY 60% 20g,1
CHOCOL SPECIAL DARK HERSHEYS TRADIC 60% 20g,1
CHOCOLATE TALENTO AVELA 25G,1
CHOKLERS BEIJINHO E CHOC BRANCO DISPLAY12UND X 40G,1
CHOKLERS BRIGADEIRO E NIBS DE CACAU DISPLAY 12UND X 40G,1
CHOKLERS CROCRANTE DISPLAY 12UND X 40G,1
CHOKLERS MIX NUTRI PROTEIN CARAMELO E AMENDOIM 12X60G/MIX,1
CHOKLERS MIX NUTRI PROTEIN CHURROS 12X60G/MIX,1
CHOKLERS PACOCA DISPLAY 12UND X 40G,1
CHORELLA 60 CÁPSULAS,1
CHUP ELEGANCE PLUS BC N1 ORTO AZUL KUKA,1
CHUP ELEGANCE PLUS BC N1 ORTO ROSA KUKA,1
CHUP ELEGANCE PLUS ORTO N2 AZUL KUKA,1
CHUP ELEGANCE PLUS ORTO N2 ROSA KUKA,1
CHUP JOV SIL ORTO BL N2 AZUL LOLLY,1
CHUP JOY SIL ORTO BL N2 ROSA LOLLY,1
CHUP LILLO CALM SOFT NIGHT 6+ MESES,1
CHUP LUMINA C/2 NIGHTEDAY ORTO N1 AZUL KUKA,1
CHUP LUMINA C/2 NIGHTEDAY ORTO N1 ROSA KUKA,1
CHUP LUMINA C/2 NIGHTEDAY ORTO N2 AZUL KUKA,1
CHUP LUMINA C/2 NIGHTEDAY ORTO N2 ROSA KUKA,1
CHUP LUMINA ORTO N1 AZUL KUKA,1
CHUP LUMINA ORTO N1 ROSA KUKA,1
CHUP LUMINA ORTO N2 AZUL KUKA,1
CHUP LUMINA ORTO N2 ROSA KUKA,1
CHUP ORIG BORRACHA NATURAL 16+ DUPLA BOY MAM,1
CHUP ORIG BORRACHA NATURAL 16+ DUPLA GIRL MAM,1
CHUP ORIGINAL NIGTH DAY 16+ DUPLA AZ MAM,1
CHUP ORIGINAL NIGTH DAY 16+ DUPLA NEUTRA MAM,1
CHUP ORIGINAL NIGTH DAY 16+ DUPLA RS MAM,1
CHUP PERFECT 0-6 MESES BL AZUL MAM,1
CHUP PERFECT 0-6 MESES BOX NEUTRA MAM,1
CHUP PERFECT 0-6 MESES BOX ROSA MAM,1
CHUP PERFECT16+ DUPLA AZUL MAM,1
CHUP PERFECT16+ DUPLA ROSA MAM,1
CHUP PREMIUM ORTO N1 AZ KUKA,1
CHUP SILICONE SOFT COMFORT RED N2 AZUL KUKA,1
CHUP SILICONE SOFT COMFORT RED N2 ROSA KUKA,1
CHUP SMART B.RED.1 AZUL KUKA,1
CHUP SMART B.RED.1 ROSA KUKA,1
CHUP SMART B.RED.2 AZUL KUKA,1
CHUP SMART B.RED.2 ROSA KUKA,1
CHUP STAR DIA NOITE DUPLA SIL ORTO N2 AZ LO,1
CHUP STAR DIA NOITE DUPLA SIL ORTO N2 RS LOLL,1
CHUP SUPER VENTILADA ORTO N1 AZ KUKA,1
CHUP SUPER VENTILADA ORTO N1 RS KUKA,1
CHUP TIP SIL RED BL N1 ROSA LOLLY,1
CHUP TIP SIL RED BL N2 AZUL LOLLY,1
CHUP TIP SIL RED BL N2 ROSA LOLLY,1
CHUP ULTRA AIR DUPLA 0-6 BRANCO/AZUL/AMARELO/SCF080/13,1
CHUP ULTRA AIR DUPLA 0-6 BRANCO/ROSA/SCF080/20,1
CHUP ULTRA AIR DUPLA 0-6 DECO MENINA/SCF085/02,1
CHUP ULTRA AIR DUPLA 0-6 DECO MENINO/SCF085/01,1
CHUP ULTRA AIR DUPLA 0-6 DECO MENINOS /SCF342/20,1
CHUP ULTRA AIR DUPLA 0-6 DECORADA/SCF085/12,1
CHUP ULTRA AIR DUPLA 0-6 DECORADA/SCF085/13,1
CHUP ULTRA AIR DUPLA 6-18 BRANCO/AZUL/AMARELO/ SCF080/21,1
CHUP ULTRA AIR DUPLA 6-18 DECO MENINA/SCF085/04,1
CHUP ULTRA AIR DUPLA 6-18 DECO MENINO/SCF085/03,1
CHUP ULTRA AIR DUPLA 6-18 DECO MENINO/SCF342/22,1
CHUP ULTRA AIR DUPLA 6-18 DECORADA/ SCF085/17,1
CHUP ULTRA AIR DUPLA 6-18 MENINO/SCF376/21,1
CHUP ULTRA AIR DUPLA 6-18 ROSA/ROXO / SCF080/22,1
CHUP ULTRA AIR INDIVIDUAL 0-6 BORBOLETA/ SCF081/02,1
CHUP ULTRA AIR INDIVIDUAL 6-18 BALAO/ SCF081/08,1
CHUP ULTRA AIR INDIVIDUAL 6-18 ELEFANTE/ SCF081/12,1
CHUP VIVA SIL ORTO BL N2 AZ/VD LOLLY,1
CHUP VIVA SIL ORTO BL N2 RS/LL LOLLY,1
CHUP. PHYSIO SOFT TAM 1 (0-6M) ROSA,1
CHUP. PHYSIO SOFT TAM 2 (16-36M) ROSA,1
CHUP. PHYSIO SOFT TAM 2 (6-16M) NEUTRA,1
CHUP. PHYSIO SOFT TAM 2 (6-16M) ROSA,1
CHUP. SOFT TRANSP SIL TAM.1 (0-6M) - 1UN,1
CHUP.CRIATIVA AZUL SILIC.ORTOD.N.2,1
CHUP.CRIATIVA ROSA SILIC.ORTOD.N.2,1
CHUP.DECORADA AZUL SILIC.ORTOD.N.2,1
CHUPETA AIR 16+ BOX NEUTRAL 2955 MAM,1
CHUPETA AIR 18+ BOX AZUL 2953 MAM,1
CHUPETA AIR 18+ BOX ROSA 2954 MAM,1
CHUPETA AIR N2 BOYS BOX 2831 MAM,1
CHUPETA AIR N2 GIRL BOX 2832 MAM,1
CHUPETA AIR NIGHT N2 BOYS BOX 2833 MAM,1
CHUPETA AIR NIGHT N2 GIRLS BOX 2834 MAM,1
CHUPETA COLOR TAM 1 AZ KUKA,1
CHUPETA COLOR TAM 1 RS KUKA,1
CHUPETA COLOR TAM 2 AZ KUKA,1
CHUPETA COLOR TAM 2 RS KUKA,1
CHUPETA COMFORT 0-2 MESES BL AZUL MAM,1
CHUPETA COMFORT 0-2 MESES BL NEUTRA MAM,1
CHUPETA COMFORT 0-2 MESES BL ROSA MAM,1
CHUPETA CRISTAL UNIV. TAM 1 AZ.MAR. KUKA,1
CHUPETA CRISTAL UNIV. TAM 1. RS KUKA,1
CHUPETA CRISTAL UNIV. TAM 2 AZ.MAR. KUKA,1
CHUPETA CRISTAL UNIV. TAM 2 RS KUKA,1
CHUPETA ESTAMPADA ORTO N1 LILAS NEOPAN,1
CHUPETA ESTAMPADA ORTO N2 AZ - BALEIA NEOPAN,1
CHUPETA ESTAMPADA ORTO N2 AZ - BOLA NEOPAN,1
CHUPETA ESTAMPADA ORTO N2 AZUL NEOPAN,1
CHUPETA ESTAMPADA ORTO N2 LILAS NEOPAN,1
CHUPETA ESTAMPADA ORTO N2 RS - FLOR NEOPAN,1
CHUPETA LOLY BICO SILICONE REDONDO 0 a 6 MESES,1
CHUPETA LOVELY ORTO 2 RS.,1
CHUPETA MAM ORIG.ED-LIMITADA UN ROSA 2650,1
CHUPETA MAM SUPREME NIGHT 0-6 MESES RS,1
CHUPETA MOM E DAD DUPLA BOY N2 2933 MAM,1
CHUPETA MOM E DAD DUPLA GIRL N2 2934 MAM,1
CHUPETA NEOPAN ORTO N1 AZ MUSICA,1
CHUPETA NEOPAN ORTO N1 AZ ROBO,1
CHUPETA NEOPAN ORTO N1 AZUL,1
CHUPETA NEOPAN ORTO N1 LJ ESTRELA,1
CHUPETA NEOPAN ORTO N1 RS FLORES,1
CHUPETA NEOPAN ORTO N2 AZUL,1
CHUPETA NEOPAN ORTO N2 LJ ESTRELA,1
CHUPETA NEOPAN ORTO N2 ROSA,1
CHUPETA NEOPAN ORTO N2 RS JOANINHA,1
CHUPETA NIGHT E DAY DUPLA BOY N1 2911 MAM,1
CHUPETA NIGHT E DAY DUPLA BOY N2 2913 MAM,1
CHUPETA NIGHT E DAY DUPLA GIRL N1 2912 MAM,1
CHUPETA NIGHT E DAY DUPLA GIRL N2 2914 MAM,1
CHUPETA NIGHT N1 AZUL BOX 2725 MAM,1
CHUPETA NIGHT N1 ROSA BOX MAM,1
CHUPETA NIGHT N2 AZUL BOX 2525 MAM,1
CHUPETA NIGHT N2 ROSA BOX 2526 MAM,1
CHUPETA ORIGINAL 16+ MESES BL AZUL MAM,1
CHUPETA ORIGINAL 16+ MESES ROSA BL MAM,1
CHUPETA ORIGINAL N1 AZ TRENDS BOX MAM,1
CHUPETA ORIGINAL N1 RS TRENDS BOX 2462 MAM,1
CHUPETA ORIGINAL N2 AZUL BL 2635 MAM,1
CHUPETA ORIGINAL N2 ROSA BL 2636 MAM,1
CHUPETA ORIGINAL NIGHT N2 NEUTRA 2527 MAM,1
CHUPETA ORIGINAL TRENDS N2 AZ BOX MAM,1
CHUPETA ORIGINAL TRENDS N2 NEUTRA BOX 2626MAM,1
CHUPETA ORIGINAL TRENDS N2 ROSA BOX MAM,1
CHUPETA PERFECT NIGHT N1 EMB-DUPLA AZ 2975MAM,1
CHUPETA PERFECT NIGHT N1 EMB-DUPLA RS 2976MAM,1
CHUPETA SAYINGS DUPLA N2 BOYS 2943 MAM,1
CHUPETA SAYINGS DUPLA N2 GIRLS 2944 MAM,1
CHUPETA SILIC.SOFT ORTO 2 RS.,1
CHUPETA START 0-2 MS BOX AZUL 2215 MAM,1
CHUPETA START 0-2 MS BOX ROSA 2216 MAM,1
CHUPETA SUPREME 0-6 AZUL MAM,1
CHUPETA SUPREME 0-6 EMB-DUPLA AZUL MAM,1
CHUPETA SUPREME 0-6 EMB-DUPLA NEUTRA MAM,1
CHUPETA SUPREME 0-6 EMB-DUPLA ROSA MAM,1
CHUPETA SUPREME 0-6 NEUTRA MAM,1
CHUPETA SUPREME 0-6 ROSA MAM,1
CHURRASQUEIRA ELETRICA SHORT GRILL 220V$,1
CIALIS DIARIO 5MG C 30 COMP,1
CIBEX 200MG C/ 10 CPR,1
CICABIO CR 40ML,1
CICALFATE AVENE CR REP 100ML,1
CICAPLAST BAUME B5 - TUBO 40ML,1
CICAPLAST BAUME B5 20ML,1
CICAPLAST BAUME B5 BABY 40ML SN,1
CICAPLAST BAUME B5 TUBO 20ML,1
CICATENOL 50MG POMADA BG 30G,1
CICATRI RENOV BIG SIZE 100ML,1
CICATRICURE AGUA MICELAR 200ML,1
CICATRICURE AGUA MICELAR 380ML,1
CICATRICURE BEAUTY CARE FPS25 50G-DEMAIS PROD,1
CICATRICURE CONT OLHOS BLUR 15G-DEMAIS PROD,1
CICATRICURE CR ANTI RUGAS 30G-DEMAIS PROD,1
CICATRICURE CR ANTI RUGAS 60G,1
CICATRICURE CR CORP ANTIEST 250G,1
CICATRICURE CR GOLD DIU F30 50G-DEMAIS PROD,1
CICATRICURE CR GOLD NOITE 50G-DEMAIS PROD,1
CICATRICURE CR MAT ANTIEST 250G-DEMAIS PROD,1
CICATRICURE EYE CR FOR FACE 30G,1
CICATRICURE GEL 30G-DEMAIS PROD,1
CICATRICURE GEL 60G C/ 50% GRATI,1
CICATRICURE GOLD LIFT SERUM 30ML,1
CICATRICURE PORCE LIMP FAC 150ML,1
CICATRICURE PROT F50 40G COR CLARA,1
CICATRICURE PROT F50 40G COR MEDIO,1
CICATRICURE SERUM CLAREADOR 30ML-DEMAIS PROD,1
CICATRIFIOS CONDICIONADOR BISNAGA 240 GR,1
CICLATRY 500MG C/14 CPR,1
CICLOBENZAPRINA 10MG 15CPR EUROFARMA,1
CICLOBENZAPRINA 10MG 30CPR EUROFARMA,1
CICLOBENZAPRINA 10MG 30CPR GER,1
CICLOBENZAPRINA 10MG 30CPR NOVA QUIMICA,1
CICLOBENZAPRINA 10MG C/30 CPR,1
CICLOBENZAPRINA 10MG C/30 CPR GEOLAB,1
CICLOBENZAPRINA 10MG CPR 30 BIOSINTETICA,1
CICLOBENZAPRINA 10MG CPR15 BIOSINTETICA,1
CICLOBENZAPRINA 5MG 15CPR EUROFARMA,1
CICLOBENZAPRINA 5MG C/30 COMP REV,1
CICLOPIROX OLAM SOL TOP 15ML MEDLEY,1
CICLOPIROX OLAMINA 10MG/ML 15ML GERMED,1
CICLOPIROX OLAMINA 15ML GERMED,1
CICLOPIROX OLAMINA 15ML LEGRAND,1
CICLOPIROX OLAMINA CR 20G MEDLEY,1
CICLOPIROX OLAMINA CREME 20G PHARLAB,1
CICLOPIROX OLAMINA GLOBO GEN CRM 20GR,1
CICLOPLEGICO COLIRIO 5ML,1
CICLOPRIMOGYNA 21DRG,1
CICLORTEN PREDNISONA 20MG C10,1
CICLOVULAR 1AMP+1ML,1
CIFLOGEX 3 MG PAS 1 BL X 12 SBR CEREJA,1
CIFLOGEX DIET MENTALIMAO 12PASTILHAS,1
CIFLOGEX LARANJA 12PASTILHAS,1
CIFLOGEX MELLIMAO 12PASTILHAS,1
CIFLOGEX MENTALIMAO 12PASTILHAS,1
CIFLOGEX SPRAY MEL 30ML,1
CILIOS BEAUTY 5D,1
CILIOS POSTICOS FIOS NATURAIS MK 1533,1
CILIOS POSTICOS FIOS NATURAIS MK 2004,1
CILIOS POSTICOS FIOS NATURAIS MK1571,1
CILIOS POSTICOS FIOS NATURAIS MK1632,1
CILIOS POSTICOS FIOS NATURAIS MK1854,1
CILIOS POSTICOS FIOS NATURAIS MK3773,1
CILIOS POSTICOS FIOS NATURAIS MK3780,1
CILIOS POSTICOS FIOS NATURAIS MK9799,1
CILIOS POSTICOS FIOS NATURAIS MK9805,1
CILIOS POSTICOS FIOS NATURAIS MK9812,1
CILIOS POSTICOS FIOS NATURAIS MK9829,1
CILIOS POSTICOS FIOS NATURAIS MK9836,1
CILIOS POSTICOS FIOS NATURAIS MK9843,1
CILODEX SUSP OFTAL 5ML,1
CILOSTAZOL 100MG C 60 COMP EMS,1
CILOSTAZOL 100MG C 60COMP EUROFARMA,1
CILOSTAZOL 100MG C/30 COMP BIOSINTETICA,1
CILOXAN SOL OFT 5ML,1
CIMECORT CREME 15G,1
CIMECORT CREME 30G,1
CIMEGRIPE 100+2+2MGML SOL OR FR GTS 20ML,1
CIMEGRIPE 20 CÁPSULAS,1
CIMEGRIPE 20CAP,1
CIMEGRIPE 20CPS,1
CIMEGRIPE C + ZINCO COMP EFEV 1 TB X 10,1
CIMEGRIPE C/04 CPR,1
CIMEGRIPE C/10 CAPS,1
CIMEGRIPE COM 20 CÁPSULAS,1
CIMEGRIPE DIA COMP C/12 REV,1
CIMEGRIPE GTS 20ML,1
CIMEGRIPE RUB 12G,1
CIMEGRIPE RUB 30G,1
CIMELIDE 100MG 12CPR,1
CIMELIDE GTS 15ML,1
CIMETIDINA 400 MG C/ 16 COMP.,1
CIMETOSSE 1333MG/ML XPE FR 120ML,1
CINARIZINA 25MG C 30 COMP RANBAXY,1
CINETOL 2MG C/ 30 CPR,1
CINTA ELASTICA LOMBAR EXTRA-GRANDE - LOTE: 098754111,1
CINTA ELASTICA LOMBAR GRANDE - LOTE: 101293112,1
CINTA ELASTICA LOMBAR MEDIO - LOTE: 100231113,1
CIPIDE 100MG C/30 COMP,1
CIPIDE 100MG C/60 COMP,1
CIPROFIBRATO 100 MG 30 CP G BIOLA,1
CIPROFIBRATO 100MG 30CPR NEO Q,1
CIPROFIBRATO 100MG 30CRR GLOBO,1
CIPROFIBRATO 100MG 30CRR SANOFI,1
CIPROFIBRATO 100MG 60CPR BIOSINTETICA,1
CIPROFIBRATO 100MG C 60COMP BIOLAB,1
CIPROFIBRATO 100MG C/30CP EUR-GENERICO,1
CIPROFLONAX 500MG 14CPR CIPROFLOXACINO/PHARLAB,1
CIPROFLOXACINO + DEXAMETASONA SOL OFTAL 5 ML GEN GEOLAB,1
CIPROFLOXACINO 500MG C/ 14 CPR GEN EUROFARMA DESMARCADOS,1
CIPROFLOXACINO 500MG C/ 14CPR GEN SANDOZ DESMARCADOS,1
CIPROFLOXACINO GEN 500MG 14CPR/BIOSINTETICA,1
CIPROTERONA+ETINIL COMP REV C/21 GEN,1
CISTEIL 200MG 16ENV (ACETILCISTEINA),1
CISTEIL GRAN 600MG 16 ENV,1
CISTEIL IMUNO C 600MG 10X3GR ACETIL VIT C/GEOLAB,1
CISTEIL XPE 40MG AD 120ML (ACETILCISTEI,1
CISTEIL XPE PED 120ML (ACETILCISTINA),1
CISTOP C/30 CPR MASTIGAVEIS,1
CITALOPRAM 20 MG 30 CPR,1
CITALOPRAM 20MG 30CPR BIOSINTETICA,1
CITOBE 100+100MG+5000MCG C 30CPR,1
CITOBE-DEXA 3X1ML+3X2ML AMP INJ,1
CITONEURIN 5000 C/20 DRG,1
CITONEURIN 5000 C/30 CP REV,1
CITONEURIN 5000 C/60 DRAGEAS,1
CITONEURIN 5000 C/90 COMPRIMIDOS,1
CITONEURIN 5000MG C/ 3 DOSES,1
CITONEURIN CONTROL 1000 C/30CPRV,1
CITRATO DE SILDENAFILA 50 MG C/4 CP NEO QUIMICA,1
CITRATO DE SILDENAFILA 50MG 4CP TEUTO,1
CITRUSEC MOROSIL 60 CAPSULAS,1
CITTA 20MG C 30 COMP,1
CITTA 20MG C/ 30 CPR,1
CJ. ESCOVA E PENTE AZUL NEOPAN,1
CJ. ESCOVA E PENTE ROSA NEOPAN,1
CL AGUA DE COLONIA MURIEL BABY AZUL 1X100ML,1
CL AGUA DE COLONIA MURIEL BABY ROSA 1X100ML,1
CL DE AMBROXOL 3MG/ML XPE FR 120ML,1
CL DONEPEZILA 5MG 30CPR NOVQ C1,1
CL FEXOFENADINA 60 MG 10 CPR,1
CL NEBIVOLOL 5MG 60CPR EMS,1
CL NEBIVOLOL 5MG C/60COMP BIOLAB,1
CL TETRACICLINA 500MG C/80 CAPSULAS MEDQUIMICA,1
CL VENLAFAXINA 75MG 30CPS NOVQ C1,1
CLABAT 500MG C 14 COMP REV,1
CLABAT 50MG ML GRAN 60ML,1
CLAIR CONCENTRE PROFUSE 30G-DEMAIS PROD,1
CLAIR OLHOS CORRECT COLOR 15G-DEMAIS PROD,1
CLANISTIL COLIRIO 15ML,1
CLARICURE CREME 60GR,1
CLARICURE GEL 30G CIFARMA,1
CLARIL SOL 15ML,1
CLARITIN 10MG C/12 COMP-REFERENCIA,1
CLARITIN 10MG C/6 COMP-REFERENCIA,1
CLARITROMICINA 250MG 60ML EMS-GENERICO,1
CLARITROMICINA 500MG 14CPR EMS,1
CLARITROMICINA 500MG C/ 10 CPR GEN EMS,1
CLARITROMICINA GEN 500MG 10CPR PHARLAB,1
CLARITROMICINA GEN 500MG 14CPR PHARLAB,1
CLAVULIN 500/125 MG C/ 21 CPR,1
CLAVULIN BD 400MG 70ML (PBM),1
CLAVULIN BD 875/125 MG C/ 20CPR (PBM),1
CLAVULIN BD 875MG C/ 14 CPR (PBM),1
CLAXAM 500/125 MG C/ 14 CPR SANDOZ,1
CLAXAM 500/125 MG C/ 21 CPR,1
CLAZI XR LIB PROL 30MG C/30 COMP,1
CLAZI XR LIB PROL 30MG C/60 COMP,1
CLEANKINOL 40MG CREME 20GR,1
CLEANKINOL GEL 30GR,1
CLENIL A 10FLACONETES 2ML,1
CLENIL COMPOS A ESTER 10FLAC 2ML,1
CLENIL COMPOSITUM HFA SPRAY 200 DOSES,1
CLENIL HFA 250 MCG JET,1
CLENIL HFA 50MCG SPR 200 DOS 14G,1
CLEXANE SAF LOCK 60MG C 2 SER,1
CLEXANE SAFT LOCK 40MG INJ,1
CLEXANE SAFT LOCK 40MG INJ C/01,1
CLEXANE SAFT LOCK 40MG INJ C/10 SERINGAS,1
CLIFEMIN 160MG 30CPR,1
CLILON COLIRIO 4 MG/ML 5 ML,1
CLILON COLIRIO 5 MG/ML 5 ML,1
CLIMATRIX 100MG C/ 30 COMP,1
CLIMENE 21DRG,1
CLIMENE C/21 DRG,1
CLINARA OLEO HIDRATANTE 200ML,1
CLINDAMIN-C 300 MG C/ 16 CAPS,1
CLINDOXYL CONTROL 10% 100MG,1
CLINDOXYL GEL 45G (GELADEIRA),1
CLINFAR 40MG C/30 COMP,1
CLO 10MG C/ 20CPR,1
CLO 10MG C/30 COMP REV C1-SIMILAR,1
CLO 25MG 30CPR,1
CLO 25MG C/ 20 CPR,1
CLO 75MG C/ 20CPR,1
CLOB-X CREME 30G,1
CLOB-X GEL 30G-SIMILAR,1
CLOB-X LOC 59ML,1
CLOB-X POM 30G-OUTROS,1
CLOB-X SH 125ML,1
CLOB-X SPRAY 120ML-OUTROS,1
CLOBETASOL CREME 30GR GERMED,1
CLOBETASOL CREME 30GR MEDLEY,1
CLOBETASOL CREME 30GR NOVA QUIMICA,1
CLOBETASOL CREME GENERICO (TEUTO),1
CLOBETASOL POM 30G NEO,1
CLOBETASOL POMADA 30GR GERMED,1
CLOBETASOL POMADA 30GR TEUTO,1
CLOMID 10CPR,1
CLONAZEPAM 2MG 30CPR GEN GERMED,1
CLONAZEPAM 2MG 30CPR MEDLEY,1
CLONAZEPAM 2MG 60CPR PHARLAB,1
CLONAZEPAM 2MG C 30 COMP EUROFARMA,1
CLONAZEPAM 2MG C 60 COMP GERMED,1
CLONAZEPAM 2MG C/ 30 CPR GEN EMS,1
CLONAZEPAM 2MG C/ 30 CPR GEN EMS DESMARCADOS,1
CLONAZEPAM 2MG C/ 30 CPR GEN NOVA QUIMICA,1
CLONAZEPAM 2MG C/ 30 CPR GEN PHARLAB,1
CLONAZEPAM 2MG C/30 CPR GEN GEOLAB,1
CLONAZEPAM 2MG C/60 COMP GEN MEDLEY,1
CLONAZEPAM GTS 20ML GEN TEUTO DESMARCADOS,1
"CLOPE XPE 3,54G/ML 120ML",1
CLOPIDOGREL 75MG 28CPR RANBAXY,1
CLOPIDOGREL 75MG 28CPR SANDOZ,1
CLOPIDOGREL 75MG 56CP SANDOZ,1
CLOPIDOGREL BISSULF 75MG C/30 COMP REV,1
CLOPIDOGREL NOVAQ GEN 75MG C/28 CPR,1
CLOPIN 75MG 30CPR,1
CLOPIN DUO 75+100MG C 30COMP REV,1
CLOPIPLAX 75MG 28CPR (CLOPIDOGREL),1
CLOR AMILOR+HID 5/50MG 30CP EMS-GENERICO,1
CLOR AMIODARONA 200MG C 30CP RAN,1
CLOR BUPROPIO 150MG 30CPR EUROFARMA,1
CLOR BUPROPIO 150MG 60CPR EUROFARMA,1
CLOR BUPROPIO 300MG 30CP C1 EUROFARMA,1
CLOR BUPROPIO 300MG 60CP C1 EUROFARMA,1
CLOR DE BUPROPIONA 150MG C/30 COMP REV,1
CLOR DORZOLAM COL 2% 5ML BIO,1
CLOR DULOXETINA 30MG 30CP C1EMS-GENERICO,1
CLOR DULOXETINA 60MG30CPS C1 EMS,1
CLOR FEXOFENADINA 180MG 10CP RANBAXY,1
CLOR ONDANSETRONA 4MG C/10 COMP GERMED,1
CLOR PAROXETINA 20MG 30CP RANBAXY,1
CLOR PIOGLITAZONA 15MG 30CP GERMED,1
CLOR PIOGLITAZONA 30MG 30 CP GMD,1
CLOR TANSULOSINA 04MG 30CP GMD,1
CLOR TRAMADOL 100MG 10CPR GERMED,1
CLOR TRAMADOL 100MG 10ML EUROFARMA,1
CLOR VALACICLOVIR 500MG 10CP RANBAXY,1
CLORATADD 10MG COMP C/12,1
CLORIDRATO CLINDAMICINA 300 MG C/ 16 CPS GEN TEUTO,1
CLORIDRATO DE AMBROXOL 3MGML XPE FR 120ML GLOBO,1
CLORIDRATO DE AMIODARONA 200MG CX 30 COMP,1
CLORIDRATO DE AMITRIPTILINA 25 MG C/ 30 CPR GEN EMS,1
CLORIDRATO DE AMITRIPTILINA 25 MG C/ 30 CPR GEN MEDLEY,1
CLORIDRATO DE AMITRIPTILINA 25MG C/ 20CPR GEN EUROFARMA,1
CLORIDRATO DE AMITRIPTILINA 25MG C/ 30CPR GEN GERMED,1
CLORIDRATO DE AMITRIPTILINA 25MG C/30 GEN TEUTO,1
CLORIDRATO DE AMITRIPTILINA 75 MG C/ 30 CPR GEN MEDLEY,1
CLORIDRATO DE AMITRIPTILINA 75MG C/ 20 CPR GEN GERMED,1
CLORIDRATO DE AMITRIPTILINA 75MG C/ 30CPR GEN EMS,1
CLORIDRATO DE BUPROPIONA 150 MG C/ 60 CPR GEN UNIAO QUIMI,1
CLORIDRATO DE BUPROPIONA 150 MG C/30 CPR GEN UNIAO QUIMICA,1
CLORIDRATO DE BUPROPIONA 150 MG C/60 COMPRIMIDO EUROFARMA,1
CLORIDRATO DE BUPROPIONA 150MG C/ 30 CPR GEN NOVA QUIMICA,1
CLORIDRATO DE BUPROPIONA 150MG C/ 30CPR GEN GERMED,1
CLORIDRATO DE BUPROPIONA 150MG C/ 60 CPR GEN NEO QUIMICA,1
CLORIDRATO DE BUPROPIONA 150MG C/ 60CP GEN EUROFARMA,1
CLORIDRATO DE BUPROPIONA 150MG C/ 60CPR GEN GERMED,1
CLORIDRATO DE BUPROPIONA XL 150MG C/30 CPR GERMED,1
CLORIDRATO DE BUPROPIONA XL 300MG 30CPR NOVA QUIMICA,1
CLORIDRATO DE BUPROPIONA150 MG C/30 CPR GEN EUROFARMA,1
CLORIDRATO DE CIPRO+DEXAM SOL OFT 5ML EMS,1
CLORIDRATO DE CIPROFLOXACINO + DEXA DESMARCADOS GEOLAB,1
CLORIDRATO DE CIPROFLOXACINO 500 MG C/ 14 CPR GEN BIOLAB,1
CLORIDRATO DE CIPROFLOXACINO 500 MG C/14 CPR GEN CIMED,1
CLORIDRATO DE CIPROFLOXACINO 500MG C/ 14CP GEN EUROFARMA,1
CLORIDRATO DE CIPROFLOXACINO 500MG C/ 14CPR GEN GEOLAB,1
CLORIDRATO DE CIPROFLOXACINO 500MG C/ 14CPR GEN NEO QUIMICA,1
CLORIDRATO DE CIPROFLOXACINO 500MG C/ 14CPR GEN SANDOZ,1
CLORIDRATO DE CIPROFLOXACINO 500MG C/14CPR GEN PRATI,1
CLORIDRATO DE CLINDAMICINA 300MG C/16 CAPS GEN UNIAO QUIMICA,1
CLORIDRATO DE CLOMIPRAMINA 25MG C/ 20 CPR GEN SANDOZ,1
CLORIDRATO DE CLOMIPRAMINA 25MG C/ 20CPR GEN GERMED,1
CLORIDRATO DE CLOMIPRAMINA 75MG C/20 CPR GEN SANDOZ,1
CLORIDRATO DE DILTIAZEM 60MG 25CPR EMS,1
CLORIDRATO DE DILTIAZEM 60MG FR C/50 COMP REVES GE,1
CLORIDRATO DE DONEPEZILA 10MG 30CP,1
CLORIDRATO DE DONEPEZILA 10MG 30CPR NOVA QUIMICA,1
CLORIDRATO DE DONEPEZILA 10MG C/ 30 CPR GEN RANBAXY,1
CLORIDRATO DE DONEPEZILA 10MG C/30 COMPRIMIDO,1
CLORIDRATO DE DONEPEZILA 5 MG C/ 30 GEN RANBAXY,1
CLORIDRATO DE DONEPEZILA 5MG 30CP,1
CLORIDRATO DE DONEPEZILA 5MG C/30 CPR GEN GEOLAB,1
CLORIDRATO DE DOXICICLINA 100MG C/ 15 CPR GEN PHARLAB,1
CLORIDRATO DE DOXICICLINA 100MG C/ 15 CPR GEN SANDOZ,1
CLORIDRATO DE DULOXETINA 30 MG C/ 30 CPR GEN NOVA QUIMICA,1
CLORIDRATO DE DULOXETINA 30MG 30 CPS,1
CLORIDRATO DE DULOXETINA 30MG C/ 30 CPR GEN BIOSINTETICA,1
CLORIDRATO DE DULOXETINA 60 MG C/30 CAPS GEN NOVA QUIMICA,1
CLORIDRATO DE DULOXETINA 60MG 30 CPS GERMED GENERICO,1
CLORIDRATO DE DULOXETINA 60MG C/ 30CP GEN EUROFARMA,1
CLORIDRATO DE FEXOFENADINA 120MG 10CPS REV,1
CLORIDRATO DE FEXOFENADINA 120MG 10CPS REV (GERMED ),1
CLORIDRATO DE FEXOFENADINA 180MG 10 CPR,1
CLORIDRATO DE FLUOXETINA 10 MG C/28 CPS GEN GERMED,1
CLORIDRATO DE FLUOXETINA 10MG C/ 28 CPS,1
CLORIDRATO DE FLUOXETINA 20 MG C/ 30 CPR GEN GERMED,1
CLORIDRATO DE FLUOXETINA 20 MG C/30 CPS GEN UNIAO QUIMICA,1
CLORIDRATO DE FLUOXETINA 20MG 30CAP GERMED,1
CLORIDRATO DE FLUOXETINA 20MG C/30 CAPS GEN TEUTO,1
CLORIDRATO DE FLUOXETINA 20MG C/30 CAPSULAS PHARLAB,1
CLORIDRATO DE FLUOXETINA 20MG/ML,1
CLORIDRATO DE MEMANTINA 10MG C/ 60 CPS GEN PRATI DONADUZZI,1
CLORIDRATO DE MEMANTINA 10MG C/30 CPR GEN TEUTO,1
CLORIDRATO DE MEMANTINA 10MG COMP C/60 GEN TEUTO,1
CLORIDRATO DE MINOCICLINA 100MG C/ 30CPR GEN RANBAXY,1
CLORIDRATO DE MOXIFLOXACINO 400MG C/ 5 CPR GEN EUROFARMA,1
"CLORIDRATO DE NAFAZOLINA 0,5MG/ML SOL NAS FR 30ML ALTEFAR",1
CLORIDRATO DE NEBIVOLOL 5 MG C/30 COMPRIMIDOS,1
CLORIDRATO DE NEBIVOLOL 5 MG COM 30 TORRENT,1
CLORIDRATO DE NEBIVOLOL 5MG C/60 TEUTO,1
CLORIDRATO DE NORTRIPTILINA 25MG 30CP C1 RANBAXY,1
CLORIDRATO DE NORTRIPTILINA 25MG C/ 30 CPS GEN EUROFARMA,1
CLORIDRATO DE NORTRIPTILINA 50MG C/ 30CPS GEN RANBAXY,1
CLORIDRATO DE NORTRIPTILINA 75MG 30CAP RANBAXY,1
CLORIDRATO DE PAROXETINA 20MG 30CP GEN SANDOZ,1
CLORIDRATO DE PAROXETINA 20MG C/ 30 CPR GEN EUROFARMA,1
CLORIDRATO DE PAROXETINA 20MG C/ 30 CPR GEN GERMED,1
CLORIDRATO DE PAROXETINA 20MG C/ 30 CPR GEN UNIAO QUIMICA,1
CLORIDRATO DE PAROXETINA 20MG C/30 CPR PHARLAB,1
CLORIDRATO DE SERTRALINA 100 MG C/ 30 CPR GEN CERMED,1
CLORIDRATO DE SERTRALINA 100MG C/ 30 CPR GEN EUROFARMA,1
CLORIDRATO DE SERTRALINA 25MG C/ 30 CPR GEN EUROFARMA,1
CLORIDRATO DE SERTRALINA 50MG C/ 30 CPR GEN EUROFARMA,1
CLORIDRATO DE SERTRALINA 50MG C/ 30 CPR GEN GERMED,1
CLORIDRATO DE SERTRALINA 50MG C/30CPR,1
CLORIDRATO DE SIBUTRAMINA 15MG C/ 30CPS GEN BIOSINTETICO,1
CLORIDRATO DE SIBUTRAMINA MONOIDRATADO 15 MG C/ 30 CPS GEN E,1
CLORIDRATO DE SIBUTRAMINA MONOIDRATADO C/ 10 MG GEN EUROFARM,1
CLORIDRATO DE TETRACICLINA 500MG C/ 12 CPS GEN PRATI,1
CLORIDRATO DE TRAMADOL 50 MG C/ 10 CPS GEN EUROFARMA,1
CLORIDRATO DE TRAMADOL 50 MG C/ 10 CPS GEN NEO QUIMICA,1
CLORIDRATO DE TRAMADOL 50 MG C/10 CAPS GEN TEUTO,1
CLORIDRATO DE TRAMADOL 50MG C/ 10 CPS GEN GERMED,1
CLORIDRATO DE TRAMADOL 50MG C/10 CAPS EMS,1
CLORIDRATO DE TRAZODONA 100 MG C/ 30 CPR GEN NOVA QUIMICA,1
CLORIDRATO DE TRAZODONA 50 MG C/ 60 CPR GEN NOVA QUIMICA,1
CLORIDRATO DE TRAZODONA 50MG 60 CPR NEO QUIMICA,1
CLORIDRATO DE TRMADOL 100 MG/ML 10ML GEN EUROFARMA,1
CLORIDRATO DE VENLAFAXINA 150MG C/30 CPR,1
CLORIDRATO DE VENLAFAXINA 150MG C/30 CPR GERMED,1
CLORIDRATO DE VENLAFAXINA 75MG C/ 30 CAPS GEN EUROFARMA,1
CLORIDRATO DE VENLAFAXINA 75MG C/30 CPR,1
CLORIDRATO DE VENLAFAXINA 75MG C/30CP GERMED,1
CLORIDRATO DE VENLAFAXINA150MG C/30 CPR GEN EUROFARMA,1
CLORIDRATO HIDROXIZINA 25MG CX 30 COMP,1
CLORMADINONA + ETINILES 21CPR EUROFARMA,1
CLORTALIDONA 25M 60CP EMS,1
CLORTALIDONA 25MG 60CPR EMS,1
CLORTALIDONA 50MG 30CPR EMS,1
CLORTALIDONA 50MG 30CPR GERMED,1
CLOTRIMAZOL 10MG/G CR VAG 35GR+6APL EMS,1
CLOTRIMAZOL CR 20G GERMED,1
CLOTRIMAZOL CR VAG 1% 35G MEDLEY,1
CLOTRIMAZOL CR VAG 2% 20G MEDLEY,1
CLOTRIMAZOL CR VAG 35G 6APL GERMED,1
CLOTRIMAZOL+DEXAMETASONA 40G GERM,1
CLOTRIMIX UNHAS C/CLOTRIMAZOL7ML,1
CO DOVE RECONTRUCAO COMPLETA 400ML 1X400ML,1
CO HASKELL ALECRIM 500 ML,1
CO HASKELL BANANEIRA 500 ML|,1
CO HASKELL BENDITO LOIRO 300 ML,1
CO HASKELL BENDITO LOIRO 500 ML|,1
CO HASKELL BENDITO SEJA 300 ML,1
CO HASKELL BENDITO SEJA 500 ML,1
CO HASKELL CACHOS SIM 300 ML,1
CO HASKELL CACHOS SIM 500 ML,1
CO HASKELL CAVALO FORTE 1 LT|,1
CO HASKELL CBA AMAZONICO 300 ML,1
CO HASKELL CBA AMAZONICO 500 ML,1
CO HASKELL ENCORPA CABELO 300 ML,1
CO HASKELL ENCORPA CABELO 500 ML,1
CO HASKELL HIDRA CAVALO FORTE 300 ML,1
CO HASKELL HIDRA CAVALO FORTE 500 ML,1
CO HASKELL HIDRANUTRE 300 ML,1
CO HASKELL HIDRANUTRE 500 ML,1
CO HASKELL INFUSAO DE OLEOS 300 ML,1
CO HASKELL INFUSAO DE OLEOS 500 ML,1
CO HASKELL JABORANDI 500 ML,1
CO HASKELL MANDIOCA 1 LT|,1
CO HASKELL MANDIOCA AFRO 500 ML,1
CO HASKELL MATCHA E ALECRIM 300 ML|,1
CO HASKELL ORA PRO NOBIS 300ML,1
CO HASKELL ORA PRO NOBIS 500 ML|,1
CO HASKELL QUERATINA 500 ML,1
CO HASKELL SE CURVE 500 GR,1
CO HASKELL TUTANO 500 ML,1
CO OH MY LISO 500ML,1
CO OH MY VEM DE GLICOLICO 300ML,1
CO PANTENE 3MIN MILAGROSOS LISO EXTREMO 1X170ML,1
CO PANTENE 3MIN MILAGROSOS RESTAURACAO 1X170ML,1
CO SEDA BOMBA DE ARGAN 1X325ML,1
COBAGLOBAL 120ML,1
COBAGLOBAL 500MG C/20 CAPS,1
COBAVITAL 1 MG+ 4 MG 30 COMP-REFERENCIA,1
COBAVITAL 16CPR,1
COBAVITAL ESTIMULADOR DE APETITE 16 COMPRIMIDOS,1
COCA COLA SEM AÇÚCAR 350ML,1
COCA COLA ZERO AÇÚCAR 220ML,1
COCCULINE,1
COCYNTAL 10 FLACONETES,1
COCYNTAL C/10 UNI,1
COCYNTAL C/30 UNI,1
COD 30MG C 12 COMP,1
COD 30MG C/30 CPR,1
COD 60MG C/30 CPR,1
COD PAR 500 + 30 MG C/ 36 CPR,1
COD PAR 500 / 30MG C/ 24 CPR,1
COD PAR 500MG 30MG C/12 CPR,1
CODATEN 50 + 50MG C/ 20CPR,1
CODATEN 50+50 MG C/ 10 CPR,1
CODEIN 30MG C/ 30 CPR,1
CODEIN 30MG C/12 COMP A2C1-OUTROS,1
CODEIN 3MG/ML 120ML,1
CODEIN 60MG C/ 30 CPR,1
CODEX 30MG C/12 COMP,1
COEDEZ 200MG C/30 CAPS,1
COGIT 16MG C/30 CAPS,1
COGLIVE 16 MG C/30 CPS,1
COGLIVE 24MG 30CAPS,1
COGLIVE 24MG C/60 CAPS,1
COGLIVE 8 MG C/ 30 CAPS,1
COGMAX 60 CAPS,1
COGMAX FOS 60CPR,1
COGNI FOCUS 60 CAPSULAS,1
COGNI+ C/60 C0MP REV-DEMAIS PROD,1
COGNICX C/60 CAPS GEL-DEMAIS PROD,1
COGNITUS 225MG C/60 CPR,1
COL BODY SPLASH LABOTRAT BUBBLEGUM WITCH 190ML,1
COL BODY SPLASH LABOTRAT GREEN BREEZE 190ML,1
COL CAROLINA HERRERA GOOD GIRL 80ML,1
COL CHEIRINHO BEBE AZUL 750ML,1
COL CHEIRINHO BEBE LAVANDITA SPRAY 200ML,1
COL CHEIRO BEBE AZUL SPRAY 200ML,1
COL CHEIRO BEBE ROSA SPRAY 200ML,1
COL GB GIBY 200ML,1
COL SEIVA ALFAZEMA ORIGINAL 118ML,1
COL SEM AMONIA 600 LOURO ESC SUPERIA,1
COL TURMA DA MONICA 100ML,1
COL. NATUCOR 1.0 CHA PRETO,1
COL. NATUCOR 5.0 CASTANHA,1
COL.FLEXPELL-ECO 13 LITROS C/ 01 UNIDADE,1
COLA P/CILIOS PRETA 7G MK2028,1
COLA P/CILIOS TRANSPARENTE 7G MK1489,1
COLA P/UNHAS 3G MK2158,1
COLA PARA CILIOS RASKALO 7g,1
COLA PARA UNHAS RICCA POSTICAS 1X5GR,1
COLA PLASTICA 400GR,1
COLACT 667MG XPE FR 120ML SB AMEIXA,1
COLACT 667MG/ML LIQ 120ML,1
COLACT UNIAOQ ALIM XPE 120 ML FRUTAS,1
COLAGENO EM PO MORANGO 250G,1
COLAGENO EM PO TANGERINA 250 G,1
COLAGENO EM PO UVA 250G,1
COLAGENO HIDR. 250GR FRUTAS VERM 2 EM 1,1
COLAGENO HIDRO C/30 SACHES 11G,1
COLAGENO HIDROLISADO S/ACUCAR C/60CPS,1
COLAGENO HIDROLIZADO VERISOL 2EM1 SABOR FRUTAS VERMELHAS,1
COLAGENO PURO TIPO I E III 160G SABOR MORANGO,1
COLAGENO TIPO 1 2 E 3 3200MG C/120CPS,1
COLAGENO TIPO II C/30 CAPS/BLB,1
"COLAGENO VERISOL 2,5 G +ACIDO HIALURÔNICO+Q10, BIOTINA e ZINCO 30 ENVELOPES DE 5G",1
COLARTROX 30 SACHES DE 10 G,1
COLATEN 40MG 60CAPS,1
COLATEN ARTRO 30CPR REV,1
COLATEN FORCE 60CPR REV,1
COLATEN HA C/60 CAPS-DEMAIS PROD,1
COLATEN PLENNE C/30 SACHES,1
COLEDUE-R 10+10MG C 30CAPS DURA,1
COLEDUE-R 10+20MG C 30CAPS DURA,1
COLETOR PERF. CORTANTE 13 LT,1
COLETOR UNIV ESTERIL 80ML VERM.,1
COLETOR UNIVERSAL 50ML ESTERIL C/100,1
COLETOR UNIVERSAL 70 ML TRANSPARENTE,1
COLETOR UNIVERSAL FARMAX 70 ML C/100 POTE,1
COLETOR URINA INFANTIL FEMININO,1
COLETOR URINA INFANTIL MASCULINO,1
COLFLEX BIO 40MG C/30 CAPSULAS,1
COLFLEX BIO 40MG C/60 CAPSULAS (PORTAL DROGARIA),1
COLFLEX CURCUMA C 30 COMP,1
COLFLEX HIALU C/30 COMP REVESTIDO,1
COLFLEX HMB MUSCULAR 381G,1
COLFLEX TRIO C/30 SACHES (PBM PORTAL DROGARIA),1
COLG PLAX ODOR CONTROL 500ML,1
COLGATE CREME DENTAL TANDY 50G ( UVA E MORANGO ),1
COLGATE GLOW 70G CREME DENTAL,1
COLGEN II CAP GEL DURA 40MG C/60 UND,1
COLHER ATLAS P/ PEDREIRO 8 171/8,1
COLHER C/PONTA DE SILICONE SPECIAL AZUL LOLLY,1
COLHER C/PONTA DE SILICONE SPECIAL ROSA LOLLY,1
COLHER PONTA SILICONE SPECIAL,1
COLIC CALM SUSPENSAO ORAL 59ML,1
COLICALIV GOTAS 30ML,1
COLIDIS 5ML,1
COLIDIS GOTAS FR 10ML,1
COLIRIO GEOLAB 20 ML,1
COLIRIO LEGRAND 20ML,1
COLIRIO MOURA BRASIL 20ML,1
COLIRIO NEO BRASIL 20ML,1
COLIRIO TEUTO 20ML,1
COLLAGENO DIET PT 200G CRANBERRY,1
COLLESTRA 650MG C 60 CAPS,1
COLONIA EUDORA INSTANCE FRUTAS VERMELHAS SPRAY 1X200ML,1
COLONIA GIOVANNA BABY AZUL 1X50ML,1
COLONIA GIOVANNA BABY CHERRY 1X50ML,1
COLONIA GIOVANNA BABY ROSA 1X50ML,1
COLONIA IMP.FANTASY BRITNEY EDT 30ML,1
COLONIA IMP.GABRIELA SABATINI EDT FEM 30ML,1
COLONIA INFANTIL BARUEL BABY LAVA TOQUE DE FRES 1X120M,1
COLONIA INFANTIL BARUEL BABY SONO TRANQUILO 1X120ML,1
COLONIA INFANTIL BEBE NATUREZA LAVANDA DO CAMPO 1X120ML,1
COLONIA INFANTIL BEBE NATUREZA SUAVE 1X120ML,1
COLONIA INFANTIL BEBE VIDA 1X200ML,1
COLONIA INFANTIL EUDORA BABY 1X100ML,1
COLONIA INFANTIL GRANADO BEBE CAMOMILA 1X100ML,1
COLONIA INFANTIL GRANADO BEBE TRADICIONAL 1X100ML,1
COLONIA INFANTIL SKALINHA LAVANDA 1X200ML,1
COLONIA LAVANDA J&J BABY 200ML,1
COLONIA PEG SEIVA DE ALFAZEMA 1X118ML,1
COLPIST MT CR VAG C/10APLICADORES,1
COLPISTATIN CR VAG 40G+10 APLICADORES,1
COLPOTROFINE CR VAG 30G 20 APLIC,1
COLUJET 1MGG PASTA BG 10G,1
COLUNA SUSPENSA ETNA SABATINI BRANCA ICASA,1
COLÁGENO + VITAMINA C 400MG 60CÁPSULAS,1
COLÁGENO HIDROLISADO + VITAMINA C 60 CÁPSULAS,1
COMBI AD 30ML,1
COMBIGAN SOL ESTERIL 5ML,1
COMBIRON FOLICO 45CPS,1
COMBODART C/ 90CAPS,1
COMPLEXIMED B + VITAMINA C/60 COMP REV,1
COMPLEXO ALMEIDA PRADO N35,1
COMPLEXO ALMEIDA PRADO N46,1
COMPLEXO B 100CPR ARTE NATIVA,1
COMPLEXO B 100CPR REV EMS,1
COMPLEXO B 500MG 60 CAPSULAS SUPRA,1
COMPLEXO B C/30CP ECOFITUS,1
COMPLEXO B GTS 30ML,1
COMPLEXO FORTALECEDOR HASKELL CAVALO FORTE 35ML,1
COMPLEXO FORTALECEDOR HASKELL CAVALO FORTE 40ML,1
COMPLEXO HOM AP 34 CPS 1X60,1
COMPRESS ESTERIL 13FIO PC/10UNID,1
COMPRESSA ANTI FEBRE - C/ 4 UNIDADES,1
COMPRESSA DE GAZE 9F C/500 UNID.SANFARMA,1
COMPRESSA DE GAZE EST 13 FIOS 10UN,1
COMPRESSA DE GAZE ESTERIL 13F C/10,1
COMPRESSA GAZE 10UNID CREMER,1
COMPRESSA GAZE C/ 10 UNIDADES,1
COMPRESSA GAZE ESTERIL C 10 CREMER,1
CON BEBE NATUREZA EXTRATO DE ALGODÃO 230ML,1
CON BIOEXT CACHOS E CRESPOS 250ML,1
CON BIOEXT JABORANDI ALECRIN QUILAIA 500ML,1
CON BIOEXT PROT LEITE 500ML,1
CON BIOEXT SPECIALISTA RESGATE 300ML,1
CON BIOEXT TUTANO CERAM 500ML,1
CON BIOEXT UMECT. OLEO DE COCO 250ML,1
CON DILATADOR NASAL TRANSP.C9 GRANDE,1
CON DILATADOR NASAL TRANSP.C9 PEQUENO,1
CON DOVE OLEO NUTRICAO ARGAN 400ML,1
CON HASKELL AMETISTA 300 ML,1
CON HASKELL BANANEIRA 300 ML,1
CON HASKELL MURUMURU 500 ML,1
CON HASKELL POS PROGRESSIVA 300 ML,1
CON HASKELL QUINA ROSA 300 ML,1
CON HASKELL RESGAT TOTAL 300 ML,1
CON HASKELL TUTANO 300 ML,1
CON HASKELL VOLUME CONTROL 300 ML,1
CON J&J BABY CACH 200ML,1
CON J&J BABY REG GOLD 200ML,1
CON KIT NEBUL GTECH SUPER FLOW ADULTO,1
CON PANTENE BRILHO EXTREMO 400ML,1
CON PANTENE RESTAURAC PROF 400ML,1
CONCARDIO 10MG 30CPR (PORTAL DROGARIA),1
CONCARDIO 5MG 30CPR (PORTAL DROGARIA),1
CONCARDIO 5MG C 100 COMP,1
CONCENTRADO CAPILAR ANTICASPA,1
CONCENTRADO CAPILAR ANTIQUEDA,1
CONCERTA 18 MG C 30 COMP,1
CONCERTA 36MG C 30CP LP A3,1
CONCERTA 54MG C/30 COMP,1
CONCHAS DE AMAMENTAÇÃO PRÉ-PARTO 2 TAMANHOS BASE RÍGIDA,1
CONCOR 10MG C/ 30 COMP REV,1
CONCOR 5MG C/ 30 COMP REV,1
CONCOR ANLO 5+5MG C/30 COMP,1
COND ACORDA CACHOS 300ML (CHIKAS),1
COND AJI SAL CHURRASCO 500G,1
COND B&K GIBY&GABY 1X200ML,1
COND BEBE CALENDULA 250ML,1
COND BEBE GRANADO TRADICIONAL,1
COND CASULAO OLEO DE ARGAN 330ML,1
COND CRESC CAP 300ML CAPHAIR,1
COND CRESCE E APARECE 300ML (CHIKAS),1
COND DELETA DANOS 300ML (CHIKAS),1
COND DERCOS ENERGIZANTE 150 ML-DEMAIS PROD,1
COND DESLIZA LISO 300ML (CHIKAS),1
COND DESMAIA CABELO 300ML (CHIKAS),1
COND DETOX 320ML TERRANATIVA COSMETICOS,1
COND DOVE BOND INT REPAIR 250ML,1
COND ELS HIALURONICO PURE 200ML,1
COND ELS HIALURONICO PURE 400ML,1
COND ELSEVE COLORVIV 200ML,1
COND ELSEVE EXT NUTRI 200ML,1
COND ELSEVE GLYCOLIC GLOSS 200ML,1
COND ELSEVE HIDR HIALU 200ML-,1
COND ELSEVE LONGO SONHOS 400ML-OUTROS,1
COND ELSEVE PURE HIALURO 200ML,1
COND ELSEVE RT5 EXTRA PROF 400ML,1
COND ELSEVE RT5 QUIMICA 400ML,1
COND GRANADO BEBE 250ML LAVANDA,1
COND GRANADO BEBE 250ML TRADICIONAL,1
COND GRANADO BEBE CAMOMILA 250ML,1
COND HASKELL CAVALO FORTE 500ML,1
COND HASKELL LISO COM FORÇA 300ML,1
COND HASKELL LISO COM FORÇA 500ML,1
COND HASKELL MURUMURU 300ML,1
COND HASKELL QUERATINA 300ML,1
COND HASKELL QUINA ROSA 500ML,1
COND J&J BABY BLACKI PODER 380ML,1
COND LISO DOS SONHOS ELSEVE 400ML,1
COND LOLA ELA E CARIOCA 500G,1
COND MEU UNI NUTRIEX 250ML,1
COND NUTRICAO 320ML TERRANATIVA COSMET,1
COND PAMPERS GLICERINA 200ML,1
COND PANTENE CACHOS DEFINIDOS 400 1X400ML,1
COND POS QUIMICA 320ML TERRANATIVA COSM,1
COND SALON LINE MEU LISO MATOZADOR 300ML,1
COND SEDA BOMBA DE NUTRI 325ML,1
COND SEDA CACHOS DEFINIDOS 325 ML,1
COND SEDA CRESC SAUD 325ML,1
COND SEDA HIDRA E LEVEZA 325ML,1
COND SEDA OLEO HIDRATACAO 325ML,1
COND SEDA PRETOS LUMINOSOS 325ML,1
COND SEDA SOS CERAMIDAS 325ML,1
COND SIAGE LIS INT 200ML,1
COND TIO NACHO ENGROSSADOR 415,1
COND TIO NACHO GINSENG 415ML,1
COND TRESEME BRILHO LAMELAR650ML,1
COND TURMA MONICA CAMOMILA CABELOS CLAROS 200ML/PAN,1
COND TURMA MONICA SUAVE CABELOS DELICADOS 200ML/PAN,1
COND XUXINHA TRAD 120ML,1
COND. ACAFRAO 20G,1
COND. CHIMICHURRI,1
COND. COLORAU 100G,1
COND. HASKELL OLEO DE ARGAN 500 ML,1
COND. LIDER COLORAU 40G,1
COND. LIDER TEMPERO PARA FRANGO E ARROZ 30G,1
COND. MOLHO SHOYU 145ML,1
COND. OREGANO 200G,1
COND. PIMENTA DO REINO 90G,1
COND. SAL DE PARRILLA ORIGINAL 600G,1
COND. SALON OPUS ARGAN 350ML,1
COND.AR ELGIN HXFE12 EX.F.220V,1
COND.AR ELGIN HXFI12 IN.220V,1
COND.INVIGO BRILLIANCE WELLA 1LT,1
COND.INVIGO NUTRI ENRICH WELLA 200ML,1
COND.S.LINE KIDS SOS 300ML,1
COND.S.LINE KIDS SOS DEFINIÇÃO 300ML,1
CONDI ANTIQUEDA CLEAR FEMININO DERMA SOLUTIONS 1X300,1
CONDI INFAN SALON LINE TO DE CACHINHO MOLINHAS HIDRA 1X300M,1
CONDI. PANTENE 3MIN MILAGROSOS CACHOS HIDRAVITAM 1X17,1
CONDI. PANTENE 3MIN MILAGROSOS HIDRATACAO 1X170ML,1
CONDIC SALON LINE SOS CACHOS MEL 300ML,1
CONDIC SALON LINE SOS CACHOS OLEO DE MANGA 300ML,1
CONDIC SALON LINE VINAGRE DE MAÇÃ 300ML,1
CONDIC SEDA BOOM PRO CURVATURA HIDRATACAO 1X300ML,1
CONDIC.SEDA LISO PERFEI.325ML,1
CONDIC.SEDA N.SECR.HID.MIC.32,1
CONDIC.SEDA REST.INSTANT.325M,1
CONDICI INFANTIL ACQUA KIDS MARSHMALLOW 1X250ML,1
CONDICI INFANTIL BARUEL BABY CABELOS CACHEADOS 1X210ML,1
CONDICI. INFANTIL ACQUA KIDS TUTTI FRUTTI 1X250ML,1
CONDICIONADOR ANTIQUEDA 2% GLICERINA + 1% D-PANTENOL + 05%,1
CONDICIONADOR DARLING DETOX 1X350ML,1
CONDICIONADOR DORA AVENTUREIRA 500 ML,1
CONDICIONADOR DOVE BIG HIDRA-LISO 1X400ML,1
CONDICIONADOR DOVE BIG TEXTURAS REAIS CACHEADOS 1X400ML,1
CONDICIONADOR DOVE BIG TEXTURAS REAIS CRESPOS 1X400ML,1
CONDICIONADOR DOVE BOND INTENSE REPAIR + PEPITIDEO 1X150ML,1
CONDICIONADOR DOVE PODER DAS PLANTAS FORCA BAMBU 300ML,1
CONDICIONADOR DOVE PODER DAS PLANTAS NUTRICAO GERANIO 300ML,1
CONDICIONADOR DOVE PODER DAS PLANTAS PURIFICA GENGIBRE 300ML,1
CONDICIONADOR ELSEVE 200ML PURE HIALURO,1
CONDICIONADOR ELSEVE BIG CACHOS LONGO SONHOS 1X400ML,1
CONDICIONADOR ELSEVE BIG GLYCOLIC GLOSS 1X400ML,1
CONDICIONADOR ELSEVE BIG LISO DOS SONHOS 400ML,1
CONDICIONADOR ELSEVE BIG OLEO EXTRAORDINARIO 1X400ML,1
CONDICIONADOR ELSEVE LONGO DOS SONHOS 1X200ML,1
CONDICIONADOR EUDORA INSTANCE ABACATE E OLIVA 1X300ML,1
CONDICIONADOR EUDORA SIAGE ACELERA O CRESCIMENTO 1X200ML,1
CONDICIONADOR EUDORA SIAGE CAUTERIZACAO DOS FIOS 1X200ML,1
CONDICIONADOR EUDORA SIAGE CAUTERIZACAO DOS LISOS 1X200ML,1
CONDICIONADOR EUDORA SIAGE CICA-THERAPY 1X200ML,1
CONDICIONADOR EUDORA SIAGE COMBATE O FRIZZ 1X200ML,1
CONDICIONADOR EUDORA SIAGE DERMOHAIR ANTICASPA 1X280ML,1
CONDICIONADOR EUDORA SIAGE DERMOHAIR ANTIQUEDA 1X280ML,1
CONDICIONADOR EUDORA SIAGE EXPERT REGEN POS QUIMICA 1X200,1
CONDICIONADOR EUDORA SIAGE GLOW EXPERT 1X200ML,1
CONDICIONADOR EUDORA SIAGE HAIR PLASTIA 1X200ML,1
CONDICIONADOR EUDORA SIAGE HIDRATACAO MICELAR 1X200ML,1
CONDICIONADOR EUDORA SIAGE LISO INTENSO 1X200ML,1
CONDICIONADOR EUDORA SIAGE LOIRO EXPERT 1X200ML,1
CONDICIONADOR EUDORA SIAGE MEN HIDRATACAO INTENSA 1X200ML,1
CONDICIONADOR EUDORA SIAGE NUTRI DIAMOND 1X200ML,1
CONDICIONADOR EUDORA SIAGE NUTRI OURO 1X200ML,1
CONDICIONADOR EUDORA SIAGE NUTRI ROSE 1X1L,1
CONDICIONADOR EUDORA SIAGE NUTRI ROSE 1X400ML,1
CONDICIONADOR EUDORA SIAGE NUTRI ROSE REFIL 1X400ML,1
CONDICIONADOR EUDORA SIAGE OLEOS PODEROSOS 1X200ML,1
CONDICIONADOR EUDORA SIAGE PRO CRONOLOGY 1X200ML,1
CONDICIONADOR EUDORA SIAGE RECONSTROI OS FIOS 1X200ML,1
CONDICIONADOR EUDORA SIAGE REGENERACAO POS QUIMICA 1X200ML,1
CONDICIONADOR EUDORA SIAGE RESGATE IMEDIATO 1X200ML,1
CONDICIONADOR EUDORA SIAGE RESTAURACAO NUTRI ROSE 1X200ML,1
CONDICIONADOR EUDORA SIAGE RESTAURACAO ROSE 1X200ML,1
CONDICIONADOR EUDORA SIAGE REVELA OS CACHOS 1X200ML,1
CONDICIONADOR GOTA DOURADA FORTALECIMENTO CAB CACHEADOS 1X43,1
CONDICIONADOR GOTA DOURADA HIALURONICO 1X300ML,1
CONDICIONADOR HASKELL POS PROGRESSIVA 500 ML,1
CONDICIONADOR INFANTIL BARUEL BABY CABELOS CRESPOS 1X400ML,1
CONDICIONADOR INFANTIL BEBE NATUREZA SUAVE 1X230ML,1
CONDICIONADOR INFANTIL BEBE VIDA 1X200ML,1
CONDICIONADOR INFANTIL CHEIRINHO BEBE AZUL 1X210ML,1
CONDICIONADOR INFANTIL CHEIRINHO BEBE ROSA 1X210ML,1
CONDICIONADOR INFANTIL EUDORA BABY 1X200ML,1
CONDICIONADOR INFANTIL EUDORA KIDS MACIO FEITO NUVEM 1X200ML,1
CONDICIONADOR INFANTIL GRANADO BEBE ERVA DOCE 1X250ML,1
CONDICIONADOR INFANTIL GRANADO BEBE LAVANDA 1X250ML,1
CONDICIONADOR INFANTIL HUGGIES KIDS BRILHO MAGICO 1X360ML,1
CONDICIONADOR INFANTIL HUGGIES KIDS CACHINHOS PODEROS 1X360,1
CONDICIONADOR INFANTIL HUGGIES KIDS NUTRICAO E FORCA 1X360ML,1
CONDICIONADOR INFANTIL KOLENE CACHINHOS 1X300ML,1
CONDICIONADOR INFANTIL MURIEL BABY AZUL 1X100ML,1
CONDICIONADOR INFANTIL MURIEL BABY ROSA 1X100ML,1
CONDICIONADOR INFANTIL PALMOLIVE KIDS MINIONS 1X350ML,1
CONDICIONADOR INFANTIL PAMPERS GLICERINA 1X200ML,1
CONDICIONADOR INFANTIL SEDA FROZEN BRILHO 300ML,1
CONDICIONADOR INFANTIL SEDA MOANA CACHOS 300ML,1
CONDICIONADOR INFANTIL SEDA TIANA CRESPOS 300ML,1
CONDICIONADOR INFANTIL SKALINHA CAMOMILA 1X200ML,1
CONDICIONADOR INFANTIL SKALINHA SALVIA 1X200ML,1
CONDICIONADOR KOLENE ORIGINAL COM APLICADOR 1X500ML,1
CONDICIONADOR NIELYEGOLD DETOX 1X175 ML,1
CONDICIONADOR OX GLICOLICO 1X240ML,1
CONDICIONADOR OX MARI MARIA 1X240ML,1
CONDICIONADOR PANTENE 3 MINUTOS MILAGRACOS HIDRO CAUTERIZAO,1
CONDICIONADOR PANTENE BIG BIOTINAMINA B3 1X250ML,1
CONDICIONADOR PANTENE BIG COLAGENO 1X510ML,1
CONDICIONADOR PANTENE BIG EQUILIBRIO RAIZ E PONTAS 1X510ML,1
CONDICIONADOR PANTENE BIG QUERATINA PREENCHE E BLINDA 1X510M,1
CONDICIONADOR PANTENE COLAGENO 1X150ML,1
CONDICIONADOR PANTENE COLAGENO 1X250ML,1
CONDICIONADOR PANTENE EQUILIBRIO RAIZ E PONTAS 1X150ML,1
CONDICIONADOR PANTENE EQUILIBRIO RAIZ E PONTAS 1X250ML,1
CONDICIONADOR PANTENE QUERATINA PREENCHE E BLINDA 1X150ML,1
CONDICIONADOR PANTENE QUERATINA PREENCHE E BLINDA 1X250ML,1
CONDICIONADOR SALON LINE MEU LISO ESCUDO ANTIPOROSIDADE 1X30,1
CONDICIONADOR SALON LINE MEU LISO MATIZADOR PRETO 1X300ML,1
CONDICIONADOR SALON LINE SOS BOMBA FORCA ENGROSS 1X300,1
CONDICIONADOR SALON LINE SOS BOMBA HIDRAT RECONSTRUT 1X300,1
CONDICIONADOR SALON LINE SOS BOMBA ORIGINAL 1X500ML,1
CONDICIONADOR SALON LINE SOS CACHO ARGININA 1X300ML,1
CONDICIONADOR SALON LINE SOS CACHO AZEITE DE OLIVA 1X300ML,1
CONDICIONADOR SALON LINE SOS CACHOS COCO 1X300ML,1
CONDICIONADOR SALON LINE TODECACHO HIDRA PREENCHED 1X250M,1
CONDICIONADOR SALON LINE TODECACHO NUTRICAO REPOSI 1X250,1
CONDICIONADOR SALON LINE TODECACHO REPA FORTALE 1X250M,1
CONDICIONADOR SEDA BIOTINA + OLEO DE RICINO 1X325ML,1
CONDICIONADOR SEDA GIGI GRIGIO ONDAS ANTIFRIZZ 1X325ML,1
CONDICIONADOR SEDA LUMINOUS UV GLYCOL 4% + VITA C 1X300ML,1
CONDICIONADOR SEDA NIINA SECRETS COLAGENO E VITAMINA C 1X325,1
CONDICIONADOR SEDA PREBIOTICOS + BIOTINA 1X325ML,1
CONDICIONADOR SEDA SUPER 1 MIN RECUPERACAO INTENSIVA 1X170ML,1
CONDICIONADOR TIO NACHO BIG ANTIQUEDA FORTALEC 1X415ML,1
CONDICIONADOR TIO NACHO BIG ANTIQUEDA PURIFICADOR 1X415ML,1
CONDICIONADOR TOK BOTHANICO CERAMIDAS 1X400ML,1
CONDICIONADOR TOK BOTHANICO OLEO DE ARGAN 1X500ML,1
CONDICIONADOR TRESEMME BIG BRILHO LAMELAR 1X400ML,1
CONDRES 40 MG 30 CAPS,1
CONDRES COLAGENO 40MG C/90 CAPS,1
CONDRES FORCE 80MG C/30 CAPS,1
CONDRES FORCE 80MG C/90 CAPS,1
CONDRES PERFORMA C/30 SACHE 5G,1
CONDRES ULTRA C 30 CAPS,1
CONDRES ULTRA C/90 CAPS,1
CONDROFLEX 90 CAPS,1
CONDROFLEX ABACAXI 30 SCH4G,1
CONDROFLEX MIX 30 SACHES,1
CONDROFLEX PO 30SACHES,1
CONDROFLEX SUPLEMENTO QUE MELHORA A INFLAMAÇÃO DAS ARTICULAÇÃO 30 ENVELOPES,1
CONDUITE AMARELO 3 4X 50M - TRAMONTINA,1
CONDUTOR DENTAL PASSE FIO 30UND,1
CONDUTOR DENTAL(PASSAFIO),1
CONDUVAZ 450MG + 50MG X 30 COM REV,1
CONIDRIN 3% SOL SPR X 60ML,1
CONJ. MASCARA AEROSOL INFANTIL,1
CONJUNTO ESCOVA E PENTE BRANCO KUKA,1
CONSIV 36MG 30CPR,1
CONTRACTUBEX GEL 20G,1
CONTRACTUBEX GEL 50G,1
CONTRAVE 8MG+90MG 120CPR,1
COPINHO COM ALCA 270 ML AZUL BUBA,1
COPINHO COM ALCA 270 ML ROSA BUBA,1
COPO 250ML C ALCA URSINHO AZUL BUBA,1
COPO 250ML C ALCA URSINHO ROSA BUBA,1
COPO 360 AZUL KUKA,1
COPO 360 COM ALCA AZUL BUBA,1
COPO 360 COM ALCA ROSA BUBA,1
COPO 360 OCEANO 250ML C/ALCA F LOLLY,1
COPO 360 OCEANO 250ML C/ALCA M LOLLY,1
COPO 360 OCEANO 330ML F LOLLY,1
COPO 360 OCEANO 330ML M LOLLY,1
COPO 360 ROSA KUKA,1
COPO 6176 DEC C/ CANUDO FUN 330ML MENINO,1
COPO ANTI-VAZAMENTO BABY DINOSSAURO BUBA,1
COPO ANTI-VAZAMENTO BABY UNICORNIO BUBA,1
COPO ANTIVAZAMENTO DECORADO 250ML AZ NEOPAN,1
COPO ANTIVAZCALCA 250ML RS LOL 710401,1
COPO C/ CANUDO ZOO 330ML(7194) CAT,1
COPO C/ CANUDO ZOO 330ML(7194) LOBO,1
COPO C/ CANUDO ZOO 330ML(7194) MOO,1
COPO CLEAN AZUL CANUDO,1
COPO CLEAN BICO SIL 200ML F LOLLY,1
COPO CLEAN BICO SIL 200ML M LOLLY,1
COPO CLEAN C/CANUDO 300ML AZ LOLLY,1
COPO COM ALÇA ISABABY +6 MESES,1
COPO COPOBRAS AGUA 180ML TRANSPARENTE 25X100,1
COPO COPOBRAS AGUA 200ML TRANSPARENTE 25X100,1
COPO DE TREINAMENTO COM ALCA AZUL BUBA,1
COPO DE TREINAMENTO COM ALCA ROSA BUBA,1
COPO DECORADO FUN 330 ML MENINO KUKA,1
COPO DECORADO FUN 330ML MENINA KUKA,1
COPO FUN BICO RIGIDO 330ML MENINA KUKA,1
COPO FUN BICO RIGIDO 330ML MENINO KUKA,1
COPO FUN TO DRINK 270ML AZUL 4237 MAM,1
COPO FUN TO DRINK 270ML LILAS 4238 MAM,1
COPO FUNDO DO MAR AZUL BUBA,1
COPO FUNDO DO MAR ROSA BUBA,1
COPO GREMIO AZUL/PRETO 473ML,1
COPO INTER BRANCO/VERMELHO 473ML,1
COPO STAR BICO SIL 250ML,1
COPO STARTER CUP 150 ML BOYS MAM,1
COPO STARTER CUP 150 ML GIRLS MAM,1
COPO TERMICO PAREDE DUPLA 400ML AZUL BUBA,1
COPO TERMICO PAREDE DUPLA 400ML ROSA BUBA,1
COPO TERMICO PAREDE DUPLA 400ML VERDE BUBA,1
COPO TERMICO PAREDE DUPLA C/ CANUDO AZUL BUBA,1
COPO TERMICO PAREDE DUPLA C/ CANUDO ROSA BUBA,1
COPO TERMICO PAREDE DUPLA C/CANUDO AZ BUBA,1
COPO TERMICO PAREDE DUPLA C/CANUDO ROSA BUBA,1
COPO TRAINER NIGHT 220ML AZUL MAM,1
COPO TRAINER NIGHT 220ML ROSA MAM,1
COPO TREIN. 360 266ML MENINO,1
COPO TREINAMENTO DECORADO FUN 330ML MENINA,1
COPO TREINAMENTO DECORADO FUN 330ML MENINO,1
COPO VIVA COM CANUDO 330ML AZUL LOLLY,1
COPO VIVA COM CANUDO 330ML ROSA LOLLY,1
COQ10 OMEGA3+VIT.E 1000MG C/60SOFTGELS,1
COQUES 200 MG C/ 30 CAPS,1
COQUES 200MG C/10 CAPS,1
COQUETEL. C/MISTURADOR PRTO 1DOSE 600ML MR234,1
COQUETELEIRA 1 DOSE NACIONAL,1
COQUETELEIRA 600ML - VERDE NEON THERAPI,1
COQUETELEIRA 700ML INCOLOR,1
COQUETELEIRA BN 600ML ROSA,1
COQUETELEIRA BN 700ML PRETA MAX TITANI,1
COQUETELEIRA CRAZY ATLHETICA,1
COQUETELEIRA DARKNESS 1 DOSE,1
COQUETELEIRA DUX - FUME 800ML,1
COQUETELEIRA FITOWAY TIFFANY,1
COQUETELEIRA FTW FUME,1
COQUETELEIRA IM 1 DOSE 600 ML,1
COQUETELEIRA IMP 700ML MAX TITANIUM,1
COQUETELEIRA INTEGRAL TRT 600ML,1
COQUETELEIRA PRETA 700ML,1
COQUETELEIRA SIMPLES,1
COQUETELEIRA TRANSPARENTE 700ML,1
COREGA CREME ULTRA SEM SABOR L68P50 PROM 2X1,1
COREGA LC PO 22G,1
COREGA LIMPADOR TABS BRANQUEADOR C/06 CPR,1
COREGA PO 3EM1 SEM SABOR 22G,1
COREGA PO FR 50G,1
COREGA TABS BRANQ C 30PAST LIMP,1
COREGA TABS PASTILHA DE LIMPEZA REGULAR 3 MINUTOS 5X6UN 1X1,1
COREGA ULT CR S SAB TRIP AC 40G,1
COREGA ULT CR S SAB TRIP AC 70G,1
COREGA ULTRA CR MENTA 40G,1
COREGA ULTRA CR SSABOR 68G,1
COREGA ULTRA PO 50G,1
CORETOM 4.3 CASTANHO MEDIO DOURADO,1
CORISTINA C/4 COMP,1
CORISTINA D 16 COMP,1
CORISTINA D C/8 COMP-REFERENCIA,1
CORISTINA D CONGEST 12CPR,1
CORISTINA D PRO C/16 COMP,1
CORISTINA D PRO C/8 COMP,1
CORRETIVO DUO C CACAU FEELS HB-8101 S4,1
CORRETIVO DUO MEL COCO QFEELS HB-8101 S3,1
CORRETIVO DUO PUDIM FEELS HB-8101 S2,1
CORT UNHA ENOX PEQ C/CHAVEIRO und,1
CORTA COMPRIMIDO TRANSPARENTE,1
CORTADOR DE COMPRIMIDOS AZUL,1
CORTADOR DE COMPRIMIDOS ROSA,1
CORTADOR DE UNHAS CORTE DIAGONAL MK2875,1
CORTADOR DE UNHASUNHEX BABY - MIX,1
CORTADOR TRIM ISABABY MAO INFANTIL,1
CORTICORTEN 20MG 20CPR,1
CORTICORTEN 5MG 20CPR,1
CORTIGEN 10MG/G CR DERM 20G,1
CORUS 25MG C/30 COMP DESC PORTAL,1
CORUS H 100/25MG 30CPR DESC PORTAL,1
CORYZALIA,1
CORYZALIA UNIDOSE,1
COSOPT COL 5ML,1
COTONETE J&J C150,1
COTONETE J&J C75,1
COTONETE J&J COPO C150,1
COTONETES FLEXIVEIS MINIONS,1
COTONETES TOPZ C/150 UNI,1
COXETO 90MG 7CPR,1
COZAAR 50MG 30CPR,1
CR ALIS SFERA KIT FINO DELIC MANT MANGA,1
CR ANASOL AA CREAM NOT 40G,1
CR ANTIPOLUICAO E ANTI-AGING FACIAL HIDRABENE 60G,1
CR AVEIA DAVENE CLASSICO FPS15 50G,1
CR AVEIA DAVENE HIPOALERGENICO FPS15 50G,1
CR AVEIA DAVENE INTENSA FPS15 50G,1
CR AVEIA DAVENE SUAVE FPS15 50G,1
CR BARBEAR BOZZANO ALOE VERA 65G,1
CR BARBEAR BOZZANO P SENSIVEL 65G DESC,1
CR BARE VANILLA SHIMMER VICTORIA´S SECRET 236ML,1
CR BARE VANILLA VICTORIA´S SECRET 236ML,1
CR BARE VANILLA VICTORIA´S SECRET SHIMMER 236ML,1
CR BEPANTOL DERMA 40G,1
CR BICHO S BOM CASULAO 950G,1
CR BIOEXT BANH TUTANO CERM 1000G,1
CR BIOEXT BANH TUTANO CERM 250G,1
CR BIOEXT JABORANDI 1000G,1
CR BIOEXT JABORANDI 250G,1
CR BIOEXT JABORANDI 500G,1
CR BIOEXT PROT LEITE NEUTRO 500G G1,1
CR CAB NOVEX OLEO DE ABACATE 1KG UN/0001,1
CR CICATRICURE FPS30 DIURNO 50G-DEMAIS PROD,1
CR CORP DEPIL DEPIMIEL ARGILA/ROSA 120G,1
CR CORP DEPIL DEPIMIEL MEN TITAN 120G,1
CR CUTI PINK GRANADO 100GR,1
CR DE ASSADURA PERSONALIDADE 1X60GR,1
CR DENT CARMED MINHOCA 70G,1
CR DENT CLOSE UP TRIPLE HORT 70G,1
CR DENT CLOSE UP TRIPLE MENT 70G,1
CR DENT COLG CALCI ANTICARIE 90G,1
CR DENT COLG INF MALV FAVOR 60G,1
CR DENT COLG LUM WHIT CARV 140G,1
CR DENT COLG LUM WHITE CAFE 70G,1
CR DENT COLG LUMI WHITE VINHO 70G,1
CR DENT COLG NAT EXT CARVMEN140G,1
CR DENT COLG NATU DEFESA REFO90G,1
CR DENT COLG NATUR EXTR CARV 70G,1
CR DENT COLG PERIOGARD 90G,1
CR DENT COLG PERIOGARD HORT 60G,1
CR DENT COLG PROALIVIO BRANQ 90G,1
CR DENT COLG SEN PRO ALIV GEN60G,1
CR DENT COLG T12 CLEAN MINT 180G C/2,1
CR DENT COLG T12 GENG REFOR 140GR,1
CR DENT COLG TOTAL 12 WHITENING GEL 90G,1
CR DENT COLG TOTAL ADV FRESH 90G-DEMAIS PROD,1
CR DENT COLG TT 12 ANT TART 140G,1
CR DENT COLGATE MAX PR ANT 90G,1
CR DENT COLGATE MAX PROTECAO 50G TRADICIONAL,1
CR DENT SENSOD PR COM ANTTAR 90G,1
CR DENT SENSODYNE BRANQ EX FRESH 90G,1
CR DENT SENSODYNE GEN BRANQ 100G-DEMAIS PROD,1
CR DENT SENSODYNE ORIGINAL 90G,1
CR DENT SENSODYNE ULTRA PROTEÇÃO 50G,1
CR DENT SENSODYNE ULTRA PROTEÇÃO 90G,1
CR DENT SORR TRIP LIMP 120G-DEMAIS,1
CR DENT TANDY MORANGO 50G,1
CR DENT TANDY UVA 50G,1
CR DENTAL 3+ENX LUMINOUS WHITE 250ML,1
CR DT SENSODYNE PROESMALTE 50G,1
CR ELSEVE GLYCOLIC GLOSS 250ML,1
CR FAC ANASOL NOT ANTIR 75G,1
CR FAC DEPIROLL BUCO ARGAN 50G,1
CR FAC VULT ANTIS 7X1 100G,1
CR FAC VULT NUT 7X1 100G,1
CR FACIAL MILIMETRIC ANTIRRUGAS 30 GRAMAS,1
CR GARNIER HIDRA MATTE FPS30 15G,1
CR GARNIER HIDRA MATTE FPS30 40G,1
CR GEZIL ROSA 80GR,1
CR HASKELL SILICONE TUTANO 150 ML|,1
CR HID ELSEVE REPARACAO TOTAL 5 1X300GR,1
CR HID KANECHOM AMIDO DE MILHO 1X1KG,1
CR HID KANECHOM COCO 1X1KG,1
CR HID KANECHOMN MANTEIGA KARITE 1X1KG,1
CR HID KANECHOMN MIX FRUIT 1X1KG,1
CR HID SKALA 18 ELEMENTOS 1X1KG,1
CR HID SKALA BABOSA 1KG,1
CR HID SKALA JABORANDI 1X1KG,1
CR HID SKALA LEITE CABRA 1KG,1
CR HID SKALA MANTEIGA DE KARITE 1X1KG,1
CR HID SKALA SOS ARGILA BRANCA 1X1KG,1
CR JJ CONTRA ASSADURAS 113G-DEMAIS PROD,1
CR LIFTACTIV COLLAGEN SPECIALIST 50ML,1
CR NIVEA 97GR,1
CR NIVEA ANT RUG Q10 NOT 50G,1
CR NIVEA ANT RUG Q10 PELE M 52G-DEMAIS PROD,1
CR NIVEA CELLUAR LUMI OLHOS 15ML,1
CR NIVEA CELLUAR LUMI SERUM 30ML,1
CR NIVEA CELLUAR LUMINOUS 40ML,1
CR NIVEA FAC ANTISSINAIS 100G-DEMAIS PROD,1
CR NIVEA FAC NUTRITIVO 100G-DEMAIS PROD,1
CR NIVEA FACIAL NOTURNO 100G-OUTROS,1
CR NIVEA HIDR FAC GEL ROSE 50ML,1
CR NIVEA LATA 145GR,1
CR NIVEA LATA 29G,1
CR NIVEA LATA MEN 30G,1
CR NIVEA LT 56G,1
CR NIVEA MAOS LUMINOUS FPS15 50G,1
CR NIVEA MD 56G-DEMAIS PROD,1
CR NIVEA SOFT 98G,1
CR NIVEA SOFT PT 49G,1
CR P/PENTEAR ACQUA KIDS CACHEADOS 1X250ML,1
CR P/PENTEAR ACQUA KIDS LISOS E FINOS 1X250ML,1
CR P/PENTEAR CHEIRINHO BEBE 1X300ML,1
CR P/PENTEAR CHEIRINHO BEBE CAB CACHEADOS 1X300ML,1
CR P/PENTEAR PANTENE HIDRATACAO 1X240GR,1
CR P/PENTEAR PANTENE LISO EXTREMO 1X240GR,1
CR P/PENTEAR S LINE TRATAMENTO COCO TO DE CACHOS 1X300ML,1
CR P/PENTEAR SEDA BABOSA + OLEOS 1X300ML,1
CR P/PENTEAR TRA LA LA CACHOS 1X300ML,1
CR PENT CHEIRINHO BEBE TODOS TIPOS 300ML,1
CR PENT GOTA FORTALECIMENTO 1KG,1
CR PENT J&J BLACKINH PODER 200ML,1
CR PENT LOLA ELA E CARIOCA 3ABC 480G,1
CR PENT LOLA ELA E CARIOCA 4ABC 480G,1
CR PENT NATUHAIR ALECRIM 1KG,1
CR PENT NIELY COMP+FORT 250G,1
CR PENT PANTENE HIDROCAUT 250ML,1
CR PENT S LINE ATIVADOR DEF NUTRITIV 1KG,1
CR PENT S LINE AZEITE OLIVA 1KG,1
CR PENT S LINE CACHINHOS NUTRI CHOCO 1KG,1
CR PENT S LINE EXTRA UVA+MELANCIA 1KG,1
CR PENT S LINE SOS CACHOS RIC QUER 300ML,1
CR PENT S LINE SOS CACHOS RICINO 1KG,1
CR PENT SALON LINE #TODECACHO CACHOS DOS SONHOS 300ML/SAL,1
CR PENT SALON LINE HIDRA ORIGINAL 300ML/SAL,1
CR PENT SALON LINE OLEO DE MANGA 300ML/SAL,1
CR PENT SALON LINE SOS CHEBE 300ML/SAL,1
CR PENT SALON LINE SOS COCO TRATAMENTO PROFUNDO 500ML/SAL,1
CR PENT SALON LINE SOS MEL 300ML/SAL,1
CR PENT SEDA CACHOS DEFINI 700ML,1
CR PENTEAR DOVE BABY HID ENRIQUECIDA 150ML,1
CR PPENT ELSEVE REPARACAO TOTAL 250ML,1
CR PPENT SEDA LISO PERF 300ML,1
CR SENSODYNE RAP ALIVIO BRAN 90G,1
CR SKALA 2 EM 1 CACAU 1KG,1
CR SKALA ACACHONADOS 1KG,1
CR SKALA BABOSA 1KG,1
CR SKALA BOMBA BIOTINA 1KG,1
CR SKALA DIVINA COR 1KG,1
CR SKALA GENETIQS FORCA E BRILHO 1KG,1
CR SKALA KIDS DIVINO POTINHO 1KG,1
CR SKALA MAIS CRESPINHOS 1KG,1
CR SKALA MAIS CRESPOS 1KG,1
CR SKALA POTAO DESMAIADO 1KG,1
CR TR ELS HIALURONICO PURE 300G,1
CR TR ELSEVE 50ML CICATRI RENOV,1
CR TR MORANGO 1KG SKALA,1
CR TRAT ELSEVE CACHOS NUTR 300ML,1
CR TRAT ELSEVE DETOX 300G-DEMAIS PROD,1
CR TRAT ELSEVE OLEO EXTRAORDINARIO 300GR,1
CR VICTORIA SECRET AQUA KISS 236ML,1
CR VICTORIA SECRET COCONUT PASSION 236ML,1
CR VICTORIA SECRET LOVE SPELL 236ML,1
CR VICTORIA SECRET LOVE SPELL SHIMMER 236ML,1
CR VICTORIA SECRET MIDNIGHT BLOOM 236ML,1
CR VICTORIA SECRET STRAWBERRIES & CHAMPAGNE 236ML,1
CR VICTORIA SECRET VELVET PETALS SHIMMER 236ML,1
CR YAMASTEROL ARGAN E MACADAMIA 900G,1
CR YAMASTEROL HIALURONICO 320G,1
CR YAMASTEROL PROTEINA HIDROLISADA 900G,1
CR YAMASTEROL QUERATINA WASH 900G,1
CR. HIDRA. KANECHOMN COCO BOM,1
CR. HIDRA. KANECHOMN DESMAIA CABELO,1
CR. HIDRA. KANECHOMN JABORANDI,1
CR. HIDRAT. KANECHOMN ARGAN,1
CR. HIDRAT. KANECHOMN VITAMINA DE ABACATE,1
CR. HIDRAT. SKALA ABACATE,1
CR. HIDRAT. SKALA DIVINO POTAO,1
CR. HIDRAT. SKALA LAMA NEGRA,1
CR. HIDRAT. SKALA OLEO DE COCO,1
CR. HIDRAT. SKALA POTAO DESMAIADO,1
CR. HIDRAT. SKALA VITAMINA DE FRUTAS,1
CR. YAMASTEROL QUERATINA,1
CR.HID.MASC.S.LINE M.L.MA.300,1
CR.MULTIF.GRIFFUS GEORGE/PEPPA S/EMBAR.,1
CR.MULTIF.GRIFFUS PEPPA S/EMBARACO,1
CRE CURATIVO A PROVA DAG TRANSP C15,1
CRE CURATIVO EXTRA GRANDE C8 470,1
CRE DENTAL INFA. CONDOR BARBIE BABY GEL 0 A 2 ANOS 1X,1
CRE MASCARA N95 SEMIFACIAL FILTRANT C05,1
CRE. DENTAL COLGATE TRIPLA ACAO XTRA WHITE PROM 3X70GR,1
CREAM TINT C/36 HB-8233 G,1
CREAM TINT C/36 HB-8233 G2,1
CREAM TINT FEELS MOOD C/36 HB-575-G1,1
CREAM TINT FEELS MOOD C/36 HB-575-G2,1
CREAM TINT FEELS MOOD COR 60,1
CREAM TINT FEELS MOOD COR 70,1
CREAM TINT FEELS MOOD COR 80,1
CREAM TINT FEELS MOOD CREAM BARRY,1
CREAM TINT FEELS MOOD CREAM MAUVE,1
CREAM TINT FEELS MOOD CREAM PEACH,1
CREAM TINT RUBY ROSE 07 SHIVERS,1
CREAM TINT RUBY ROSE 08 TRUST,1
CREAM TINT RUBY ROSE 09 FEELINGS,1
CREAM TINT RUBY ROSE 10 COLD,1
CREAM TINT RUBY ROSE 11 HERTBREAKER,1
CREAM TINT RUBY ROSE 12 INTENTIONS,1
CREAMASS REFIL 3KG COOKIES,1
CREATINA 100 PURA SB NATURAL 300G,1
CREATINA 100% PURA 300GRAMAS,1
CREATINA 100% PURE POTE 300GR,1
CREATINA 300G 100% PURA FTW,1
CREATINA 300G INTEGRALMEDICA,1
CREATINA ABSOLUT SABOR LARANJA 300G,1
CREATINA ABSOLUT SABOR LIMAO 300G,1
CREATINA BLUSTER 300G,1
CREATINA HARDCODE 100% PURA EM PO 300G,1
CREATINA INTEGRAL MEDICA 150G,1
CREATINA INTEGRALMEDICA 300G,1
CREATINA INTEGRALMEDICA 300G EM PO,1
CREATINA INTEGRALMEDICA HARDCORE 300G,1
CREATINA MONOHIDRATADA 300G DUX NUTRITION S/SABOR,1
CREATINA POWDER 300G - SYNTHESIZE SABOR:SEM SABOR,1
CREATINA PURA MONOHIDRATADA PROBIOTICA 300G,1
CREATINA ULTRA FTW 300G,1
CREATINE 100 PURE 200G,1
CREATINE BLACK SKULL 100% PURA 300GR SEM SABOR,1
CREATINE INTEGRALMEDICA 150G,1
CREATINE INTEGRALMEDICA 60CPS,1
CREATINE MAX 120 CAPS,1
CREATINE MAX TITANIUM 300G,1
CREATINE TURBO 150G,1
CREATINE TURBO SEM SABOR 300G,1
CREM NIVEA 145G LATA AZU,1
CREME .HID.MASC.S.LINE KIDS 300g,1
CREME AFINAR PES GRANDERME 300G,1
CREME ASSAD. TURMA MONICA TRANSP OLEO AMENDOAS 30G,1
CREME ASSADURAS BARUEL BABY PREVENTIVO 1X45GR,1
CREME ASSADURAS BARUEL BABY PREVENTIVO 1X90GR,1
CREME ASSADURAS BARUEL BABY PREVENTIVO PROMO LV3PG2 3X45GR,1
CREME ASSADURAS TURMA MONICA BRANCO OXIDO ZINCO 30G/,1
CREME CALMANTE MULTIRREPARADOR 175% MIX DE ATIVOS PRINCIPIA,1
CREME CONTRA ASSADURAS CX 60 G,1
CREME CORPORAL ATALAIA NUTRIDERMINA 1X240GR,1
CREME CORPORAL MONANGE AREAS ESPECIFICAS ABACATE 1X50GR,1
CREME CORPORAL MONANGE AREAS ESPECIFICAS MACADAMIA 1X50,1
CREME D SORRISO 70G TRIPLA,1
CREME DE MASSAGEM CORPORAL CAFEINA DO GUARANA 650GR,1
CREME DE MASSAGEM CORPORAL PIMENTA NEGRA 650GR,1
CREME DE PENTEAR SL MEU LISO LISINHO KIDS 250ML / SALON LINE,1
CREME DE SILICONE FILT SOLAR 1LT VAL TUTANO,1
CREME DEFINIDOR SALON LINE TO DE CACHO EFE DEFR 1X300GR,1
CREME DEFINIDOR SALON LINE TO DE CACHO EFEITO FITAGEM 1X300M,1
CREME DEFINIDOR SALON LINE TO DE CACHO EFEITO NATURAL 1X300M,1
CREME DEFINIDOR SALON LINE TO DE CACHO EFEITO PROLON 1X300ML,1
CREME DENT ORAL B EXTRA BRANCO/BICARBONATO,1
CREME DENTAL CLOSE UP MULTIVITA PROT COMPLETA 1X85GR,1
CREME DENTAL CLOSE UP PROT BIOATIVA MENTA 70GR,1
CREME DENTAL CLOSE UP TRIPLE MENTA AMERICANA 12X70GR,1
CREME DENTAL COLGATE LUMINOUS WHITE CARVAO ATIVADO 12X70GR,1
CREME DENTAL COLGATE MPA 1X180GR,1
CREME DENTAL COLGATE MPA NEUTRACUCAR L3P2 PROM 3X70GR,1
CREME DENTAL COLGATE NATU EXTRACTS CARVÃO ATIVADO X90GR,1
CREME DENTAL COLGATE NATURAL EXTRACTS CURCUMA 90GR,1
CREME DENTAL COLGATE SENSITI PRO-ALIVIO IMEDIATO 90G,1
CREME DENTAL COLGATE SENSITIVE FRESH STRIPE 1X100GR,1
CREME DENTAL COLGATE SENSITIVE PRO-ALIVIO 1X90GR,1
CREME DENTAL COLGATE TOTAL 12 CARVAO ATIVADO 1X90GR,1
CREME DENTAL COLGATE TOTAL 12 CLEAN MINT,1
CREME DENTAL COLGATE TOTAL 12 CLEAN MINT 50G,1
CREME DENTAL COLGATE TOTAL 12 CLEAN MINT 90G,1
CREME DENTAL COLGATE TRIPLA ACAO L180 P140 PROM 1X180GR,1
CREME DENTAL COLGATE TRIPLA ACAO MENTA ORIGINAL 1X180GR,1
CREME DENTAL DENTIL BABY S/FLUOR C/XILITOL.CALCIO FRUTINHA 5,1
CREME DENTAL DENTIL CARBOX NATURE PREMIUM C/ CURCUMA 70,1
CREME DENTAL DENTIL FLEX CALCIO + PROTECAO 12X70G$,1
CREME DENTAL DENTIL FLEX ULTRA MINT COM XILITOL 70GR,1
CREME DENTAL DENTIL HALITO FRESCO C/ FLUOR 12X70GRS$,1
CREME DENTAL DENTIL KIDS SLIME (GEL) MORANGO 1X50G R 12284$,1
CREME DENTAL DENTIL KIDS SLIME (GEL) TUTTI FRUTTI 1X50,1
CREME DENTAL DENTIL KIDS ZOO SORTIDO 50GRS,1
CREME DENTAL INFANTIL BITUFO GEL COCORICO S/FLUOR TUTFR 1X90,1
CREME DENTAL INFANTIL BITUFO GEL MIRACULO C/FLUOR TUTFR 1X90,1
CREME DENTAL INFANTIL CONDOR AVENGERS GEL JR 1X100GR,1
CREME DENTAL INFANTIL CONDOR BARBIE VERTICAL C/ FLUOR 100G,1
CREME DENTAL INFANTIL CONDOR LILICA RIPIL GEL JR 1X100GR,1
CREME DENTAL INFANTIL DENTALCLEAN TUTTIFRUT 50GR,1
CREME DENTAL INFANTIL ORAL B STAGES FROZEN 1X100GR,1
CREME DENTAL INFANTIL ORAL B STAGES SABORES 100GR,1
CREME DENTAL INFANTIL ORAL B STAGES STAR WARS 100GR,1
CREME DENTAL INFANTIL TRA LA LA BUBBLE GUM 1X50GR,1
CREME DENTAL INFANTIL TRA LA LA MORANGO 12X50GR,1
CREME DENTAL INFANTIL TRA LA LA PTOTEÇÃO TOTAL 1X50GR,1
CREME DENTAL INFANTIL TRA LA LA TUTTIFRUT 1X50GR,1
CREME DENTAL INFANTIL TRA LA LA UVA 1X50G,1
CREME DENTAL ORAL B 1 2 3 MENTA 1X150GR,1
CREME DENTAL ORAL B 100% 1X120GR,1
CREME DENTAL ORAL B 100% 1X175GR,1
CREME DENTAL ORAL B 3D WHITE BRILLIANT FRESH LV+PG-PROM 1X14,1
CREME DENTAL ORAL B 3D WHITE BRILLIANT FRESH LV+PG-PROM 70GR,1
CREME DENTAL ORAL B 3D WHITE MINERAL CLEAN 1X140GR,1
CREME DENTAL ORAL B 4 EM 1 12X70GR,1
CREME DENTAL ORAL B 4 EM 1 PROM 1X180GR,1
CREME DENTAL ORAL B CARVÃO 40g,1
CREME DENTAL ORAL B DUPLO ALIVIO SENSITIVE+GENGIVA 1X70GR,1
CREME DENTAL ORAL B DUPLO ALIVIO SENSITIVE+GENGIVA PROM 1X14,1
CREME DENTAL ORAL B ESCUDO ANTIACUCAR PACK FAMILIA 3X70GR,1
CREME DENTAL ORAL B EXTRA FRESH PACK FAMILIA 70GR,1
CREME DENTAL ORAL B GENGIVA DETOX 102G,1
CREME DENTAL ORAL B GENTLE WHITE DETOX 1X102GR,1
CREME DENTAL ORAL B OLEO DE COCO E CARVÃO 102G,1
CREME DENTAL PREVENT ANTI-PLACA 90GR,1
CREME DENTAL PROTECT MINT WHITENING 70G,1
CREME DENTAL SENSODYNE PROTECAO COMPLETA 1X90g,1
CREME DENTAL SENSODYNE PROTECAO COMPLETA PROM 1X140GR,1
CREME DENTAL SENSODYNE PROTECAO COMPLETA PROM 2X90GR,1
CREME DENTAL SENSODYNE RAPIDO ALIVIO PROM 1X140GR,1
CREME DENTAL SENSODYNE SENSIB. E ESMALTE MENTA REFRESC 1X100,1
CREME DENTAL SENSODYNE SENSIBILIDADE E ESMALTE WHITINIG 1X10,1
CREME DENTAL SORRISO HERBAL VERDE SALVIA E EUCALIPTO 1X70GR,1
CREME DEPI ROLL FACIAL BUCO CARVAO/ARGILA 1X50GR,1
CREME DEPILATORIO DEPI ROLL CORPORAL ARGAN 1X100GR,1
CREME DEPILATORIO DEPI ROLL CORPORAL CARVAO/ARGI1X100GR,1
CREME DEPILATORIO DEPI ROLL CORPORAL FLORAL 1X100GR,1
CREME DEPILATORIO DEPILBELLA CORPORAL ALOE VERA 1X100GR,1
CREME DEPILATORIO DEPILBELLA CORPORAL PETALAS DE ROSA 1X100G,1
CREME DEPILATORIO DEPILBELLA FACIAL ALOE VERA 1X40GR,1
CREME DEPILATORIO DEPILBELLA FACIAL PETALAS DE ROSA 1X40GR,1
CREME DEPILATORIO VEET KIT FACIAL 2X50ML 2X50ML,1
CREME DEPILATORIO VEET PARA BANHO 1X150ML,1
CREME DEPILATORIO VEET PELE NORMAL 1X100ML,1
CREME DEPILATORIO VEET PELE NORMAL 1X200ML,1
CREME DEPILATORIO VEET PELE SENSITIVE 1X100ML,1
CREME DEPILATORIO VEET PELE SENSITIVE 1X200ML,1
CREME FACIAL ANTI-PIGMENT DIA FPS30 EUCERIN 50ML,1
CREME FACIAL HIDRAMAIS NUTRITIVO NOTURNO 1X100GR,1
CREME FACIAL HIDRAMAIS RENOVADOR UVA/UVB 1X100GR,1
CREME FIXADOR DENTADURA DENTALFIX 40G,1
CREME HASKELL FIN CRESPO SE CURVE 500 GR,1
CREME HASKELL MULTI PRA ELE 150GR,1
CREME HASKELL SILICONE COM TUTANO 250 ML,1
CREME HID. C SEBO DE CARNEIRO 300G,1
CREME HIDR SEBO DE CARNEIRO 150G,1
CREME HIDRAT NOVEX POTE MARACUJA E MIRTILO 1X1KG,1
CREME HIDRAT. ELSEVE CACHOS LONGO DOS SONHOS NOT.1X20,1
CREME HIDRAT. NOVEX POTE CICATRIZACAO DOS FIOS 1X1KG,1
CREME HIDRAT. NOVEX POTE HARMONIZACAO CAPILAR 1X1KG,1
CREME HIDRATANTE BOZZANO BALM BARBA E BIGODE 1X90GR,1
CREME HIDRATANTE CASULAO BICHO SEDA CRISMAS 1X500GR,1
CREME HIDRATANTE CASULAO BICHO SEDA CRISMAS OLEO ARGAN 1X500,1
CREME HIDRATANTE ELSEVE CICATRI RENOV RT5+ LEAVE-IN 1X50ML,1
CREME HIDRATANTE ELSEVE GLYCOLIC GLOSS 1X300GR,1
CREME HIDRATANTE ELSEVE HIDRA HIALURONICO 1X300GR,1
CREME HIDRATANTE KANECHOM POTE ALOE VERA 1X1KG,1
CREME HIDRATANTE KANECHOM POTE BANHO CRISTAL 1X1KG,1
CREME HIDRATANTE KANECHOM POTE CERAMIDAS 1X1KG,1
CREME HIDRATANTE KANECHOM POTE CHICLE COM BANANA 1X1KG,1
CREME HIDRATANTE KANECHOM POTE LEITE DE CABRA 1X1KG,1
CREME HIDRATANTE NOVEX POTE INFUSAO DE COLAGENO 1X1KG,1
CREME HIDRATANTE NOVEX POTE LONGO PODEROSO 1X1KG,1
CREME HIDRATANTE NOVEX POTE RECOMPOSICAO CAPILAR 1X1KG,1
CREME HIDRATANTE SKALA POTE 12 EM 1 PLUS 1X1KG,1
CREME HIDRATANTE SKALA POTE AMIDINHO KIDS 1X1KG,1
CREME HIDRATANTE SKALA POTE AMIDO DE MILHO 1X1KG,1
CREME HIDRATANTE SKALA POTE BANHO CRISTAL 1X1KG,1
CREME HIDRATANTE SKALA POTE BOMBA BANANA 1X1KG,1
CREME HIDRATANTE SKALA POTE BOMBA DE KERATINA 1X1KG,1
CREME HIDRATANTE SKALA POTE BOMBA DE VITAMINAS 1X1KG,1
CREME HIDRATANTE SKALA POTE CERAMIDAS 1X1KG,1
CREME HIDRATANTE SKALA POTE COQUETEL BRASIL 1X1KG,1
CREME HIDRATANTE SKALA POTE DONA SKALA 1X1KG,1
CREME HIDRATANTE SKALA POTE KIDS 1X1KG,1
CREME HIDRATANTE SKALA POTE MAIONESE CAPILAR NUTRITIVA 1X1KG,1
CREME HIDRATANTE SKALA POTE MAIS LISOS 1X1KG,1
CREME HIDRATANTE SKALA POTE MANGA E CASTANHA DO PARA 1X1KG,1
CREME HIDRATANTE SKALA POTE OLEO DE ARGAN 1X1KG,1
CREME HIDRATANTE SKALA POTE SOU MAIS CACHOS 1X1KG,1
CREME HIDRATANTE SKALA POTE TANGERINA E GENGIBRE 1X1KG,1
CREME HIDRATANTE TRESEMME RECONSTRUCAO ULTRA INTENSA 1X400GR,1
CREME HIDRATANTE YAMASTEROL BABOSA C/APLICADOR 1X90GR,1
CREME LEAVE-IN TRESEMME CACHOS DEFINIDOS 1X380ML,1
CREME LEAVE-IN TRESEMME RECONSTRUCAO E FORCA 1X200ML,1
CREME MAOS GRANADO PINK 1X60GR,1
CREME MAOS MONANGE Q10 VITAMINA E 1X75G,1
CREME MAOS PAIXAO INSPIRADORA ROSA BRANCA 1X75GR,1
CREME MAOS PAIXAO TENTADORA AMEIXA RUBI 1X75GR,1
CREME MASSAGEM HIDRAMAIS DRENAGEM LINFATICA 1X1KG,1
CREME MASSAGEM HIDRAMAIS LOCALIZADA 1X1KG,1
CREME MASSAGEM HIDRAMAIS NEUTRO 1X1KG,1
CREME MODELADOR SALON LINE TODECA CACHOS DOS SONHOS 1X500,1
CREME MODELADOR SALON LINE TODECAC CACHOS DOS SONHOS 1X500,1
CREME MULTIFUNCIONAL SALON LINE KIDS 3 EM 1 CACHINHOS 1X1KG,1
CREME MULTIFUNCIONAL SALON LINE KIDS 3 EM 1 MULTY 1X1KG,1
CREME MULTY KIDS SALON LINE 1X300ML,1
CREME NIVEA FACIAL 100G,1
CREME NIVEA LATA 29G,1
CREME NIVEA RITMOS BRASILEIROS 56G,1
CREME P/ASSADURA ISABABY BABY SHARK,1
CREME PARA PENTEAR KIDS ANTIFRIZZ VÁRIAS FRAGRÂNCIA SEM ENXÁGUE 1KG,1
CREME PENTEAR ACQUA KIDS MARSHMALLOW 1X250ML,1
CREME PENTEAR CRISMAS BRILHO DE RESINA 1X170GR,1
CREME PENTEAR DOVE RECONSTRUCAO + QUERATINA COMPLEX 1X200ML,1
CREME PENTEAR DOVE TEXTURAS REAIS CACHEADOS 1X355ML,1
CREME PENTEAR DOVE TEXTURAS REAIS CRESPOS 1X355ML,1
CREME PENTEAR ELSEVE 3 EM 1 CACHOS LONGO SONHOS 1X500ML,1
CREME PENTEAR ELSEVE 3 EM 1 HIDRA HIALURONICO 1X500ML,1
CREME PENTEAR EUDORA INSTANCE ABACATE E OLIVA 1X200ML,1
CREME PENTEAR EUDORA SIAGE COMBATE O FRIZZ 1X100ML,1
CREME PENTEAR EUDORA SIAGE REVELA OS CACHOS 1X500GR,1
CREME PENTEAR FOREVER LISS ABACACHOS 1X950GR,1
CREME PENTEAR INFANTIL BARUEL BABY CABELOS CACHEADOS 1X150ML,1
CREME PENTEAR INFANTIL HUGGIES KIDS BRILHO MAGICO 1X360ML,1
CREME PENTEAR INFANTIL HUGGIES KIDS CACHINHOS PODEROSOS 1X36,1
CREME PENTEAR INFANTIL HUGGIES KIDS NUTRICAO E FORCA 1X360ML,1
CREME PENTEAR INFANTIL KOLENE CACHINHOS 1X300ML,1
CREME PENTEAR INFANTIL SALON LINE KIDS 1X1KG,1
CREME PENTEAR INFANTIL SALON LINE SOS CACHOS 5/1 KIDS 1X1KG,1
CREME PENTEAR INFANTIL SEDA MOANA CACHOS ENCANTADOS 1X300ML,1
CREME PENTEAR INFANTIL SEDA TIANA CRESPOS 1X300ML,1
CREME PENTEAR INFANTIL SKALINHA BEBE CAMOMILA 1X200ML,1
CREME PENTEAR KOLENE CURVATURAS 1X300ML,1
CREME PENTEAR KOLENE CURVATURAS 1X500ML,1
CREME PENTEAR NIELYEGOLD BIG HIDRATACAO AGUA DE COCO 1X500ML,1
CREME PENTEAR NIELYEGOLD CACHOS DEFINICAO PROLONGADA 1X500ML,1
CREME PENTEAR PANTENE BAMBU 1X240GR,1
CREME PENTEAR PANTENE CACHOS HIDRAVITAMINADOS CACHEADO 1X240,1
CREME PENTEAR PANTENE COLAGENO 1X240GR,1
CREME PENTEAR PANTENE QUERATINA 1X240GR,1
CREME PENTEAR S LINE CACHINHOS KIDS ACAI 1KG,1
CREME PENTEAR SALON LINE 5 EM 1 TRATAMENTO PROLONGADO 1X1KG,1
CREME PENTEAR SALON LINE ANTIPORISADE DE REPENT PRONTA 1X300,1
CREME PENTEAR SALON LINE ATIVADOR DE CACHOS NUTRITIVA 1X500G,1
CREME PENTEAR SALON LINE CACHEADOS 1X300ML,1
CREME PENTEAR SALON LINE CACHINHOS SEM NOS KIDS 1X1KG,1
CREME PENTEAR SALON LINE DEFINICAO MAXIMA 1X1KG,1
CREME PENTEAR SALON LINE DEFINICAO NATURAL 1X1KG,1
CREME PENTEAR SALON LINE DEFINICAO ULTRA VOLUME 1X1KG,1
CREME PENTEAR SALON LINE GELATINA+ DEF EXTRAORDINARIA 1X1KGR,1
CREME PENTEAR SALON LINE HIDRA ORIGINAL 1X500ML,1
CREME PENTEAR SALON LINE HIDRA3 EM 1 BABOSA 1X300ML,1
CREME PENTEAR SALON LINE HIDRA3 EM 1 D-PANTENOL 1X300ML,1
CREME PENTEAR SALON LINE HIDRA3 EM 1 OLEO DE COCO 1X300ML,1
CREME PENTEAR SALON LINE KIDS CACHINHOS BRILHANTES 1X1KG,1
CREME PENTEAR SALON LINE KIDS CACHINHOS MARARACUJA 1X1KG,1
CREME PENTEAR SALON LINE KIDS CACHINHOS PODEROSOS MELAO 1X1K,1
CREME PENTEAR SALON LINE KIDS NUTRICAO EM ACAO 1X300ML,1
CREME PENTEAR SALON LINE MEU LISO ESCUDO ANTIPOROSI 1X250,1
CREME PENTEAR SALON LINE POTE HIDRA BABOSA 1X1LT,1
CREME PENTEAR SALON LINE POTE HIDRA COCO 1X1L,1
CREME PENTEAR SALON LINE POTE HIDRA ORIGINAL 1X1L,1
CREME PENTEAR SALON LINE POTE SUPER LEVE 1X1LT,1
CREME PENTEAR SALON LINE POTE SUPER OLEOS 1X1LT,1
CREME PENTEAR SALON LINE POTE SUPER VOLUMAO 1X1LT,1
CREME PENTEAR SALON LINE SOS BOMBA DEFRIZAN HIDRAT RE 1X300,1
CREME PENTEAR SALON LINE SOS BOMBA FORCA ENGROSSAMENTO 1X300,1
CREME PENTEAR SALON LINE SOS BOMBA ORIGINAL 1X500ML,1
CREME PENTEAR SALON LINE SOS CACH 5 EM 1 OLEO DE COCO 1X1K,1
CREME PENTEAR SALON LINE SOS CACHO ARGININA 1X1KG,1
CREME PENTEAR SALON LINE SOS CACHOS CHICLETE KIDS 1X300ML,1
CREME PENTEAR SALON LINE SOS CACHOS OLEO DE MANGA 1X1KG,1
CREME PENTEAR SALON LINE SOS CACHOS QUERATINA RECA 1X1KG,1
CREME PENTEAR SALON LINE SOS KIDS 1X300ML,1
CREME PENTEAR SALON LINE SOS+PODEROSO ONDULADOeCACHEADO 1X30,1
CREME PENTEAR SALON LINE SUPER CONTROLE 1X1L,1
CREME PENTEAR SALON LINE SUPER DESEMBARACO 1X1L,1
CREME PENTEAR SALON LINE TODECACHINHO BABY 1X300ML,1
CREME PENTEAR SALON LINE TODECACHO BABOSA 1X300ML,1
CREME PENTEAR SALON LINE TODECACHO CACHOS DOS SONH 1X300ML,1
CREME PENTEAR SALON LINE TODECACHO COCO 1X300ML,1
CREME PENTEAR SALON LINE TODECACHO CRESPISSIMO PODE 1X300ML,1
CREME PENTEAR SALON LINE TODECACHO CRESPO DIVINO 1X300ML,1
CREME PENTEAR SALON LINE TODECACHO VINAGRE DE MACA 1X300ML,1
CREME PENTEAR SEDA BOOM PRO CURV DEFI INTENSA 1X350ML,1
CREME PENTEAR SEDA BOOM PRO CURVA MODEL FRIZZ 1X350M,1
CREME PENTEAR SEDA BOOM PRO CURVATURA VOL MAX 1X350ML,1
CREME PENTEAR SEDA BOOM VOLUMAO POWER 1X350ML,1
CREME PENTEAR SEDA LUMINOUS UV GLYCOL 6% + VITA C 1X300ML,1
CREME PENTEAR SEDA PREBIOTICOS + BIOTINA 1X300ML,1
CREME PENTEAR SOS CACHOS ACIDO HIALURONICO 1X300ML,1
CREME PENTEAR SOS CACHOS SUPER OLEOS 1X1KG,1
CREME PES DERMACREAM 10% UREIA BISNAGA 1X100GR,1
CREME PES HIDRAMAIS ESFOLIANTE 1X200GR,1
CREME PES HIDRAMAIS RESTAURADOR 1X200GR,1
CREME PES NUTRYDERM SEBO DE CARNEIRO 1X230GR,1
CREME SALON LINE 3 EM 1 MULTY EXTRAORDINARIO MORANGO 1X1KG,1
CREME SALON LINE 3 EM 1 MULTY MARAVILHAS BANANA 1X1KG,1
CREME SALON LINE CACHOS DOS SONHOS 3/1 MULTY MARACUJA 1X1KG,1
CREME SALON LINE CACHOS DOS SONHOS 3/1 MULTY MELANCIA 1X1KG,1
CREME SKALA 1KG (CONSULTA FRAGRANCIAS DISPONIVEIS),1
CREME ULTRA HIDR. SEBO DE CARNEIRO 200G,1
CREME ULTRA HIDR. SEBO DE CARNEIRO 200G MULTYERVAS,1
CREME ULTRA REPAIR FACIAL HIDRABENE 60G,1
CREME VEET DEPIL MASCULINO 200ML,1
CREME.HID.MAIO.CAP.MAT.S.LINE 50,1
CREON 25.000 C/30 CAPS,1
CREOULA NOVO CONDICIONADOR 250G,1
CREOULA NOVO CR DESEMBARAC 500G,1
CREOULA NOVO CREME DE PENTEAR 500G,1
CREOULA NOVO SHAMPOO 250ML,1
CRESTOR 10MG C 30 COMP (PORTAL DROGARIA),1
CRESTOR 20MG C/30 COMP REV-REFERENCIA,1
CRESTOR 5MG 30CPR,1
CREVAGIN CR VAG 40G+ 7 APLI,1
CRISAPINA 10MG C/30 COMPRIMIDOS,1
CRISAPINA 5MG 30 CPR,1
CRISMAS COND CASULAO 330ML,1
CRISMAS CREME PENTEAR CASULAO 280ML,1
CRISMAS SHAMPO CASULAO 330ML,1
CRISP PROTEIN BAR C/12 TRUFA AVELA,1
CRISTAL LIQUIDO NUTRI CACHOS 60ML,1
CRM PRV ASSAD HUGGIES SUP CARE30,1
CROCKS BARRA CEREAL MORANGO E CHANTILLY ZERO 18G 1X1,1
CROCKS BARRA CEREAL MOUSSE CHOCOLATE ZERO 18G 1X1,1
CROCKS CLUB BARRA CEREAL BANANA AVEIA E MEL 20G 1X1,1
CROCKS CLUB BARRA CEREAL BANANA/AVEIA/CHOC 25G 1X1,1
CROCKS CLUB BARRA CEREAL BRIGADEIRO/AVEIA/CHO 25G 1X1,1
CROCKS CLUB BARRA CEREAL CHOCOLATE E CASTA 22G 1X1,1
CROCKS CLUB BARRA CEREAL GRANOLA 22G 1X1,1
CROCKS CLUB BARRA CEREAL MORANGO/AVEIA/CHOCOLATE 25G 1X1$,1
CROCKS CLUB BATATA TUBO 45G CREME DE CEBOLA R6332,1
CROCKS CLUB BATATA TUBO 45G PIZZA R6339,1
CRONOBE 5000MCG C/2 AMPOLAS,1
CRONOBE COMPLEX C/30 COMP,1
CRONOBE COMPLEX INJ X 3,1
CRONOCOR 25MG C/30 COMP,1
CRONOCOR 25MG C/60 COMP,1
CT-AMINA 15GR,1
CUBA INOX N3 37131 PROF 17 3.1/2 GHELPLUS,1
CULTURELLE PROB JR C/30 CP MAST,1
CULTURELLE PROBIOT JR C/30 SACHES,1
CULTURELLE PROBIOT JR C/6 SACHES,1
CULTURELLE PROBIOT SD C 10 COMP,1
CULTURELLE PROBIOT SD C 30 CAPS,1
CUNHA CORTAG/MOLDIM PISO/REV 50PC 60694,1
CUNHA NIVELAMENTO,1
CURAT APOLO 10UN,1
CURAT BAND-AID PEQ FERIMENT C/16,1
CURAT BAND-AID VARIADOS C/30-DEMAIS PROD,1
CURAT CREMER BABY SHARK 10U,1
CURAT CREMER MINIONS 25U,1
CURAT TOPZ PATRULHA CANINA C/10,1
CURAT. HIDROC.P ACNES CREMER C 3,1
CURATIVO CICATRISAN 10UNID SANFARMA,1
CURATIVO CREMER C10 BEGE,1
CURATIVO CREMER C10 TRANSPARENTE,1
CURATIVO DE GEL M-TEC 25 GR,1
CURATIVO FLEXIVEL SHOW DA LUNA MISSNER C/10,1
CURATIVO NEXCARE 3M,1
CURATIVO TOPZ PATRULHA CANINA C/25UN,1
CURATIVO TRADICIONAL TRANSPARE C35,1
CURATIVOS VARIADOS 6 FORM. 30UN CREMER,1
CURC 400MG 30CPR,1
CURC 400MG C/60 COMPRIMIDOS,1
CURC AOX+ C/30 COMP REV,1
CURCUMA MAX 400MG HERBAMED 60 COMPRIMIDOS,1
CURCUMINA + PIPER NIGRUN 1000MG C/60CPS,1
CURVA E COLA HASKELL SE CURVE 500 GR,1
CUTISANOL GEL 100G,1
CX SIF GORDURA QUAD. 250X250X75 C/CESTO HERC,1
CX SIF QUAD. 150X150X50 BRANCA,1
CX SIF QUAD. 7 ENTR. 150X180X75 BRANCA ASTRA,1
CYFENOL 750MG 20 COMPRIMIDOS,1
CYFENOL BABY 100MG/ML 15ML,1
CYLOCORT SOL OFTAL 5ML,1
CYMBALTA 30MG C/ 30 CAPS,1
CYMBALTA 60MG C/ 30 CPR,1
CYMBI 30MG C/ 30CAPS,1
CYMBI 30MG C/ 60 CPR,1
CYMBI 60MG C/30 CAPS (PBM),1
CYMBI 60MG C/60 CPR,1
CYSTERA PLUS C/30 COMP-DEMAIS PROD,1
CYSTEX 24DRG,1
Carmed Banana,1
Carolina Herrera 212 Nyc Men Edt 100ml Masculino,1
Centrum 60 cps,1
Cicatricure Antissinais 30g,1
Colageno Q10 + Verisol 30 sachês Sabor Limão Siciliano,1
Colírio teuto (para tratamento das irritações oculares),1
Condicionador Truss Ultra Hydration Com 300ml,1
"Cr cabelo Skala 1kg ( fragrância de uva, morenago e melância)",1
Cr dental Sensodyne original 140g,1
Creatina Creapure Soufor 300g,1
D BELLA CERA CONFETE MEL 250G UN-0001-UN,1
D PLUS CERA ROLL-ON ARGAN 140G UN-0001-UN,1
D PLUS CERA ROLL-ON MARACUJA 140G UN-0001-UN,1
D3CAPS 50.000 UI X 04 CAPSULAS MOLE,1
DA DOVE MEN S/PERFUME,1
DA DOVE POWDER SOFT 1X89GR,1
DA REXONA FEM INVISIBLE 1X90GR,1
DA REXONA FEM SEM PERFUME 1X90GR,1
DA REXONA MASC IMPACTO 1X90GR,1
DABRIDAN BALSAMO 100 GR,1
DAEM INJ AMP 4ML,1
DAFLON 1000 MG C/30 COMP,1
DAFLON 1000MG CPR 60,1
DAFLON FLEX 1000 MG C/30 ENV (FUNCIONAL CARD),1
DAFORIN 10MG C/20 CPS,1
DAFORIN 20 MG C/ 60 CPR,1
DAFORIN 20MG C/ 30 CPR,1
DAFORIN GTS 20 ML,1
DAILUS BATOM CREMOSO DELICADA,1
DAILUS BATOM CREMOSO DIVERTIDA,1
DAIVONEX POMADA 30G,1
DALMADORM 30MG C/30 COMPRIMIDO,1
DALMADORM 30MG C/30 CPR,1
DALYNE 3MG 21CPR (PBM),1
DALYNE C/63 CPR(PBM),1
DAMATER 30CPS GELATINOSAS,1
DAMATER OMEGA C/30 CAPS-DEMAIS PROD,1
DAMATER OMEGA C/60 CAPS-DEMAIS PROD,1
DAMATER OSTEO C 30 COMP REV,1
DANONE APTAMIL PREMIUM 2 LT 800G,1
DANOS VORAZES BOOSTER 250ML,1
DANOS VORAZES LEAVE IN FINALIZADOR 200ML,1
DANOS VORAZES MASCARA 450G,1
DANOS VORAZES OLEO REPARADOR 50ML,1
DAPAGLIFLOZINA 10MG C/30 SANDOZ,1
DARAPRIM 25MG C/30 COMP OR-OUTROS,1
DARTRIAL 10MG C 30 COMP REV,1
DARTRIAL 15MG C 30 COMP REV,1
DARTRIAL 20MG C 30 COMP REV,1
DASTENE 30 CAPS,1
DAXAS 500 MCG C/30CPR,1
DAYVIT KIDS 1+ 120ML,1
DBRIZ GINO POM 30G+6APLIC,1
DBRIZ POM DERM 15G,1
DBRIZ UNO POM DERM 10G,1
DC RED APPLE INVISIBLE 55GR,1
DC RED APPLE UNISSEX 55GR,1
DCAL MDK FR 30 CPR REV,1
DECA-DURABOLIM 50MG 1 AMP 1ML,1
DECADRON COLIRIO 5ML,1
DECADRON ELX 120ML,1
DECADRON NASAL 20ML,1
DECIPRAX 10MG C/30 COMP,1
DECIPRAX 10MG C/60 CPR,1
DECIPRAX 20 MG C/ 30 CPR,1
DECNAZOL 1000MG C2 COMP PHARLAB,1
DECONGEX PLUS 4CPR,1
DECONGEX PLUS GTS 20ML,1
DECONGEX PLUS XPE 120ML,1
DEFB 1000MCG C/30 CPR BIOLAB,1
DEFLAIMMUN 6MG 20CPR,1
DEFLAZACORTE 30MG 10CPR,1
DEFLAZACORTE 30MG 10CPR EMS,1
DEFLAZACORTE 6MG 20CPR NOVA QUIMICA,1
DEFORCE 7.000 UI C/8 CAPS GELAT-OUTROS,1
DEFORCE K+ 30FILMES,1
DEFRIZ SALON LINE SOS BOMBA ORIGINAL 200ML/SAL,1
DEFRIZANTE NUTRYDRAT ARGAN 240ML,1
DEFRIZANTE NUTRYDRAT CERAMIDAS 1X240ML,1
DEFRIZANTE NUTRYDRAT MANDIOCA 240ML,1
DEFRIZANTE NUTRYDRAT THERM ACTIVE 1X240ML,1
DEFRIZANTE SALON LINE MEU LISO AMIDO DE MILHO 1X200ML,1
DEFRIZANTE SALON LINE MEU LISO-LISO EXTREMO 1X200ML,1
DEKSA 30MG 30CAPS DURA (A3) (LISDEXANFETAMINA),1
DEKSA 50MG 30CAPS DURA (A3) (LISDEXANFETAMINA),1
DELA COLIN C/60 COMPRIMIDO,1
DELINEADOR LIQ MEAU PARA OLHOS CS-2341,1
DELINEADOR LIQ. PRETO C/24 HB-8406,1
DELLER 100MG C/30 CPR,1
DELLER 50MG C/ 30 CPR,1
DELTALAB LOC 100ML (DELTAMETRINA),1
DELTAMETRIL D 4% EMU CAP 100ML - DIMETICONA MEDQUIMICA,1
DELTAMETRIL XAMPU 100ML,1
DELTAPIL FR LOC 100ML/BEL,1
DELTAPIL SHAMPOO 100ML,1
DEMAZON CREME DE PARAFINA 300G,1
DEMEDROX 150MG/ML INJ SER PREENCHIDA 1X1-SIMILAR,1
DEMEDROX 150MG/ML SUS INJ CT,1
DENTALFIX 40GR CR MENTA FIX DENTADURA,1
DENTALFIX 68GR CR SEM SABOR FIX DENTADUR,1
DENTIL KIT VIAGEM FLEX VERMELHO (CREME DENTAL+FIO 25M+ESCOVA,1
DENTIL PRO FIO DENTAL COM HASTE 30 UNIDADES,1
DENTIL PRO FIO DENTAL COM HASTE CARBOX 30 UNIDADES$,1
DENYL 20MG C/ 28CPR,1
DEO ANT.ABOVE NEYMAR JR MEN AC 1X150ML/90G,1
DEO BIO CLARIFY MOREN AERO 150ML-OUTROS,1
DEO COL GELLUS AGUAS ALFAZEMA 255ML,1
DEO COL MURIEL BABY CAMOMILA 100ML,1
DEO COL MURIEL BABY LAVANDA 100ML,1
DEO COL SUISSA ALFAZEMA 115ML,1
DEO DOVE AER FEM BEAUTY FIN 89G,1
DEO DOVE AER FEM DERMO ACLAR 89G,1
DEO DOVE AER FEM FRE PEPINO 89G,1
DEO DOVE AER FEM ROMA VERB 89G,1
DEO DOVE AER FEM SENSITIVE 89G,1
DEO DOVE AERO ORIGINAL COMP 85ML,1
DEO DOVE MEM MINE,1
DEO NIVEA AER DRY F COMFORT200ML,1
DEO NIVEA AER DRY M IMPACT 200ML,1
DEO NIVEA AERO B&AMP;W FRESH F 150ML,1
DEO NIVEA AERO B&W F CLEAR 200ML,1
DEO NIVEA AERO B&W M INVIS 200ML,1
DEO NIVEA AERO BLACK&PEARL 150ML,1
DEO NIVEA AERO DEEP BEAT 150ML,1
DEO NIVEA CLINICAL FEM 42G,1
DEO NIVEA PROT CARE AERO 90G,1
DEO NIVEA PROT CARE F ROLL 50ML,1
DEO NIVEA ROLL DRY,1
DEO NIVEA ROLL DRY M 50% DESC2O,1
DEO NIVEA ROLL ORIG MAS 50ML,1
DEO NIVEA ROLL SENSITIVE 50ML,1
DEO NIVEA SPRAY REG FRE NAT 90ML,1
DEO REXO AER FLORES 150ML,1
DEO REXO S PERF ROLL 50ML,1
DEO REXO V8 ROLL 50ML,1
DEO REXONA AER AP ANTB 150ML,1
DEO REXONA AER EF PES ANTIB153ML,1
DEO REXONA AER MEN S PERF 150ML,1
DEO REXONA AER NOW UNITED 150ML,1
DEO REXONA AER TORC FAN 150ML,1
DEO REXONA AERO AP COTTON 150ML,1
DEO REXONA AERO ERVA DOCE 150ML,1
DEO REXONA AERO WO ANTB FRE150ML,1
DEO REXONA ANTIBACTERIANO,1
DEO REXONA FEM POWDER DRY 150 ML,1
DEO REXONA ROL ON POWDER DRY 50ML,1
DEO REXONA ROLL XTRA COOL 50ML,1
DEO VICHY ROLL PL SENS 48H 50ML,1
DEOCIL SL 10MG C/10 COMP-SIMILAR,1
DEOSODORANTE 48 HORAS DONNA RED APPLE,1
DEOSODORANTE BONI NATURAL 120 ML,1
DEOSODORANTE RED APPLE 48 HORAS 60 ML,1
DEOSODORANTE TRALALA ROLON AZUL 60 ML,1
DEP 30MG C/30 COMPRIMIDOS,1
DEPAKENE 250MG C/25CPS,1
DEPAKENE 300MG C/ 25 CPR,1
DEPAKENE 50 MG/ML EQ. 250MG/5ML XPE 100ML,1
DEPAKENE 500MG C/ 50CPR,1
DEPAKOTE 250MG C/30CPR,1
DEPAKOTE 500MG C/ 30 CPR,1
DEPAKOTE ER 250MG C/ 30CPR,1
DEPAKOTE ER 250MG C/60 CPR,1
DEPAKOTE ER 500MG C/ 30 CPR,1
DEPAKOTE ER 500MG C/60 CPR,1
DEPAKOTE SPR 125MG C/ 60 CAPS,1
DEPAKOTE SPRINKLE 125 MG C/30 CPR,1
DEPILADOR PHILCO CORPO E ROSTO AQUA DELUXE,1
DEPO PROVERA 150MG+SER 1ML INJ,1
DEPOSTERON 200 MG/2ML C/ 3 AMPOLAS INJ,1
DEPRASIL 30MG C/30 CAPS,1
DEPRASIL 60MG C/30 CAPS,1
DEPURA 1.000 UI 30 CAP GEL,1
DEPURA 500 UI/GOTA 10ML,1
DEPURA ODT 50000UI BLI 4 CPR,1
DERCOS SENSI CARE 400ML-DEMAIS PROD,1
DERCOS SENSI-SCALP CR LIMP 300ML,1
DERCOS SENSI-SCALP SH CALM 200ML,1
DERCOS SH ANT CASP INTEN 200ML-DEMAIS PROD,1
DERCOS SH ANTI CASPA SENS 200ML,1
DERCOS SH ANTIOLEOSIDADE 200ML-DEMAIS PROD,1
DERCOS SH ENERGIZ 400ML,1
DERCOS SH ENERGIZ AMINEXIL 200ML-DEMAIS PROD,1
DERCOS SH ENERGY+ 200G,1
DERCOS SH ENERGY+ 400G,1
DERCOS SH ENERGY+ REFIL 200G,1
DERCOS SH MICROPEEL 150ML-DEMAIS PROD,1
DERCOS SH OIL CORRECT PURIF 300G,1
DERCOS SH.ENERGY+ ANTIQUEDA 400ML,1
DERCOS SUPER AMPOLA ENERGIZ 40ML,1
DERCOS SUPER AMPOLA REEQUIL 40ML,1
DERIVA C MICRO GEL 30G,1
DERIVA MICRO 30G-REFERENCIA,1
DERMA NUTRI 200 ML,1
DERMACERIUM CR 30G,1
DERMACERIUM CR 50G,1
DERMACHEM AGUA MICELAR ACIDO HIALUR. 250ML 7901 - 19096,1
DERMACHEM AGUA MICELAR ROSA MOSQUETA 250ML 7903 - 16417,1
DERMACHEM AGUA MICELAR VITAMINA C 250ML 7904 - 16492,1
DERMACHEM GEL F. PEEL OFF PEPINO/ARG VERDE 60GR 5815 - 15954,1
DERMACHEM GEL F. PEEL OFF ROSA MOSQUETA 60GR 5813 - 15951,1
DERMACHEM SERUM HYALURONIC 15% 30ML 7325 - 18846,1
DERMACYD DEL 200+100ML KIT-DEMAIS PROD,1
DERMACYD DELICATA 200ML,1
DERMACYD DELICATA LV200ML PG150ML,1
DERMACYD FEMINA 200ML,1
DERMACYD FEMINA BREEZE 200ML-DEMAIS PROD,1
DERMACYD FEMINA LV200ML PG150ML,1
DERMACYD INFANTIL 200ML,1
DERMACYD NEUTRALIZE 200ML,1
DERMACYD PRO BIO HIDRATE 200 ML,1
DERMACYD SAB LIQ INF C/200ML (SAO),1
DERMACYD TEEN FRESH MIX 120ML,1
DERMAEX OLEO DE GIRASSOL 100ML,1
DERMAEX OLEO DE GIRASSOL 200ML,1
DERMAFEME AC HIALURONICO SAB INT FR100ML,1
DERMAFEME CALM SAB FR 100ML,1
DERMAFEME FLORAL KIT 2X200ML,1
DERMAFEME FRESH KIT FR 2 X 200 ML CIMED,1
DERMAFEME NEUTRALIZZ KIT FR 2 X 200 ML CIMED,1
DERMAFEME SAB LIQUIDO KIT 2X200ML,1
DERMAFEME SABONETE INT 200ML,1
DERMAONE SABONETE INTIMO FR 200ML,1
DERMAONE SABONETE INTIMO TRAD 400ML,1
DERMATRIOL OLEO CICATRIZANTE 100ML,1
DERMI FACE COLAGENO VERISOL 60CPS - FORHEALTH,1
DERMO REVITALIFT BLUR 30ML,1
DERMO REVITALIFT FPS18 49G,1
DERMO REVITALIFT NOITE 49G,1
DERMOBENE CR 20G (CLOTRIMAZOL),1
DERMOBENE SOL 20ML,1
DERMODEX PREVENT 2X60GR 40%DES,1
DERMODEX PREVENT 7 EM 1 60GRAMAS,1
DERMODEX TRAT POMADA 60G,1
DERMOMAX CREME 4% 30GR,1
DERMONANO ACIDO HIALURONICO 30ML,1
DERMONANO CR CLAREADOR FACIAL 30G/DMN,1
DERMONANO CR CONTORNO OLHOS 15G/DMN,1
DERMONANO CR MASC LIMPEZA FACIAL PEEL OFF 15G/DMN,1
DERMONANO CR REDUCAO RUGAS 30G/DMN,1
DERMONANO CR SERUM 20% VITAMINA C 30ML/DMN,1
DERMOPANTOL CREME 20G,1
DERMOSALIC POM BG 30G,1
DERMOSALIC SOL TOP 30ML,1
DERMOSALIC SOLUCAO 30ML,1
DERMOTIVIN BENZAC 5% 15MG,1
DERMOTIVIN BENZAC SAB LIQ 70ML,1
DERMOTIVIN CONTROL 130ML,1
DERMOTIVIN CR HIDRATANTE 50ML,1
DERMOTIVIN FOAM 130ML,1
DERMOTIVIN HIDRATANTE MATE 50ML,1
DERMOTIVIN OIL CONTROL SAB 300ML,1
DERMOTIVIN ORIGINAL LIQUIDO 70ML,1
DERMOTIVIN SAB ORIGINAL 90G,1
DERMOTIVIN SALIX LIQ 300ML,1
DERMOTIVIN SALIX SAB LIQ 120ML,1
DERMOTIVIN SOFT SAB LIQ 120ML,1
DERMOTIVIN SOFT SAB LIQ 300ML,1
DERMOTRIZOL 10MG SOL SPRAY FR 20ML,1
DERMOVANCE AI 500ML PUMP,1
DERMOVANCE AI LOC HID 200ML,1
DERMOVANCE CALM CREME BISN 40G,1
DERMOVANCE ES 100G,1
DERSANI 100ML,1
DERSANI 200ML,1
DERSANI CREME HIDRATANTE 200ML,1
DERSANI HIDROGEL 30GR,1
DERSANI HIDROGEL 85G-DEMAIS PROD,1
DERSANI HIDROGEL ALGINATO 30G,1
DERSANI HIDROGEL COM ALGINATO 85G,1
DERSOL 100ML (OLEO GIRASSOL+VITAMINA A+E),1
DERSOL 200ML (OLEO GIRASSOL+OLEO CARTAMO),1
DES ABOVE AEROSOL CANDY 90GR,1
DES ABOVE AEROSOL LADY 90GR,1
DES AERO DOVE AP MEN TALC+SANDALO 89GR UN/0001,1
DES AERO GB FEM BLUE 150ML,1
DES AERO GB FEM CANDY 150ML,1
DES AERO GB FEM CHERRY 150ML,1
DES AERO GB FEM CLASSIC 150ML,1
DES AERO GB FEM FANTASY 150ML,1
DES AERO GB FEM LILAC 150ML,1
DES AERO GB FEM LOVELY 150ML,1
DES AERO GB FEM PEACH 150ML,1
DES AERO GB MEN ACTIVE 150ML,1
DES AERO GB MEN FRESH 150ML,1
DES AERO GB MEN POWER 150ML,1
DES AERO GB MEN S/PERFUME 150ML,1
DES AERO GB MEN SPORT ACQUA 150ML,1
DES AERO GB MEN URBAN 150ML,1
DES AERO GB MEN V12 150ML,1
DES AERO GB MEN V8 150ML,1
DES AEROSOL GIOVANNA BABY BEAUTY 1X150ML,1
DES AVON FAR AWAY CR 50G,1
DES CATETER PERIFERICO IV 16G,1
DES CATETER PERIFERICO IV 18G,1
DES CATETER PERIFERICO IV 20G,1
DES CATETER PERIFERICO IV 22G,1
DES CORP MURIEL ACQUA E. ALFAZEMA 250ML,1
DES CORP TABU FLORES VIDRO 60ML,1
DES CR RED APPLE ALOE VERA 55GR UN/0001,1
DES CR RED APPLE ERVA DOCE 55 GR UN/0001,1
DES CR RED APPLE S PERFUME 55 GR UN/0001,1
DES CR TABU SEGREDOS 55GR UN/0001,1
DES CR TABU SEM PERFUME 55G UN/0001,1
DES DOVE AER MEN CARE EUCALIPIRO+MENTA 89G,1
DES DOVE AER MEN CARE SIL CONTR 89G,1
DES DOVE AER MEN CLEAN CONFT PROT 150ML,1
DES DOVE AER MEN EX FRESH PROT 150ML,1
DES DOVE AERO FEM INVISIBLE DRY 150ML,1
DES DOVE AERO ORIGINAL 150ML,1
DES DOVE CR SERUM PREVINE IRRITACAO VITAMINA E 50G,1
DES DOVE CR SERUM REPARACAO DIARIA VITAMINA E 50G,1
DES DOVE ORIGINAL 1X89GR,1
DES GIOVANNA B.AER.LOVEL.150M,1
DES GIOVANNA BABY 050G 0% ALUMINIO BLUE(E)*,1
DES GIOVANNA BABY 050G 0% ALUMINIO NEUTRAL(E)*,1
DES GIOVANNA BABY AER AZUL 150ML,1
DES GIOVANNA BABY AER CHERRY 150ML,1
DES GIOVANNA BABY AER LILAS 150ML,1
DES GIOVANNA BABY AER ROSA 150ML,1
DES HERBISSIMO CR BIOPROTECT HIBISCO 55G/DANA,1
DES LUVA G PRETA NITR.NAO.CIR C100 SPO,1
DES LUVA M PRETA NITR.NAO.CIR C/100,1
DES LUVA P PRETA NITR.NAO.CIR C/100,1
DES NIVEA AER FEM PEARL BEAUTY 90G,1
DES NIVEA AER INVISIBLE B&W CLEAR 150ML,1
DES NIVEA AER INVISIBLE B&W FRESH 150ML,1
DES NIVEA AER MASC DRY IMPACT 93G,1
DES REXONA AER COMPACT MASC MEN V 8 58G,1
DES REXONA AER FEM EBONY 105G,1
DES REXONA AER MAS ACTIVE 150 ML,1
DES REXONA AER MAS ANTIBACTERIAL 105G,1
DES REXONA AER MAS INVISIBLE 150 ML,1
DES REXONA AER MAS MEN V8 150 ML,1
DES REXONA AER MAS QUANTUM 150 ML,1
DES REXONA AER MAS TUNING 150 ML,1
DES REXONA AER MAS XTRACOOL 150 ML,1
DES REXONA AER MASC FANATICS 150ML,1
DES REXONA AERO 150ML,1
DES REXONA AERO POWDER DRY 250ML L+P- SN,1
DES REXONA AEROSOL NOW UNITED 150ML,1
DES ROL REXONA COMPACT MASC V8 32G UN/0001,1
DES ROL ROSA SELVAGEM CLAREADOR 85ML,1
DES ROL ROSA SELVAGEM SUVAQUINHO 85ML,1
DES SECRET STICK GEL COTTON 45G,1
DES SER DESC SAGULHA 10ML,1
DES SER. DESC. SAGULHA 3ML,1
DES STICK GIOVANNA BABY BLUE 0 ALUM 50G,1
DES STICK GIOVANNA BABY NEUT 0 ALUM 50G,1
DES TRALALA ROL 65ML DANCE,1
DES VICHY CR 7 DIAS ANTI PERSPIRANTION 30ML,1
DES VICHY IDEAL FINISH 48H,1
DES VICHY ROLL ANTI TRANP INT 48HRS 50ML,1
DES. ABOVE EXTREME INVISIBLE 72H 1X90GR,1
DES. ABOVE EXTREME MOVEMENT 72H 1X90GR,1
DES. AEROSOL AXE MARINE MINERAIS E SALVIA 1X90GR,1
DES. AEROSOL AXE MUSK FOUGERE E BAUNILHA 1X90GR,1
DES. AEROSOL DOVE CLINICAL MEN CUIDADO TOTAL 1X91GR,1
DES. AEROSOL MONANGE CLINICAL CONFORTO 1X94GR,1
DES. AEROSOL MONANGE CLINICAL REVIGOR 1X94GR,1
DES. AEROSOL NIVEA CLINICAL FEM DERMA PROTECT 1X150ML,1
DES. AEROSOL NIVEA CLINICAL MEN DERMA PROTECT 1X150ML,1
DES. AEROSOL REXONA MASC. ACTIVE DRY PROM 1X148GR,1
DES. GB AER S/ ALUM. BLUE 1X150ML,1
DES.DOVE AER.W.INV.DRY 150ML,1
DES.REX.CLINICAL WOMEN CLASSIC 58G,1
DES.REXONA AER.MEN ANT.INV.15,1
DES.REXONA AER.W.ANT.INV.150M,1
DES.REXONA AER.W.BAMBO.150ML,1
DES.REXONA AER.W.PO.VERB.150M,1
DES.REXONA EFFICIENT ORIGINAL 24H 1X88GR,1
DESAFTAN SPRAY 25ML,1
DESALEX 5MG C/10 COMP,1
DESALEX 5MG C/30 COMP,1
DESALEX XPE 100ML-REFERENCIA,1
DESALEX XPE 60ML-REFERENCIA,1
DESCOL LIGHTNER PEROLA 20G,1
DESCOL LIGHTNER PEROLA 50G,1
DESCOL YAMA CAMOMILA 20G,1
DESCOL YAMA HIALURONICO 50G,1
DESCOL YAMA PLATINADO 50G,1
DESCOLOR SUNLESS FARMAX 20G,1
DESCOLORANTE BLONDOR KIT CAMOMILA 1X1,1
DESCOLORANTE BLONDOR SACHE 20GR DISPLAY 1X1,1
DESCOLORANTE KIT LIGHTNER MENTA E ALOE VERA 1X1,1
DESCOLORANTE LIGHTNER GERMEN TRIGO 1 UN,1
DESCOLORANTE LIGHTNER KIT BANHO DE LUA 1X1,1
DESCOLORANTE SUN LESS DOURA PELOS PO 1X50GR,1
DESCOLORANTE YAMA AMETISTA 1X50GR,1
DESCOLORANTE YAMA CAMOMILA 1X50GR,1
DESCOLORANTE YAMA GERMEN TRIGO 12X50GR,1
DESCOLORANTE YAMA GERMEN TRIGO 1X20GR,1
DESCOLORANTE YAMA QUERATINA 12X20GR,1
DESCOLORANTE YAMA QUERATINA 12X50GR,1
DESCOLORANTE YAMA QUERATINA 20GR,1
DESCOLORANTE YAMA TRADICIONAL 12X50GR,1
DESCON 12+15MG C/12 CP REV,1
DESCON SOL GOTAS 20ML,1
DESCON XPE FR 120 ML,1
DESDUO 100MG 60CPR (C1) (DESVENLAFAXINA),1
DESDUO 100MG C 30CPR LIB PROL,1
DESDUO 50MG 60CP,1
DESDUO 50MG C 30CPR,1
DESESODORANTE CREME BISNAGA HERBISSIMO MONOI/ACID 55G,1
DESINCHA CHA NOITE C60,1
DESINCHA MIX DE VERAO HIBISCUS PINK C30,1
DESINCHA MIX DE VERAO PINA COLADA C30,1
DESINCHA NOITE CAMU MEL BAU MARAC C30,1
DESINF MINUANO 2LT LAVANDA,1
DESINF VEJA 1LT LAVANDA CX/0012/UN,1
DESITIN CREAMY 57GR,1
DESITIN MAXIMA PROTECAO 57G,1
DESLAC 10.000 FCC 30CPS LACTASE MAXINUTR,1
DESLAC 10.000 FCC 30CPS MASTIGAVEL LACTASE MAXINUTRI,1
DESLAC LACTASE GOTAS 15 ML,1
DESLORANA 100ML DESLORATADINA LEGRAND,1
DESLORANA 5MG COMP C/10,1
DESLORANA XAROPE 60ML (DESLORATADINA),1
DESLORATADINA 5MG 10CPR GERMED,1
DESLORATADINA 5MG 10CPR LEGRAND,1
DESLORATADINA 5MG 30CPR GERMED,1
DESLORATADINA 5MG 30CPR NOVA QUIMICA,1
DESLORATADINA 5MG C 30 COMP EUR,1
DESLORATADINA 5MG C/10 BIOS,1
DESLORATADINA 5MG C/10 CIFARMA,1
DESLORATADINA 5MG C/10 COMP EUR-GENERICO,1
DESLORATADINA 5MG C/30 COM REV,1
DESLORATADINA XAR 60ML,1
DESLORATADINA XPE 100 ML TEUTO,1
DESLORATADINA XPE 60 ML TEUTO,1
DESO AEROSOL DOVE FEMININO INVISIBLE DRY 1X145GR,1
DESO AEROSOL DOVE MASCULINO INVISIBLE DRY 1X148G,1
DESO AEROSOL REXONA FEMININO ANTIBACTERIAL PROM 1X145,1
DESO AEROSOL REXONA FEMININO COTTON DRY 1X148GR,1
DESO AEROSOL REXONA FEMININO INVISIBLE 1X145GR,1
DESO AEROSOL REXONA MASCULINO ANTIBACTERIAL 1X148g,1
DESO AEROSOL REXONA MASCULINO INVISIBLE 1X148GR,1
DESO AEROSOL REXONA MASCULINO V8 PROM 1X148GR,1
DESO. ABOVE AEROSOL ELEMENTS VULCAN ACO 1X90GR,1
DESO. ABOVE AEROSOL INVISIBLE MAN 1X90GR,1
DESO. ABOVE AEROSOL INVISIBLE WOMAN 1X90GR,1
DESO. ABOVE AEROSOL TEEN BOY 1X90GR,1
DESO. ABOVE AEROSOLTEEN BE POSITIVE 1X90GR,1
DESO. ABOVE BBB21 ANJO WOMEN 1X90GR,1
DESO. ABOVE BBB21 LIDER WOMEN 1X90GR,1
DESO. ABOVE BBB21 MEN 1X90GR,1
DESO.ABOVE FEEL FREE WOMEN 1X90GR,1
DESOD AERO ABOVE DERMACLIN MEN CLINICAL 72H 1X150ML,1
DESOD AERO ABOVE DERMACLIN SEM PERFUME 1X150ML,1
DESOD AEROSOL DOVE MASCULINO CUIDADO TOTAL 1X148G,1
DESODALINA (600MG*) 60 CÁPSULAS,1
DESODALINA 600MG C/60 COMPRIMIDOS SANIBRAS,1
DESODORANTE ABOVE AEROSOL CREAM SUGAR 150ML P ABOVE .,1
DESODORANTE ABOVE AEROSOL EXTREME SPORT 150ML P ABOVE .,1
DESODORANTE AERESOL BOZZANO CLINICAL ULTRA COOL 1X94GR,1
DESODORANTE AERO ABOVE CLUBE PALMEIRAS 1X150ML,1
DESODORANTE AERO ABOVE CLUBE SÃO PAULO 1X150ML,1
DESODORANTE AEROS.UFC M.FRESH 150ML,1
DESODORANTE AEROS.UFC M.PROTECTION 150ML,1
DESODORANTE AEROSOL ABOVE EXTREME SUN 150ML P ABOVE .,1
DESODORANTE AEROSOL ABOVE MEN COUNTRY 1X150ML,1
DESODORANTE AEROSOL ABOVE MEN ELEMENTS CANYON 1X150ML,1
DESODORANTE AEROSOL ABOVE MEN ELEMENTS HURRICANE 1X150ML,1
DESODORANTE AEROSOL ABOVE MEN ELEMENTS OCEAN 1X150ML,1
DESODORANTE AEROSOL ABOVE MEN FEEL FREE S/ ALUMINIO 1X150ML,1
DESODORANTE AEROSOL ABOVE MEN SPORT 150ML,1
DESODORANTE AEROSOL ABOVE MEN SPORT ENERGY 1X150ML,1
DESODORANTE AEROSOL ABOVE MEN URBAN 1X150ML,1
DESODORANTE AEROSOL ABOVE ONE WOMEN LOVE 1X150ML,1
DESODORANTE AEROSOL ABOVE ONE WOMEN MOVING 1X150ML,1
DESODORANTE AEROSOL ABOVE ONE WOMEN PASSION 1X150ML,1
DESODORANTE AEROSOL ABOVE SEM PERFUME 1X150ML,1
DESODORANTE AEROSOL ABOVE SOFT CREME 1X150ML,1
DESODORANTE AEROSOL ABOVE TEEN DREAM BIG 1X150ML,1
DESODORANTE AEROSOL ABOVE TEEN GOOD VIBES 1X150ML,1
DESODORANTE AEROSOL ABOVE WOMEN DOLCE VITA 1X150ML,1
DESODORANTE AEROSOL ABOVE WOMEN FRESH 1X150ML,1
DESODORANTE AEROSOL ABOVE WOMEN INVISIBLE FIERCEESAV 1X150ML,1
DESODORANTE AEROSOL ABOVE WOMEN INVISIBLE PEACEEFASH 1X150ML,1
DESODORANTE AEROSOL ABOVE WOMEN INVISIBLE STRONGECLAS 1X150M,1
DESODORANTE AEROSOL ABOVE WOMEN INVISIBLE UNIQEMODERN 1X150M,1
DESODORANTE AEROSOL ABOVE WOMEN SPORT ENERGY 1X150ML,1
DESODORANTE AEROSOL AXE DARK TEMPTATION BODY SPRAY 89GR,1
DESODORANTE AEROSOL AXE URBAN ANTIPERSPIRANTE SPRAY 48H 1X90,1
DESODORANTE AEROSOL BAX ANTITRANSPIRANTE INTENSE 150ML$,1
DESODORANTE AEROSOL BOZZANO CLINICAL CLEAN 1X94GR,1
DESODORANTE AEROSOL DOVE FEMININO GO FRESH AMORA E FLOR 1X87,1
DESODORANTE AEROSOL DOVE FEMININO GO FRESH PERA E ALOE 1X87G,1
DESODORANTE AEROSOL DOVE MEN INVISIBLE FRESH 1X89GR,1
DESODORANTE AEROSOL DOVE ORIGINAL 1X145GR,1
DESODORANTE AEROSOL GIOVANNA BABY GOLD 1X150ML,1
DESODORANTE AEROSOL GIOVANNA BABY ROSE 1X150ML,1
DESODORANTE AEROSOL MONANGE DETOX FRESH 150ML,1
DESODORANTE AEROSOL OLD SPICE AP ADVENTURE 1X124GR,1
DESODORANTE AEROSOL OLD SPICE AP ADVENTURE 1X93GR,1
DESODORANTE AEROSOL OLD SPICE AP LENHA 1X124GR,1
DESODORANTE AEROSOL OLD SPICE AP PEGADOR 1X124GR,1
DESODORANTE AEROSOL OLD SPICE AP VIP 1X124GR,1
DESODORANTE AEROSOL REXONA CLINICAL FEMININO REFRESH 1X91GR,1
DESODORANTE AEROSOL REXONA CLINICAL MASCUL INTENSE 1X91GR,1
DESODORANTE AEROSOL REXONA FEMININO ANITTA BANG 1X91GR,1
DESODORANTE AEROSOL REXONA FEMININO ANITTA SH PODEROSAS 1X91,1
DESODORANTE AEROSOL REXONA FEMININO ANITTA VAI MALANDRA 1X91,1
DESODORANTE AEROSOL REXONA FEMININO FRUTAS VERMELHAS 1X90GR,1
DESODORANTE AEROSOL REXONA MASCULINO SPORTFAN 1X90GR,1
DESODORANTE AXE BLACK 150 ML,1
DESODORANTE CREME ABOVE CANDY 1X50G,1
DESODORANTE CREME ABOVE ELEMENTS OCEAN 1X50G,1
DESODORANTE CREME ABOVE SPORT 1X50G,1
DESODORANTE CREME ABOVE SPORT ENERGY MEN 1X50G,1
DESODORANTE CREME BISNAGA HERBISSIMO COCO/VIT C 55G,1
DESODORANTE CREME BISNAGA HERBISSIMO LINHAC/Q10 55G,1
DESODORANTE CREME DOVE SERUM PREVINE ESCURECIMENTO 1X50GR,1
DESODORANTE CREME DOVE SERUM PREVINE IRRITACAO 1X50GR,1
DESODORANTE CREME DOVE SERUM REPARACAO DIARIA 1X50GR,1
DESODORANTE CREME HERBISSI ROSA MOSQUETA E NIACINAMID 1X55,1
DESODORANTE CREME HERBISSIMO TALCO 1X55GR,1
DESODORANTE CREME RED APPLE MASCULINO HERBAL 1X55GR,1
DESODORANTE CREME RED APPLE MASCULINO SPORT ACTIVE 1X55GR,1
DESODORANTE CREME RED APPLE UNISSEX AVEIA 1X55GR,1
DESODORANTE CREME RED APPLE UNISSEX CAMOMILA 1X55GR,1
DESODORANTE CREME TABU ROMANCE 1X55GR,1
DESODORANTE CREME TABU TRADICIONAL 1X55GR,1
DESODORANTE DOVE AERO 150ML,1
DESODORANTE DOVE AEROSOL 150ML,1
DESODORANTE INTIMO VAGISIL ODOR BLOCK 1X60ML,1
DESODORANTE INTIMO VAGISIL TRADICIONAL 1X75ML,1
DESODORANTE NIVEA AEROSOL MILK PELE 150M,1
DESODORANTE NIVEA ROLL DRY IMPACT 50ML,1
DESODORANTE NIVEA ROLL PEARL BEAU 50ML,1
DESODORANTE PES BARLA AEROSOL 1X90GR,1
DESODORANTE PES TENYS PE BARUEL JATO S ORIG +WOMAN PROM 2X92,1
DESODORANTE PRINCIPIA AEROSOL 70ML,1
DESODORANTE REXONA AEROSSOL 150ML/89G (CONSULTA FRAGRANCIAS DISPONIVEIS),1
DESODORANTE REXONA CLINICAL 58G,1
DESODORANTE REXONA CLINICAL AEROSOL EXTRA DRY 150ML,1
DESODORANTE REXONA CLINICAL AEROSOL MASCULINO SPORT 1X91GR,1
DESODORANTE REXONA CLINICAL AEROSOL SEM PERFUME 1X91GR,1
DESODORANTE REXONA CLINICAL FEMININO CLASSIC 1X91GR,1
DESODORANTE REXONA CLINICAL WOMEN CLASSIC 1X58GR,1
DESODORANTE ROLLON INFANTIL TRA LA LA BOM DE BOLA 1X65ML,1
DESODORANTE ROLLON INFANTIL TRA LA LA DANCE 1X65ML,1
DESODORANTE ROLLON NIVEA DEEP CARVAO ATIVADO 1X50ML,1
DESODORANTE ROLLON NIVEA MEN ACTIVE DRY FRESH 1X50ML,1
DESODORANTE ROLLON RED APPLE INAFANTIL CIBORGUE VILMA 1X50ML,1
DESODORANTE ROLLON RED APPLE INAFANTIL MAGICO RUBINHO 1X50ML,1
DESODORANTE ROLLON RED APPLE INAFANTIL ROBO ROBERTO 1X50ML,1
DESODORANTE ROLLON RED APPLE INFANTIL SAMURI VERA 1X55GR,1
DESODORANTE ROLLON REXONA FEMININO INVISIBLE 1X50ML,1
DESODORANTE SPRAY ALMA DE FLORES BAUNILHA 1X90ML,1
DESODORANTE SPRAY ALMA DE FLORES CLASSICO 1X90ML,1
DESODORANTE SPRAY LEITE DE ROSAS TRADICIONAL 1X90ML,1
DESODORANTE SPRAY SENADOR 1X90ML,1
DESODORANTE SPRAY TABU TRADICIONAL 1X90ML,1
DESODORANTE STICK DOVE BARRA FRESH 1X45GR,1
DESODORANTE STICK DOVE BARRA POWDER 1X45GR,1
DESODORANTE STICK DOVE INVISIBLE DRY 1X45GR,1
DESODORANTE STICK DOVE MEN BARRA COMFORT PROTECTION 1X45GR,1
DESODORANTE STICK DOVE MEN BARRA INVISIBLE DRY 1X45GR,1
DESODORANTE STICK DOVE MEN SPORT FRESH 1X45GR,1
DESODORANTE STICK DOVE ORIGINAL 1X45GR,1
DESODORANTE STICK GILLETTE ALOE 1X82GR,1
DESODORANTE STICK HERBISSIMO HIBISCO 1X45GR,1
DESODORANTE STICK HERBISSIMO NEUTRO 1X45GR,1
DESODORANTE STICK OLD SPICE ADVENTURE 1X50GR,1
DESODORANTE STICK OLD SPICE VIP 1X50GR,1
DESODORANTE STICK REXONA CLINICAL MEN CLEAN 1X58GR,1
DESODORANTE STICK REXONA CLINICAL WOMEN 1X48GR,1
DESODORANTE STICK REXONA CLINICAL WOMEN EXTRA DRY 1X58GR,1
DESODORANTE STICK REXONA FEMININO CLINICAL EXTRA DRY,1
DESODORANTE STICK SECRET BARRA COTTON 1X45GR,1
DESODORANTE STICK SECRET BARRA LAVANDER 1X45GR,1
DESODORANTE STICK SECRET GEL BERRY 1X45GR,1
DESODORANTE STICK SECRET GEL COTTON 1X45GR,1
DESODORANTE STICK SECRET GEL LAVANDER 1X45GR,1
DESODORANTE STICK SECRET GEL ORANGE BLOSSOM 1X45GR,1
DESODORANTE TRALALA ROLLON ROSA 65 ML,1
"DESOGESTREL 0,075MG CX 28 COMP REV",1
DESOGESTREL 150MCG+ETINILEST 20MCG 63CPR BIOSINTETICA,1
DESOGESTREL 75 MCG EUROFARMA COM 28 COMPRIMIDOS,1
DESOGESTREL 75MCG 28COMP REV GERMED,1
DESOGESTREL+ET 150+20MCG 63CPR EUR-GENERICO,1
DESOGESTREL+ETINILES 20MCG 21CPR EUROFAR,1
DESOGESTREL+ETINILESTRADIOL 30MCG 63CPR EUROFARMA,1
DESONIDA CREME 30G GERMED,1
DESONIDA POMADA 30G GERMED,1
DESTADIN 5MG 10CPR,1
DESVE 100MG C 60 COMP REV,1
DESVE 100MG C/ 30 CPR,1
DESVE 50MG C/ 60 CPR,1
DESVE 50MG C/30 CPR,1
DESVENLAFAX 100MG C/30 CP C1 GMD-GENERICO,1
DESVENLAFAX 50MGC 30 CP C1 GERMED,1
DESVENLAFAXINA 100MG C/30 ALTHAIA,1
DESVENLAFAXINA 50MG C/30 ALTHAIA,1
DET MINUANO 500ML NEUTRO,1
DETOX CONCENTRATED 60 CAPSULAS,1
DEWS 5MG/ML SOL OFTAM 10ML,1
DEXA CITONEURIN C/ 3 AMPOLAS - NÃO FRACIONAVEL,1
DEXADOR INJ C/ 3 AMPOLAS,1
DEXALGEN NF SOL INJ C 6 AMP,1
DEXAMETASONA 4MG 10CPR EMS,1
DEXAMETASONA 4MG 10CPR LGR,1
DEXAMETASONA 4MG COMP C/10 TEUTO,1
DEXAMETASONA CREME 10GR GEOLAB,1
DEXAMETASONA CREME C/10G.,1
DEXAMETASONA ELIXIR 100ML TEUTO,1
DEXAMETASONA ELX 01MG/ML C/120ML/GEO,1
DEXANEURIN INJ C/ 3 AMPOLAS,1
DEXASON 4MG 10COMP,1
DEXAVISON 5ML TEUTO DESMARCADOS,1
DEXCLOR+BETAMETASONA XPE 120ML GERMED,1
DEXCLORF BETAMETASONA XPE FR 120 ML,1
DEXCLORFEN+BETAMETASONA 120ML CIMED,1
DEXCLORFENIRAMINA 2 MG/5 ML SOL C/ 100 ML,1
DEXCLORFENIRAMINA XPE 100 ML TEUTO G,1
DEXCLORFENIRAMINA+BETA TEUTO GEN XPE 120 ML,1
DEXCLORFENIRAMINA+BETAMET XPE 120ML GLOBO,1
DEXFER 100MG/ML GTS 30ML,1
DEXFER 10MG/ML SOL 100ML-OUTROS,1
DEXFER 400 MG 30 COMP REV-OUTROS,1
DEXILANT 30 MG 30CAP LIB PROL,1
DEXILANT 30 MG 60CAP LIB PROL,1
DEXILANT 60 MG 30CAP LIB PROL,1
DEXILANT 60 MG 60CAP LIB PROL,1
DEXMINE 20CPR,1
DEXPANTOL BABY CR 30GR,1
DEXPANTOL BABY CR 60GR,1
DEXTAFLAM XPE X 120ML,1
DEXTAMINE XPE 120ML,1
DHA LIQUID SABOR LARANJA 30ML TRUE SOURCE,1
DHALGA 60ML,1
DHALGA C 30 CAPS,1
DHIVAS 900+100MG C 30 COMP REV,1
DIA D 2CPR,1
DIABETTX PLUS CR UREIA 250G,1
DIABO VERDE PRE WORKOUT 150G - LIMAO,1
DIABO VERDE PRE WORKOUT 150G - MACA VERDE,1
DIABO VERDE PRE WORKOUT 300G - BLACK ICE,1
DIABO VERDE PRE WORKOUT 300G - CEREJA ICE,1
DIABO VERDE PRE WORKOUT 300G - MACA VERDE,1
DIABO VERDE PRE WORKOUT 300G- FRUTAS AMARELAS,1
DIABO VERDE PRE WORKOUT 300G- LIMAO,1
DIACQUA 25MG C/30 COMP,1
DIACQUA 50MG C 30 COMP,1
DIAMICRON MR 60MG C/30CPR (PBM FUNCIONAL),1
DIAMICRON MR 60MG C/60 COMP (PBM FUNCIONAL),1
DIAMOX 250MG 30CPR,1
DIAMOX CP 250MG 25CPR,1
DIAZEPAM 10 MG C/ 30 CPR GEN UNIAO QUIMICA,1
DIAZEPAM 10 MG C/30 CPR GEN PHARLAB,1
DIAZEPAM 10MG C/ 30 CPR GEN GERMED,1
DIAZEPAM 10MG C/ 30 CPR GEN GERMED DESMARCADOS,1
DIAZEPAM 5MG C/30CPR GEN GERMED,1
DIAZEPAM 5MG C/30CPR GEN NEO QUIMICA,1
DIAZEPAM NQ 10 MG C/30 CPR,1
DICLAC SR 75MG 20CPR,1
DICLOF COLESTIRAMI 70MG 14CS MEDLEY,1
DICLOF COLESTIRAMI 70MG 20CS EMS,1
DICLOF COLESTIRAMI 70MG 20CS MED,1
DICLOF RESINATO 15MG/ML SUS OR FR 20ML,1
DICLOFENACO COLES 70MG 14CPS GERMED,1
DICLOFENACO COLES 70MG 20CPS GERMED,1
DICLOFENACO DE SODIO 50MG C/20 CPR NEO QUIMICA,1
DICLOFENACO DE SODIO INJ CX AMP X 3ML,1
DICLOFENACO SODICO 100MG C/10 COMP EMS-GENERICO,1
DICLOR TRIMETAZID 35MG 30CPR MEDLEY,1
DICOXIBE 200MG C 10 CAPS C1,1
DICOXIBE 200MG C 15 CAPS C1,1
DICOXIBE 200MG C/ 30 CPS,1
DIENOGESTE 2MG C/30 COMP EUROFARMA,1
DIET WEEK SHAKE MORANGO E AMO,1
DIEVARI 900MG+100MG 30CPR,1
DIFUSOR ELETRICO PBT VIRGULA OFF WHITE PLURI 00000000301926,1
DIFUSOR ELETRICO PLURI BRANCO / TAM U,1
DIFUSOR ELETRICO POLIMERO BIVOLT,1
DIFUSOR GLADE LAVANDA 1X100ML,1
DIFUSOR VARETAS LAVANDA 250ML / TAM U,1
DIGEDRAT 200MG C/60 CAPS,1
DIGELIV 400FCC GALU 30 CP MAST,1
DIGELIV 400FCC GALU C15 CP MASTI,1
DIGEPLUS 30CPS,1
DIGESTINA GTS 20ML,1
DILACORON 80MG C 30 COMP REV,1
DILATADOR NASAL C/10 UNID. GRANDE,1
DILATADOR NASAL C/10 UNID. MEDIO,1
DILATEX C/152CPS,1
DILTIAZEM 30MG 50CPR NOVA QUIMICA,1
DILTIAZEM 60MG 50 CPR,1
DIMINUT 63CPR EMBALAGEM ECONOMICA,1
DIMORF 10MG C/50 COMP,1
DIMORF 30MG 50 CPR,1
DIMORF LC 30MG C/60 CAPS,1
DINILL OCULUM COL 10ML,1
DIOEH 450/50 MG 30 CP T BIOLAB,1
DIOSMIN 30CPR,1
DIOSMIN 60CPR,1
DIOSMIN 900/100MG 30CP T ACHE .,1
DIOSMIN SDU 900/100MG C/30 SACH-OUTROS,1
DIOSMIN SDU C/30 SACHES 5G ABACAXI-OUTROS,1
DIOST 30 COMP,1
DIOVAN 160MG C 28 COMP(PBM),1
DIOVAN 320MG C 28 COMP,1
DIOVAN AMLO FIX 1605MG 28CPR (PBM),1
DIOVAN AMLO FIX 320/5MG 28CP REV,1
DIOVAN AMLOFIX 320 10MG 28CP REV,1
DIOVAN HCT 320MG+25MG 28CPS,1
DIOVASES 60CPR - DIOSMINA + HESPERIDINA,1
DIP BET+FOSF DIS BETAM 5+2MG/ML 1AP+1SER,1
DIPIMED DIPIRONA MONOIDRATADA 500MG/ML 20 ML,1
DIPIMED GTS 20ML MEDQUIMICA,1
DIPIRONA 1G 10 CP NEO QUIMICA,1
DIPIRONA 1G 10CPR NATULAB,1
DIPIRONA 1G 10CPR NEO,1
DIPIRONA 1G C/ 10 CP NEO QUIMICA,1
DIPIRONA 1G C/10 COMP CIMED,1
DIPIRONA 1G C/10 COMPRIMIDOS,1
DIPIRONA 1G CX 10 COMP,1
DIPIRONA 1GR C/10 CP NEO QUIMICA,1
DIPIRONA 500MG 10CPR EMS,1
DIPIRONA 500MG 10CPR UN PRATI,1
DIPIRONA 500MG 20 CPS / GEN. PRATI,1
DIPIRONA 500MG 30 CPS / GEN. PRATI,1
DIPIRONA 500MG C/10 COMP NOVA QUIMICA,1
DIPIRONA 500MG C/10CPR LEGRAND,1
DIPIRONA 500MG/ML GTS 20ML NATULAB,1
DIPIRONA 50MG/ML XPE FR 100ML MEDLEY,1
DIPIRONA GOTAS 20ML MAXALGINA,1
DIPIRONA GTS 20ML NATULAB,1
DIPIRONA GTS 500MG 20ML SABOR ABACAXI NEO QUIMICA,1
DIPIRONA MONOID 1G C 10 COMP EMS,1
DIPIRONA MONOID 1G C 10 COMP GERMED,1
DIPIRONA MONOIDRATADA 1G 10 CPS (medley),1
DIPIRONA MONOIDRATADA 1G 10CPR VITAMEDIC,1
DIPIRONA MONOIDRATADA GOT 500MGML 10ML,1
DIPIRONA MONOIDRATADA GOTAS 10ML GERMED,1
DIPIRONA SODIC GTS 10ML EMS,1
DIPIRONA SODICA 1G 20CPR EMS,1
DIPIRONA SODICA 500MG C/10 CPR GREENPHARMA,1
DIPIRONA SODICA 500MG C/10CP MEDLEY,1
DIPIRONA SODICA 500MG GTS 20ML NE QUIMICA,1
DIPIRONA SODICA GTS 10 ML G MEDLEY .,1
DIPIRONA SODICA MONOIDRATADA GTS 20ML,1
DIPIRONA SOL ORAL 100ML MEDLEY,1
DIPIRONA XAROPE 100 ML BIOSINTETICA,1
DIPIRONA XPE 100ML BIOSINTETICO,1
DIPIRONA XPE 100ML GERMED,1
DIPIRONA XPE 100ML MEDLEY,1
DIPRIN XPE 100ML - DIPIRONA SODICA,1
DIPROGENTA CREME C/ 30 G,1
DIPROGENTA POM 30G,1
DIPROP. BETA +FOSF BET - 6 AMPOLA / EUROF,1
DIPROPIONATO BETA+AC SAL POM 30G,1
DIPROPIONATO BETAMETASONA +BETAMETASONA1ML EUROFARMA,1
DIPROPIONATO DE BETAMETASONA + SULFATO DE GENTAMICINA CR G,1
DIPROSPAN 5+2 MG ML INJ 6AMP 1ML,1
DIPROSPAN INJ 1ML,1
DISCIPLIN HASKELL LISO C FORCA 150 ML,1
DISCO DE CORTE MADEIRA - 4.3 8 11 - 100MM FURO 20,1
DISCO DIAM PREMIUM CER/PORCEL 4073 / 60863,1
DISCO DIAMANTADO SEGMENTADO 110 X 20MM UZZY,1
DISFOR C/30 CAPS,1
DISP ATROVERAN HOT C/10 SACHES,1
DISP NOSEWASH BICHINHOS P/LAVAGEM NASAL 10ML,1
DISPETIC 40MG C 30 COMP LIB RET,1
DISPETIC 40MG C 60 COMP LIB RET,1
DISPLAY BLENDS PLURI / TAM U,1
DISPLAY COLECAO EXAGERADAMENTE PLURI NF148060.12/08,1
DISPLAY COLECAO RECORDAR E VIVER 00000000000000,1
DISPLAY ESSENCIAIS PLURI / TAM U,1
DISPLAY FINI BALAS + CARMED,1
DISPLAY MISTO PROT LABIAL EVELIZE 1X50,1
DISPLAY PAMPERS MINI FARMA INDEP 1X1,1
DISPOSITIVO LAVAGEM NASAL 240ML PATRULHA,1
DISPOSITIVO NASAL (RESPIRO) 220ML,1
DISPOSITIVO P/LAVAGEM NASAL 240ML AD/INF,1
DISPOSITIVO P/LAVAGEM NASAL 240ML DINO,1
DISPOSITIVO P/LAVAGEM NASAL 240ML UNICOR,1
DIUPRESS 25+5MG C 30 COMP,1
DIUREMIDA 40MG CX 20 COMP,1
DIURIX 25MG 30CPR,1
DIVALCON ER 250MG C/ 30 CPR,1
DIVALCON ER 250MG C/ 60 CPR,1
DIVALCON ER 500MG C/ 30 CPR,1
DIVALCON ER 500MG C/ 60 CPR,1
DIVALPROATO DE SODIO 500MG C/30,1
DIVELOL 25 MG 60 CP S BALDACCI,1
DIVENA 40 MG LIB RETARD 60 CPS,1
DIVENA 40MG C/30 COMP REV,1
DIVIDOL 12CPS,1
DIVINAGEST DHA 60CAPS,1
DIVINAGEST FOLATO 30CAPS,1
DIXIL 50MG SPRAY 50ML,1
DK EVORA FRUTAS AMARELAS 150G,1
DK EVORA FRUTAS VERMELHAS 150G,1
DK2-CAL COMPRIMIDOS,1
DM DIASIP PO BAUNILHA 360G,1
DM FORTINI COMPLETE CHOCOLATE 800GR,1
DM INFATRINI PO 400GR,1
DM NUTRIDRINK PROTEIN SENIOR PO CHOC LT 750G,1
DOBEVEN 500MG C 60 CAPS,1
DOBEVEN 500MG CPS1X30-OUTROS,1
DOCOL ACABAMENTO VALVULA DESCARGA BEGE,1
DOCOL ITAPEMA ACABAMENTO 3 4,1
DOCOL KIT MOLA P VALVULA DESCARGA,1
DOCTAR FORCE C/90 COMPRIMIDO,1
DOCTAR FORCE SHAMPOO 200ML,1
DOCTAR FORCE SHAMPOO 400ML,1
DOCTAR PLUS SH ANTI CASPA 120ML-DEMAIS PROD,1
DOCTAR PLUS SH ANTI CASPA 240ML,1
DOCTAR SALIC SH ANTI CASPA 140ML,1
DOCTAR SENSI SHAMPOO 120ML,1
DOIS C/60 CAPS-DEMAIS PROD,1
DOISKA 149MCG C 30CAPS GEL,1
DOISKA 60MCG C 90 COMP REV,1
DOISKA PLUS C/30 CAPS GEL,1
DOLAMIN 125MG 16CPR,1
DOLAMIN 250MG C/12 COMP REV-REFERENCIA,1
DOLAMIN FLEX 125 MG 12 COMP REV-REFERENCIA,1
DOLAMIN FLEX 1255MG 15CPR,1
DOLOMITA 30 CÁPSULAS,1
DOMPERIDONA 10 MG CX 60 COMP EUROFARMA,1
DOMPERIDONA 10MG 30CPR EUROFARMA,1
DOMPERIDONA 10MG 60CPR GERMED,1
DOMPERIDONA 10MG 60CPR LEGRAND,1
DOMPERIDONA 10MG C/30 CPR CIMED,1
DOMPERIDONA 10MG C/60 CPR CIMED,1
DOMPERIDONA 10MG CX 60 COMP,1
DOMPERIDONA 1MG/ML 100ML EUR,1
DOMPERIX 10MG C/30CP (EUF),1
DOMPERIX SUSPENSAO 100ML,1
DOMPLIV 10MG CX 30 COMP,1
DON 10 MG C/ 30,1
DON 5 MG C/ 30 CPR,1
DONAREN 100MG C/30CPR,1
DONAREN 50MG C/ 60 CPR,1
DONAREN RETARD 150MG C/ 30 CPR,1
DONILA 10MG C/ 30CPR,1
DONILA 5MG C/30CPR,1
DONILA DUO 10+20MG C/ 30 CPR,1
DONILA DUO 10+5MG C/7 CPR,1
DORALGINA (CAFEI+DIP+ISOME) C/04 COMPRIMIDOS,1
DORALGINA 100 DRG 25X4 (CAFEI+DIP+ISOME),1
DORALGINA 20CPR,1
DORALGINA C/04 CPR,1
DORALGINA C/20 DRG,1
DORALGINA DIPCAF 16 CPR (DIPIRONA+CAFEINA),1
DORALGINA DIPCAF C/4 (DIPIRONA+CAFEINA),1
DORDENTE SOL 3ML,1
DORENE 150MG C/ 30 CPS,1
DORENE 75MG C/ 30 CAPS,1
DORENE LIQUIDO 25MG ML 60ML,1
DORENE TABS 150MG C/30 COMP,1
DORENE TABS 75 MG C/ 30 CPR,1
DORENE TABS 75MG C 60 COMP C1,1
DORFEBRIL 500 MG/ML SOL OR 10 ML,1
DORFLEX C/ 10 COMP,1
DORFLEX C/36 COMP,1
DORFLEX DIP 1G C/10 COMP,1
DORFLEX MAX C/16 COMP,1
DORFLEX MAX C/8 COMP,1
DORFLEX UNO 1G C 4 CPR,1
DORICIN 36CPR (ORFENADINA+DIP+CAF),1
DORIL C/ 6 CPR,1
DORIL DC 500 C/16 COMP-SIMILAR,1
DORIL ENXAQUECA 4 CPR,1
DORIL ENXAQUECA C/18 COMP REV,1
DORIL ENXAQUECA C/8 COMP REV,1
DORILAX DT 450+50+35MG C/12 COMP,1
DORILEN 12CPR,1
DORILEN GTS 15ML,1
DORILESS 12 COMPRIMIDOS,1
DORILESS 15 ML CIFARMA,1
DORMEC C/10CPR,1
DORMONID 15MG C/30 COMP,1
DORONA CAFI 500MG+65MG 16CPR (DIPI+CAFEI,1
DORSANOL 750MG C/20CP,1
DORSPAN GTS 20ML,1
DORTO 150MG C/1 COMP REV,1
DORZAL MT SOL OFTALMICA 5ML-SIMILAR,1
DORZAL SOL OFTALMICA 20MG C/5ML-SIMILAR,1
DORZALAMINA+TIMOLOL SOLUCAO OFT TEUTO,1
DORZOLAMIDA 20MG/ML SOL 5 ML,1
DORZOLAMIDA OFT 20MG 5ML GERMED,1
DOSE HASKELL CONCENTRA CAVALO FORTE40ML,1
DOSE SACHET SPECIALIST 30g (BIO EXTRATUS),1
DOSS 1000UI 90CPS,1
DOSS 15.000UI C/4 CAPS,1
DOSS 15.000UI C/8 CAPS,1
DOSS 2000UI C 90 CAPS,1
DOSS 2000UI C30CPS,1
DOSS 3000UI C 30 CAPS GEL,1
DOSS 50.000 UI C/12 CAPS,1
DOSS 50.000 UI C/8 CAPS-OUTROS,1
DOSS 50.000UI C4CPS,1
DOSS 7.000 UI 30 CAPS S BIOLA,1
DOSS 7000UI C12 CAPS OUTROS,1
DOSS 7000UI C4CPS,1
DOSS ZINCO 2000UI+20MG C 60 CAPS,1
DOSS ZINCO 2000UI+20MG C/30 CAPS-DEMAIS PROD,1
DOVE DEO STI INVISIBLE DRY 45G.,1
DOVE DEO STI SPORT 45G.,1
DOVE MEN + CARE CUIDADO TOTAL 50 G,1
DOVE MEN CARE INVISIBLE FRAY,1
DOVE SERUM FACIAL FPS30 50ML,1
DOXAPROST 2MG 30CPR,1
DOXAPROST 4MG 30CPR,1
DOXAZOSINA 2MG 30CPR EUROFARMA,1
DOXAZOSINA 2MG 30CPR SANDOZ,1
DOXAZOSINA 2MG C/30 COMPRIMIDOS,1
DOXAZOSINA 4MG 30CPR,1
DOXAZOSINA 4MG C/30 CPR SANDOZ,1
DOXAZOSINA 4MG C/30CP EUR-GENERICO,1
DOXICICLINA 100MG C/20 PHARLAB,1
DOXICLIN 100MG C15 DOXICICLINA,1
DOXURAN 2 MG C/ 30 COMP SANDOZ,1
DOZEMAST 1000MCG C/60 COMP SUBL,1
DOZEMAST 1000MCG C/90 COMP SUBL-OUTROS,1
DOZEMAST C/30 COMP SUBL-OUTROS,1
DOZEMAST NP 30CPR,1
DOZOITO 25MG C 30 COMP LIB PROL,1
DPREV 1.000UI TODO DIA C 30 COMP,1
DPREV 1.000UI TODO DIA C/30 COMRIMIDOS,1
DPREV 10.000 UI 4 COMP REV,1
DPREV 10000 UI C/8 COMP REV-OUTROS,1
DPREV 100000UI C/2 COMP REV,1
DPREV 14000UI C/4 COMP REV-OUTROS,1
DPREV 2000UI CPR REV 1X30-OUTROS,1
DPREV 4000UI 30CPS SN,1
DPREV 50.000 UI COMP REVX4,1
DPREV 5000UI SOL GOTAS 4ML,1
DPREV 7000UI C/30 CPR,1
DPREV CALCIO 1.000UI 30CPR,1
DPREV CALCIO 2.000UI 30CPR,1
DPREV CALCIO C/60 COMP REV-DEMAIS PROD,1
DPREV CAPS 10.000UI C/8 CPS MOLE-OUTROS,1
DPREV CAPS 50.000UI C/12CPS MOLES,1
DPREV TODO DIA 1.000UI C 90 CAPS,1
DPREV TODO DIA 1000UI GOTAS 10 ML,1
DPREV TODO DIA 2.000UI C/30 CAPS,1
DPREV TODO DIA 400UI GOTAS 10 ML-DEMAIS PROD,1
DPREV TODO DIA 600UI SOL 5ML,1
DR REXONA FEM BAMBOO &AMP; ALOE VERA 1X50ML,1
DRAMAVIT B6 GTS 20ML (DIMENIDRINATO + P,1
DRAMIN B6 30CPR,1
DRAMIN CAPSGEL 25MG 10CPS,1
DRAMIN CAPSGEL 50MG 10 CAPS,1
DREAM CREAM 200G,1
DREAM CREAM 450G,1
DREAM SHAMPOO 250ML,1
DRENIFORMIO CR 30G,1
DRENISON CR 30G,1
DRENISON N CR 30G,1
DRENISON OCLUSIVO 200CM,1
DRENOGRIP 6 COMPRIMIDOS,1
DRIDE AT LAPIS DELINEADOR PARA OLHOS MARROM,1
"DROPROPIZINA 1,5MG XPE PED 120ML BIOS",1
DROPY D 1.000UI 30 CPR (VITAMINA D3),1
DROPY D 2.000UI 30CPR (COLECALCIFEROL),1
DROPY D 50.000UI 4CPR (COLECALCIFEROL),1
DROPY D 50.000UI 8CPR - VIT D,1
DROPY D 7.000UI 10CPR (COLECALCIFEROL),1
DROPY D 7.000UI 4CPR (COLECALCIFEROL),1
"DROSPIRENONA 3MG + ETINILESTRADIOL 0,03MG 21CP EUROFARMA",1
"DROSPIRENONA+ETINILESTRADIOL 3MG+0,03MG C/21 GERMED",1
DROXAINE SUSPENSAO 120ML,1
DROXY 25MG CX 30 COMP,1
DRUSE C 90 CAPS,1
DRUSOLOL COL 5ML,1
DRY LOCAO MAOS E PES 60ML-DEMAIS PROD,1
DTN FOL 90 CAPS,1
DUAL 30MG C 60CAPS LIB RET C1,1
DUAL 30MG C/ 30 CPS,1
DUAL 60MG C 60CAPS LIB RET C1,1
DUAL 60MG C/ 30 CAPS,1
DUALGI 200MG+500MG 12CPR,1
DUC HG HIG 2020 C60 ABS CR 9594,1
DUCOX 200 MG C/ 10 CPS,1
DUCOX 200 MG C/ 30 CPS,1
DUCOX 200MG C/30 CAPS,1
DUELLE 2MG C/63 COMP-SIMILAR,1
DULOXETINA 30MG 30CP,1
DULOXETINA 30MG C/30 COMPRIMIDOS,1
DULOXETINA 30MG C/60 COMPRIMIDO,1
DULOXETINA 60MG 30CPS GEOLAB,1
DULOXETINA 60MG C/30 COMPRIMIDOS,1
DULOXETINA 60MG C/60 COMPRIMIDO,1
DUNIA 35 21 CP S ACHE .,1
DUO RETIX WOMAN SERUM CR 30GR-DEMAIS PROD,1
DUO TRAVATAN BAK FREE 5ML(PBM),1
DUOFLAM INJ 1ML,1
DUOM 5 MAGNESIOS 500MG 60 CPS,1
DUOM SUPLEMENTOS PARA UNHAS 60 CAPSULAS,1
DUOM TREONAT 60 CPS (MAGNESIO+TREONINA),1
DUOMO 2MG 30CPR,1
DUOMO 4MG C 30 CPR,1
DUOMO HP 2 MG+5MG C 60 CAPS GEL,1
DUOMO HP 2+5MG CX 30 CAP,1
DUPHALAC 200ML,1
DUPHASTON 10MG C/28 COMP REV-REFERENCIA,1
DUPLOSTAT 800MG X 60CAP,1
DURATESTON 30+60+100+60MG 1AMP 1ML,1
DUSPATALIN 200MG 60 CAPS,1
DUSPATALIN 200MG C/30 CAPS,1
DUX BCAA POWDER 200G LARANJA,1
DUX GLUTAMINA 300G,1
DUX MULTIVITAMINICO 90CAPS,1
DUX WHEY PROTEIN CONCENT 900G DOCE/LEITE,1
DUX WHEY PROTEIN CONCENTR 900G BUTTER COOKIES,1
DUX WHEY PROTEIN CONCENTRADO 900G CARAMELO SALGADO,1
DUXIDINA 10MG/ML SOL PL 30ML / SIM DIGLUCONATO DE CLOREXIDIN,1
DV NESTOGENO ESPESSAR 800G,1
DVITTA 50.000 UI 4 CAPS / OUT COLECALCIFEROL,1
DVITTA 7.000 UI 30 CAPS / OUT COLECALCIFEROL,1
DW ACTINE ONE FPS50 SEM COR 40G,1
DYMISTA SPRAY 23GR,1
Desod Rexona aero 150ml (Todas as fragâncias),1
Dipirona gts 20ml,1
Dolce Gabb Light Blue Eau de Toilette 100 ml Perfume Femi,1
EBASTEL 10MG 10CPR,1
EBASTEL 10MG C 30 COMPRIMIDO REVESTIDO,1
EBASTEL XPE 60ML,1
EBATZ 2 MG C 90 COMP REV,1
EBATZ 2 MG C/30 COMP REV,1
EBATZ 4 MG C/30 COMP,1
ECASIL 81MG 90CPR,1
ECOS DROPROPIZINA 3MG/ML 120 ML XAROPE UNIÃO QUÍMICA,1
ECOS XPE 120ML B10,1
ECOXE 90MG C 14 COMP,1
ECOXE 90MG C 7 COMP REV,1
ED 3D MUNDO BITA IMPOWER,1
ED CONDOR HOT WHEELS JR ACIMA 4 ANOS 1X1,1
ED DENTALCLEAN PEPPA MACIA SORTIDA 1X1,1
ED ORAL B 1 2 3 LV3PG,1
ED ORAL B STAGES MICKEY C/2 (5-7 ANOS),1
EDISTRIDE 10MG C 30 COMP,1
EEPAREMA FLAC LARANJA 10ML,1
EFEDERM CREME 55G,1
EFFACLAR ALT TOLERANCIA 150G+40G,1
EFFACLAR CONCENTRADO REFIL 240G,1
EFFACLAR DUO + 40ML,1
EFFACLAR GEL 150ML,1
EFFACLAR GEL ALTA T 150G+GEL 50G,1
EFFACLAR GEL CONCEN 150G+GEL 50G,1
EFFACLAR GEL CONCENTRADO 150G,1
EFFACLAR GEL CONCENTRADO 300GR,1
EFFACLAR GEL CONCENTRADO 60G,1
EFFACLAR GEL LIMP ALTA TOL 300G,1
EFFACLAR GEL LIMP AT REFIL 240G,1
EFFACLAR GEL LIMP PROF 150G+40G,1
EFFACLAR MAT CR TUBO 40ML,1
EFFACLAR SAB ALTA TOL 70GR,1
EFFACLAR SAB CONCENT 70G+GEL 40G,1
EFFACLAR SAB CONCENTRADO 70GR,1
EFFACLAR SERIUM ULT CONCENT 30ML,1
EFFIENT 10MG C/30 COMP-REFERENCIA,1
EGIDE 100MG C/60CPR,1
EGIDE 25MG C/ 60CPR,1
EGIDE 50MG C/60CPR,1
EKSON 200+50MG 30CPR,1
ELANI 3MG/30MCG C/84CPR,1
ELANI CICLO 21CPR,1
ELANI CICLO 3X21 COMP,1
ELASTICO CABELO C 72 MEIA SQ3311 UN-0001-UN,1
ELASTICO CABELO C 72 MEIA SQ3491 UN-0001-UN,1
ELASTICO CABELO COLORIDO C/4,1
ELASTICO CABELO COM 6UND,1
ELASTICO DE MEIA COLORIDO,1
ELASTICO DE MEIA PRETO,1
ELASTICO P CABELO C 6 UN MK1513,1
ELASTICO P CABELO C/ 4 MK2176,1
ELASTICO P CABELO C/ 6 MK2183,1
ELASTICO P CABELO CETIM BLACK MK1742,1
ELASTICO P/ CABELO 18 UN BLACK MK1759,1
ELASTICO P/ CABELO 18 UNIDADES - MK0059,1
ELASTICO P/ CABELO 18 UNIDADES - MK0554,1
ELASTICO P/ CABELO C/ 2 UN MK9096,1
ELASTICO P/ CABELO C/ 2UN MK0097,1
ELASTICO P/ CABELO C/ 2UN MK4107,1
ELASTICO P/ CABELO C/ 2UN MK4121,1
ELASTICO P/ CABELO C/ 4 UN MK8501,1
ELASTICO P/ CABELO C/ 6 UN MK8471,1
ELASTICO P/ CABELO C/ 6 UN MK8488,1
ELASTICO P/ CABELO C/ 6 UN MK8495,1
ELASTICO P/ CABELO C/ 8UN MK0073,1
ELASTICO P/ CABELO C/ 8UN MK0109,1
ELASTICO SILICONE C 60 TRANSP. MK1551,1
ELASTICO SILICONE C/ 100 UN MK8396,1
ELASTICO SILICONE C/ 120 UN MK8426,1
ELASTICO SILICONE C/ 150 UN MK0127,1
ELASTICO SILICONE C/ 150 UN MK8402,1
ELASTICO SILICONE C/ 150 UN MK8419,1
ELASTICOS SILICONE C/ 60 CASTANHO MK0345,1
ELASTICOS SILICONE C/ 60 PRETO MK0338,1
ELASTICOS SILICONE C/60 COLORS MK0352,1
ELASTICOS SILICONE C/80 PRETO MK,1
ELASTICOS SILICONE C/80 TRANSP.,1
ELASTIN CREME NUT. PELE OLEOSA 75G,1
ELASTIN CREME NUT. PELE SECA 75G,1
ELASTIN MOUSSE DE LIMPEZA FACIAL ACIDO HIALURONICO 150ML,1
ELASTIN MOUSSE DE LIMPEZA FACIAL COLAGENO 150ML,1
ELASTIN MOUSSE DE LIMPEZA FACIAL NIACINAMIDA 150ML,1
ELATIUM 16MG C 30 CAPS,1
ELIDEL 1% CREME 15G,1
ELIFORE 100MG C/ 28 CPR,1
ELIFORE 50MG C/28 CPR,1
ELIQUIS 5MG C/20COMP,1
ELIQUIS 5MG C/60COMP,1
ELIX DE INHAME 250ML,1
ELIXIR DE SÃO DE CAETANO 500ML,1
ELIXIR INHAME SOL 240ML,1
ELIXIR SHITAKE PLUS 100ML BIO EXTRATUS,1
ELLURA 200MG C/30 CAPS,1
ELPENZO 10MG C 30 COMP REV,1
ELS CACHOS DOS SONHOS CPP 250ML,1
ELS GLYCOLIC GLOSS ELIXIR 100ML,1
ELSEVE ÓLEO EXTRAORDINARIO 100ML,1
EMAMA 400MG C 30 CAPS,1
EMBALAGEM PARA PRESENTE AZUL MEDIA,1
EMISTIN 20DRG,1
EMISTIN CREME 20G,1
EMLA 5% C/1 BISN5G + 2 BAND,1
EMPAK 300MG C/ 30 CPS,1
EMPROL XR 50MG C/30 COMP,1
EMSCORT CREME 30G,1
EMSCORT POMADA 30G,1
EMSEXPECTOR 120ML B5,1
EMULSAO 2% GRANACTIVE RETINOIDE PRINCIPIA SKINCARE GR-2 COM,1
EMULSAO CORPORAL ACIDO LATICO MIX DE ATIVOS HIDR PRINCIPIA,1
ENALAPRIL 10 MG 30 CP G BIOLAB,1
ENALAPRIL 10MG 30 COMP CIMED,1
ENALAPRIL 10MG 30COMP GERMED,1
ENALAPRIL 10MG 30CPR EMS,1
ENALAPRIL 10MG 30CPR LEGRAND,1
ENALAPRIL 10MG 30CPR NEO QUIMICA,1
ENALAPRIL 10MG 30CPR TEUTO,1
ENALAPRIL 10MG CX 30 COMP NOVA QUIMICA - LEVE 4 PAGUE 3,1
ENALAPRIL 20 MG C/30 GENERICO (TEUTO),1
ENALAPRIL 20MG 30COMP CIMED,1
ENALAPRIL 20MG 30CP TEUTO,1
ENALAPRIL 20MG 30CPR GERMED,1
ENALAPRIL 20MG C/30 CPR LEGRAND,1
ENALAPRIL 20MG CX 30 COMP NOVA QUIMICA - LEVE 4 PAGUE 3,1
ENALAPRIL 5MG 30CPR LEGRAND,1
ENALAPRIL 5MG C/30 COMP TEUTO,1
ENAN NORETISTERONA 50MG/ML+ VAL. ESTRADIOL 5MG/ML X 1AMP 1M,1
ENAN. NORETISTERONA+VAL. ESTRADIOL EUROFARMA,1
ENAVO 4MG C/10 COMP-SIMILAR,1
ENAVO 8MG C/10 COMP-SIMILAR,1
ENAVO ODT 4MG C 40 COMP ORO,1
ENAVO ODT 8MG C/40 COMP ORO,1
ENAX 200MG C/30 COMP,1
ENDCOFF 12 PAST MEL/LIMAO (DIFENIDRAMIN,1
ENDCOFF MENTA 12 PASTILHAS,1
ENDOFER 100MG C/30 COMP,1
ENDOFOLIN 5MG C/90 COMP REV-OUTROS,1
ENEMED ENEMA 130ML,1
ENERG EXTRA POWER 473ML SIX PACK PT/0001/UN,1
ENERG.ARRETADO TAUR/CAFEINA 20ML,1
ENERGETICO BALY LATA 250ML,1
ENERGETICO CORUJAO C/04 CPR,1
ENERGETICO FLYNOW LT 250ML TROP S/ACU,1
ENERGETICO MONSTER ENERGY 473ML,1
ENERGETICO RED BULL ENERGY DRINK 250ML,1
ENERGICLIN C C/30 COMP-OUTROS,1
ENERGICLIN COMP REVES C/30.-OUTROS,1
ENERGICLIN DRINK 500ML - SABOR LIMAO,1
ENERGICLIN DRINK 500ML - SABOR TANGERINA,1
ENERGICLIN KIDS C/30 GUMMIES-DEMAIS PROD,1
ENERGICLIN VIT C C/ZINCO 30 COMP-OUTROS,1
ENERGRIP C 1G 10CP EFERV,1
ENERGRIP C 1G 30CP EFERV,1
ENERGRIP C 1G C/10CP EFERVESCENTES,1
ENERGY 30 CAPS SUPREFORCE - NUM.,1
ENERGY DRINK EXTRA POWER 270 ML,1
ENFAMIL PREMIUM 1 800G,1
ENFAMIL PREMIUM 2 800G,1
ENGATE PLASTICO 50CM,1
ENGATE RAPIDO - TRAMONTINA,1
ENGATE RAPIDO .1 2 MANG.TRAMONTINA,1
ENGOV 12 COMP CAM DUPLA,1
ENGOV 6CPR,1
ENGOV AFTER BERRY VIBES FR 250ML-DEMAIS PROD,1
ENGOV AFTER CITRUS FR 250ML,1
ENGOV AFTER PINK LEMONADE 250ML,1
ENGOV AFTER RED HITS 250ML,1
ENGOV AFTER TANGERINA FR 250ML-DEMAIS PROD,1
ENGOV C/ 24 COMP,1
ENGOV UP LT 269ML+ENGOV C/06 CPR,1
ENGOV UP MELANCIA LT 269ML,1
ENGOV UP MORA E KIWI LT 269ML,1
ENGOV UP ORIGINAL LATA 269ML,1
ENIAGOR 50MG/ML SOL CAP 2FR 50ML,1
ENIAGOR 50MG/ML SOL CAP 50ML REFIL,1
ENIAGOR 50MG/ML SOL SPR CAP 50ML,1
ENJOY C/04,1
ENSOLEI ANTIACNE COLOR FP30 40G-DEMAIS PROD,1
ENSOLEI COMPACT F50 PROFUSE 10G,1
ENSURE ADVANCE MORANG BAN 850G,1
ENSURE BAUNILHA 850G-DEMAIS PROD,1
ENSURE CHOCOLATE 850G,1
ENSURE MORANGO 850G-DEMAIS PROD,1
ENSURE PLUS BAUNILHA 200ML NOVO,1
ENTEROGERMINA 10FRASCOS 5ML,1
ENTEROGERMINA ADULT 2G X 9SACHES,1
ENTEROGERMINA PLUS 4 BCFU/FLAC 5X5ML-,1
ENTREGA 5,1
ENTREGA BLACK FRIDAY,1
ENTREGA DE TROCA,1
ENTREGA GRATIS,1
ENTRESTO 24+26MG C 28 COMP,1
ENTRESTO 49+51MG C/60 COMP,1
ENTRESTO 97+103MG C 60 COMP(PBM),1
ENX BUC CEPACOL MENTA ICE 250ML SN,1
ENX BUC PERIOTRAT 250ML,1
ENX BUC PERIOTRAT SEM ALCOOL 250ML,1
ENX BUCAL MUNDO DAS PRINCE TUTIFRU,1
ENX BUCAL PLAX FRESH MINT 250ML L4P3,1
ENX OAZ BUCAL MENTA REFRESCANTE 250ML,1
ENX OAZ BUCAL MENTA SUAVE 250ML,1
ENX.B.PLAX 250ML KIDS MINION,1
ENXAG. BUCAL LISTERINE COOL MINT 500+250 PROM 2X1,1
ENXAGUA. BUCAL ORAL B 100% MENTA REFRES. 1X250ML,1
ENXAGUANTE BUCAL CEPACOL KIDS TUTTI-FRUTTI 1X250ML,1
ENXAGUANTE BUCAL CEPACOL MENTA INTENSE 1X500ML,1
ENXAGUANTE BUCAL CLOSE UP RED HOT PROTECAO 360 FRESH 1X250ML,1
ENXAGUANTE BUCAL COLGATE PLAX ICE INFINITY 1X180ML,1
ENXAGUANTE BUCAL COLGATE TOTAL 12 ODOR CONTROL 1X250ML,1
ENXAGUANTE BUCAL COLGATE TOTAL 12 ODOR CONTROL 1X750ML,1
ENXAGUANTE BUCAL COLGATE TOTAL 12 SPRAY 1X60ML,1
ENXAGUANTE BUCAL CONDOR BARBIE TUTTI FRUTTI 1X250ML,1
ENXAGUANTE BUCAL CONDOR HOT WHEELS TUTTI FRUTTI 1X250ML,1
ENXAGUANTE BUCAL DENTIL 250ML KIDS ZERO ALCOOL BOB ESPONJA$,1
ENXAGUANTE BUCAL DENTIL 300ML FRESH MINT$,1
ENXAGUANTE BUCAL ENLACE 300ML MENTA,1
ENXAGUANTE BUCAL HILLO HORTELA 1X500ML,1
ENXAGUANTE BUCAL HILLO ICE MAX 1X500ML,1
ENXAGUANTE BUCAL HILLO MENTA 1X500ML,1
ENXAGUANTE BUCAL OAZ PERIOAZ 500ML,1
ENXAGUANTE BUCAL OAZ VALDA 250ML EURO,1
ENXAGUANTE BUCAL ORAL B 100% MENTA REFRES 1X1LT,1
ENXAGUANTE BUCAL ORAL B 100% MENTA REFRESCANTE 1X500ML,1
ENXAGUANTE BUCAL ORAL B COMPLETE MENTA 1X500ML,1
ENXAGUANTE BUCAL PERIOAZ 250ML EURO,1
ENXAGUANTE BUCAL PLAX FRESH MINT 1X180ML,1
ENXAGUANTE BUCAL PLAX FRESH MINT 1X60ML,1
ENXAGUANTE BUCAL PLAX FRESH MINT L750P500 PROM 1X750ML,1
ENXAGUANTE BUCAL PROTECT MINT ICE S/ALCOOL 1X250ML,1
ENXAGUANTE BUCAL PROTECT MINT MENTA 1X250ML,1
ENXAGUANTE COLGATE PLAX 250ML,1
ENXAGUANTE COLGATE PLAX 60 ML (MINI),1
ENXAGUE BUCAL LISTERINE MINT ZERO 500+250 PROM 2X1,1
ENXAK 12CPR,1
ENZICOBA MECOBALAMINA 60CP METALAB,1
ENZILAC 4500UI C/30 COMP MAST,1
EPAREMA 20DRG,1
EPAREMA C/4 FLAC 10 ML,1
EPAREMA C/60 FLAC 10ML,1
EPAREMA LIQ 200ML,1
EPATINON 30 COMPRIMIDOS,1
EPATINON 60 FLACONETES,1
EPEZ 10MG C/30CPR,1
EPEZ 5MG C/ 30 CPR,1
EPIDAC OC BARRA 90G,1
EPIDAC OC SABONETE LIQ 150ML-DEMAIS PROD,1
EPIDRAT CALM 40G,1
EPIDRAT CALM AGUA MICELAR 190ML,1
EPIDRAT CALM B5 BG 20ML,1
EPIDRAT CALM B5 BG 50ML,1
EPIDRAT CALM B5 FPS50 50ML,1
EPIDRAT HYALU FR 50ML,1
EPIDRAT MAT FPS 30 CLARO 40ML,1
EPIDRAT MAT FPS 30 MEDIO 40ML,1
EPIDRAT MAT FPS 30 SEM COR 40ML,1
EPIDRAT ROSTO FPS 30 60G,1
EPIDUO BIS 30GR,1
EPILENIL 500MG CPR 50,1
EPISOL AC FPS30 BG 60ML,1
EPISOL ANTIOX FPS60 60G,1
EPISOL BRUMA FACIAL F50 TB 75ML,1
EPISOL COLOR CLARA LC FPS30 40G,1
EPISOL COLOR F70 TOM1 EXCLR 40ML-DEMAIS PROD,1
EPISOL COLOR F70 TOM2 CLARO 40ML,1
EPISOL COLOR F70 TOM3 MEDIO 40ML,1
EPISOL COLOR F70 TOM4 M ESC 40ML,1
EPISOL COLOR FP70 MOREN MAIS 40G,1
EPISOL COLOR FP70 P. E.CLARA 40G-DEMAIS PROD,1
EPISOL COLOR FP70 PELE NEGRA 40G-DEMAIS PROD,1
EPISOL COLOR P CLARA FPS 70 40G,1
EPISOL COLOR P MORENA FPS 70 40G,1
EPISOL HOMEM FPS45 60G-OUTROS,1
EPISOL INTENSE FPS30 200ML,1
EPISOL PO CLARA FPS50 10GR,1
EPISOL PO EXTRA CLAR FPS50 10G,1
EPISOL PO MORENA FPS50 10G,1
EPISOL PO TOM 4 MED ESC F50 10G-DEMAIS PROD,1
EPISOL PO TOM 5 NEGRO F50 10G,1
EPISOL SEC OC F60+EPIDAC OC 60ML,1
EPISOL SEC OC FP60 CLARO 60ML,1
EPISOL SEC OC FPS 60 MEDIO 60ML,1
EPISOL SEC OC FPS30 60G,1
EPISOL SEC OC FPS60 MED ESC 60ML,1
EPISOL SEC OC FPS99 60G-OUTROS,1
EPISOL SMART COLOR FPS50 40ML,1
EPITEGEL GEL 10G,1
EPITHELIZE 50MG GEL,1
EPOCLER ABACAXI C/ 6 FLAC 10ML,1
EPOCLER ABACAXI C/60 FLAC 10ML,1
EPOCLER TODO DIA C/30 COMP,1
EPOCLER TODO DIA C/60 COMP,1
EQUILID 200MG C/20CPS,1
EQUILID 50MG C/ 20 CPS,1
EQUIPO MACRO C/CAM C/INJ LATERAL L.S,1
EQUIPO MACRO GTS COMPLETO C/1 UNIDADE,1
EQUITAM 120MG 30CPR,1
EQUITAM 80MG C 30 COMP,1
ERVATOSS 420G,1
ESALERG D12 C 10 COMP D1,1
ESALERG GOTAS 20 ML,1
ESC 10MG C 60 COMP REV C1,1
ESC 10MG C/ 30 CPR,1
ESC 15MG C 30 COMP REV,1
ESC 20MG C 60 COMP,1
ESC 20MG C/30 CPR,1
ESC 20MG/ML SOL ORAL 15ML,1
ESC CAB BONITTA USO DIA OVAL ESTAMP,1
ESC CAB MARCO BONI MASCULINA 7756/MB,1
ESC CAB ZALIKE RAQUETE MIE 513,1
ESC DENT COLG 360 CAB MAC L2P1,1
ESC DENT COLG CLASSIC CLEAN MACIA ADULTO,1
ESC DENT COLG EXTRA CLEAN L3P2,1
ESC DENT COLG LUMINOUS LV2 PG1,1
ESC DENT COLG SMILES MINIONS 2PK,1
ESC DENT COLG ULTRA SOFT C/2,1
ESC DENT COLG WHITENING C/2,1
ESC DENT COLGATE ESSENCIAL CLEAN UN,1
ESC DENT COLGATE GENGIVA THERAPY,1
ESC DENT INF CONDOR BARBIE 2A4 L2P1,1
ESC DENT INF CONDOR TRIP,1
ESC DENT ORALB 40 INDICT PLUS,1
ESC DENT SENSODY GENTLE C/2,1
ESC DENT SENSODY MULT PROTEÇÃO,1
ESC DENT SENSODYNE SENS GENG,1
ESC DENT TEK DURA,1
ESC DENTAL BABYS BRUSH +6M MAM AZUL,1
ESC DENTAL BABYS BRUSH +6M MAM ROSA,1
ESC ODT 10MG C 30 COMP,1
ESC ODT 15MG C/30 COMP,1
ESC ODT 20MG C/30 COMP,1
ESC ODT 5MG C/30 COMP,1
ESC TRAINING BRUSH MAM BOYS,1
ESC. INF PRM DOCTOR DUCK MC 30,1
ESCABIN PRO 4% EMUL 100ML,1
ESCALPE 19G,1
ESCALPE 21G,1
ESCALPE 23G,1
ESCALPE 25G,1
ESCENA 10MG C 30 CAPS,1
ESCENA 20MG C 30 CP REV,1
ESCILEX 10MG C/ 60 CPR,1
ESCITALOPRAM 10MG C/ 30 CPR GEN DESMARCADOS NOVA QUIMICA,1
ESCITALOPRAM 10MG C/30CPR DESMARCADOS GEN EUROFARMA,1
ESCITALOPRAM 15MG 30CPR (C1)(G) EUROFARMA,1
ESCITALOPRAM 15MG C/30 CPR GEN LEGRAND,1
ESCITALOPRAM 20MG 30 CPRS REV (C1),1
ESCITALOPRAM 20MG 60CPR (C1)(G) EUROFARMA,1
ESCITALOPRAM 20MG C/ 30 CPR GEN DESMARCADOS NOVA QUIMICA,1
ESCITALOPRAM OXALATO 10MG 30 CP RANBAXY,1
ESCOPEN COMPOSTO 20CPR DIPIRONA ESCOPOLAMINA/PHARLAB,1
ESCOVA ALUMINIO R-12,1
ESCOVA ALUMINIO R-19 MK5319,1
ESCOVA ALUMINIO R-27 MK5302,1
ESCOVA ALUMINIO R-33,1
ESCOVA CABELO DEC CORPUS BELLATRIX RAQUETE LONGA 1X1,1
ESCOVA CABELO DEC CORPUS BELLATRIX RAQUETE QUAD 1X1,1
ESCOVA CABELO MARCO BONI PROF THERMAL CERAMIC 19MM 1X1,1
ESCOVA CABELO MARCO BONI PROF THERMAL CERAMIC 28MM 1X1,1
ESCOVA CABELO MARCO BONI PROF THERMAL METAL 40MM 1X1,1
ESCOVA DE DENTE COM ESTOJO CHOCOLIX,1
ESCOVA DE DENTE INFANTIL MORDEDOR OCEAN KIDS,1
ESCOVA DE DENTE INFANTIL TREND SENT KIDS,1
ESCOVA DE DENTE LIGHT BASIC L3P2 MEDIA,1
ESCOVA DE DENTES INFANTIL MUNDO BITA,1
ESCOVA DE DENTES INFANTIL OCEAN KIDS 2UND,1
ESCOVA DE DENTES INFANTIL PIUI 2UND,1
ESCOVA DE DENTES INFANTIL TRANSFORMES,1
ESCOVA DE DENTES INFANTIL UNIVERSO FADAS,1
ESCOVA DE DENTES MAIS COLORS 4 UNI. REF: 2357,1
ESCOVA DE DENTES MAIS PLUS,1
ESCOVA DE DENTES SUPREME BLACK 2UND PD,1
ESCOVA DE DENTES SUPREME BLACK PD,1
ESCOVA DE DENTES TREND SENSITIVE PACK 3UND PD,1
ESCOVA DE LIMPEZA MMD E BICO AZUL BL LOLLY,1
ESCOVA DE LIMPEZA MMD E BICO NEUTRA BL LOLLY,1
ESCOVA DE LIMPEZA MMD E BICO ROSA BL LOLLY,1
ESCOVA DEFINE THERAPY MK2749,1
ESCOVA DENTAL BITUFO KIT ORTODONTICO CILINDRICO 3MM 1X1,1
ESCOVA DENTAL COLGATE COLORS MEDIA 2PACK 2X1,1
ESCOVA DENTAL COLGATE EXTRA CLEAN MEDIA 6PACK,1
ESCOVA DENTAL COLGATE GENGIVA THERAPY CARVAO MACIA 1X1,1
ESCOVA DENTAL COLGATE RECYCLEAN MACIA 2PACK 2X1,1
ESCOVA DENTAL COLGATE TRIPLA ACAO MEDIA 4PACK 1X4UN,1
ESCOVA DENTAL COLGATE TWISTER 4X1,1
ESCOVA DENTAL COLGATE ZIG ZAG CARVAO MACIA 2PACK 2X1,1
ESCOVA DENTAL COLGATE ZIG ZAG CARVAO MEDIA 4PACK 4X1,1
ESCOVA DENTAL CONDOR TRIP MACIA BLISTER L2P1 PROM 6X2,1
ESCOVA DENTAL CONDOR ULTRAMACIA MULTISOFT L2P1 1X1,1
ESCOVA DENTAL CURAPROX 1560 MACIA 1X1,1
ESCOVA DENTAL CURAPROX 5460 ULTRA MACIA EDICAO LIMITADA 2X1,1
ESCOVA DENTAL CURAPROX 5460 ULTRA MACIA EDICAO LIMITADA 3X1,1
ESCOVA DENTAL CURAPROX 5460 ULTRA MACIA MATA ATLANTICA 2X1,1
ESCOVA DENTAL CURAPROX ADULTO SUPER MACIA 3960B 1X1,1
ESCOVA DENTAL CURAPROX ADULTO ULTRA MACIA 5460B 1X1,1
ESCOVA DENTAL ELETRICA INF COELHO HEALTH,1
ESCOVA DENTAL ELETRICA INF GIRAFA HEALTH,1
ESCOVA DENTAL ESSENCIAL PLUS MEDIA 1UN,1
ESCOVA DENTAL INF ASTRONAUTA HC169,1
ESCOVA DENTAL INF ELET CAPITAO AMERICA,1
ESCOVA DENTAL INF ELET HOMEM DE FERRO,1
ESCOVA DENTAL INF ELETRICA DINOSSAURO,1
ESCOVA DENTAL INF ELETRICA UNICORNIO,1
ESCOVA DENTAL INFANTIL BITUFO COCORICO EXTRA MACIA 1X1,1
ESCOVA DENTAL INFANTIL BITUFO LOONEY TUNES MACIA 1X1,1
ESCOVA DENTAL INFANTIL COCORICÓ PRIMEIRO DENTINHO,1
ESCOVA DENTAL INFANTIL COLGATE SMILES AGNES E FLUTTY 6+ 2X1,1
ESCOVA DENTAL INFANTIL CONDOR AVENGERS JR L2P1 1X1,1
ESCOVA DENTAL INFANTIL CONDOR HOT WHEELS JR L2P1 1X1,1
ESCOVA DENTAL INFANTIL CONDOR HOT WHEELS+CD 50G 4+ PROM 2X1,1
ESCOVA DENTAL INFANTIL CONDOR LILICA JR L2P1 1X1,1
ESCOVA DENTAL INFANTIL CONDOR MACIA C/ LED PIXAR 1X1UN,1
ESCOVA DENTAL INFANTIL CONDOR MACIA DIVERTIDAMENTE 2 1X1UN,1
ESCOVA DENTAL INFANTIL CONDOR SNOOPY N1 6 A 24 MESES 1X1,1
ESCOVA DENTAL INFANTIL CURAPROX CURAKID SORTIDAS 1X1,1
ESCOVA DENTAL INFANTIL DENTALCLEAN MARINE AZUL / ROSA 1X1,1
ESCOVA DENTAL INFANTIL KESS STEPS 3 7+ ANOS C/PROT SORT 1X1,1
ESCOVA DENTAL INFANTIL ORAL B 0-2 ANOS POOH 1X1,1
ESCOVA DENTAL JADEFROG 312 MAGIC INFANTIL 2X1,1
ESCOVA DENTAL JOHNSONS ACCESS GD 40 MACIA 1X1UN,1
ESCOVA DENTAL JOHNSONS ACCESS GD 40 MEDIA 1X1UN,1
ESCOVA DENTAL KESS ACTION MACIA 1X1,1
ESCOVA DENTAL KESS MACIA MASTER 1X1,1
ESCOVA DENTAL KESS PRO 10 K COM 10.000 CERDAS 1X1,1
ESCOVA DENTAL KESS PRO 10K WHITE EXTRA MACIA 1X1UN,1
ESCOVA DENTAL KESS PRO CERDA EXT MACIA CAB TRANSPA 1X1U,1
ESCOVA DENTAL KESS PRO COLORFUL EXTRA MACIA 1X1UN,1
ESCOVA DENTAL KESS PRO PACK PRO 10K EXTRA MACIAS 1X2UN,1
ESCOVA DENTAL KESS PRO PACK PRO EXTRA MACIAS 1X3UN,1
ESCOVA DENTAL KITCLASSIC LEV 3 REF.:1145,1
ESCOVA DENTAL KITCLASSIC LEV3 REF.:1459,1
ESCOVA DENTAL ORAL B 5 ACOES COM CARVAO MACIA 1X1,1
ESCOVA DENTAL ORAL B ANTICARIES PACK ANUAL 4X1,1
ESCOVA DENTAL ORAL B COLORS 40 PACK FAMILIA MACIA 5X1,1
ESCOVA DENTAL ORAL B COMPLETE 40 5 2X1,1
ESCOVA DENTAL ORAL B EXPERT GENGIVA SENSI ULTRA MACIA,1
ESCOVA DENTAL ORAL B GENGIVA DETOX ULTRAF EXT MACIA 3X1,1
ESCOVA DENTAL ORAL B ICONIC ULTRA SOFT 1X1,1
ESCOVA DENTAL ORAL B INDIC. 35 EXTRA SOFT+FIO DENTAL 3X1,1
ESCOVA DENTAL ORAL B INDICAT 30 PLUS 1X1,1
ESCOVA DENTAL ORAL B INDICAT 30 PLUS LV2PG1 PROM 2X1,1
ESCOVA DENTAL ORAL B INDICAT 35,1
ESCOVA DENTAL ORAL B INDICAT 35 PLUS CLEAN,1
ESCOVA DENTAL ORAL B INDICAT BLACK SENSITIV EXTRAMACIA 2X1,1
ESCOVA DENTAL ORAL B INDICAT BLACK SENSITIV EXTRAMACIA 3X1,1
ESCOVA DENTAL ORAL B INDICAT COLORS 30 1X4UN,1
ESCOVA DENTAL ORAL B INTERDENTAL DESCARTAVEL 1X20,1
ESCOVA DENTAL ORAL B SENSITIVE 20 GOLD ENTRA MACIA 4X1,1
ESCOVA DENTAL ORAL B WHITENING TERAPY CARVAO 2X1,1
ESCOVA DENTAL SENSODYNE GENTLE 3X1,1
ESCOVA DENTAL SENSODYNE LIMPEZA PROFUNDA PROM 2X1,1
ESCOVA DENTAL VIAGEM DISPLAY C REF.: 1149,1
ESCOVA DENTE C/*ESTOJO BUBU,1
ESCOVA DENTE C/ESTOJO TRANSFORMES,1
ESCOVA DENTE INFANTIL BUBU 5+,1
ESCOVA DENTIL 2 EM 1 C/ LIMPADOR DE LINGUA MACIA 12X2 REF 54,1
ESCOVA DENTIL 2 EM 1 C/ LIMPADOR DE LINGUA MACIA 1X1,1
ESCOVA DENTIL BABY ACQUA 1X1,1
ESCOVA DENTIL BABY SOFT CARE CABO EMBORRACHADO 1X1,1
ESCOVA DENTIL CARBOX COLORS WHITENING 1X1,1
ESCOVA DENTIL CARBOX PROTECTION MACIA 1X2,1
ESCOVA DENTIL CARBOX PROTECTION MACIA 1x1,1
ESCOVA DENTIL CARBOX PROTECTION MEDIA 1X2,1
ESCOVA DENTIL CLASSIC LV3PG2 MACIA 1X3,1
ESCOVA DENTIL CLASSIC LV3PG2 MEDIA 1X3,1
ESCOVA DENTIL CLASSIC MACIA,1
ESCOVA DENTIL EXPERT MACIA,1
ESCOVA DENTIL KIDS CINDERELA 1X1,1
ESCOVA DENTIL KIDS COM ESTOJO MENINA,1
ESCOVA DENTIL KIDS COM ESTOJO MENINO,1
ESCOVA DENTIL KIDS DENTINHO EXTRA MACIA 1X1,1
ESCOVA DENTIL KIDS ESCOLA CARROS COM REGUA 12X1 REF6105$,1
ESCOVA DENTIL KIDS MEU AMIGO DRAGAO EXTRA MACIA 12X1$,1
ESCOVA DENTIL KIDS MEU URSINHO EXTRA MACIA 1x1,1
ESCOVA DENTIL NEW PREMIUM MEDIA LV3PG2 1X1,1
ESCOVA DENTIL PARA PROTESE CERDAS DURAS$,1
ESCOVA DENTIL VIAGEM PRATIK MACIA,1
ESCOVA DESEMBARACANTE COLORS,1
ESCOVA E PENTE INFANTIL BRANCO,1
ESCOVA FACIAL MK 3247,1
ESCOVA INFANTIL 1 A 3 ANOS OCEAN KIDS REF 2721,1
ESCOVA INFANTIL DENTALCLEAN C/ ESTOJO STAR WARS MACIA,1
ESCOVA INTERDE REFIL1254 CILINDRIC,1
ESCOVA INTERDENT INTERTUFO CON REF.:1346,1
ESCOVA INTERDENTAL COM CABO+REF:1250,1
ESCOVA INTERDENTAL INTERTUFO C REF. 1433,1
ESCOVA LIMPEZA MAMADEIRA 360 AZUL,1
ESCOVA LIMPEZA MAMADEIRA 360 ROSA,1
ESCOVA MASCULINA DE BOLSO,1
ESCOVA MEDIA P/UNHAS MK3292,1
ESCOVA OVAL PRETO MK0875,1
ESCOVA OVAL ROSA MK0851,1
ESCOVA OVAL ROXA MK0868,1
ESCOVA P CABELOS SUPERFLEX ROSA MK0080,1
ESCOVA P CABELOS SUPERFLEX ROXA MK0103,1
ESCOVA P/ CABELOS AQUAFLEX OVAL MK8815,1
ESCOVA P/ CABELOS AQUAFLEX RETAN MK8822,1
ESCOVA PARA LAVAR MMD DUPLA ACAO AZUL KUKA,1
ESCOVA PARA LAVAR MMD DUPLA ACAO ROSA KUKA,1
ESCOVA PARA PROTESE PD,1
ESCOVA RAQUETE PRETO MK5364,1
ESCOVA RAQUETE ROSA MK6156,1
ESCOVA RAQUETE ROXA MK6163,1
ESCOVA SECADORA GAMA ELEGANZA PLUS - BIVOLT,1
ESCOVA SECADORA GAMA GLAMOUR PINK 3D 220V,1
ESCOVA SECADORA GAMA KERATION BRUSH 1200W 3D BIVOLT 1X1UN,1
ESCOVA SENSODYNE REPAIR PROTECT,1
ESCOVA TOP CACHOS MK0998,1
ESFOLEANTE ROSA MOSQUETA 100G DERMA CHEM,1
ESFOLIANTE CORPORAL NUTRYDERM CITRICO 1X500GR,1
ESFOLIANTE FACIAL REVITALIZE 70G,1
ESFOLIANTE GRANADO DE PEDRA POMES PINK 1X80GR,1
ESFOLIANTE LABOTRAT BUMBUM MILHOES 240G,1
ESFOLIANTE LABOTRAT CAJU 300G,1
ESFOLIANTE LABOTRAT CAJU DIA DIA 150G,1
ESFOLIANTE LABOTRAT CAPIM LIMAO 150G,1
ESFOLIANTE LABOTRAT CAPIM LIMAO 300G,1
ESFOLIANTE LABOTRAT CEREJA 150G,1
ESFOLIANTE LABOTRAT CEREJA 300G,1
ESFOLIANTE LABOTRAT LIMA DIA DIA 150G,1
ESFOLIANTE LABOTRAT LIMA PERSIA 300G,1
ESFOLIANTE LABOTRAT MARACUJA 150G,1
ESFOLIANTE LABOTRAT MARACUJA 300G,1
ESFOLIANTE LABOTRAT MELAN/ROSA MOSQ 150G,1
ESFOLIANTE LABOTRAT MELANCIA 300G,1
ESFOLIANTE LABOTRAT MORANGO 150G,1
ESFOLIANTE LABOTRAT MORANGO 300G,1
ESFOLIANTE LABOTRAT PESSEGO 300G,1
ESFOLIANTE LABOTRAT PESSEGO DIA DIA 150G,1
ESFOLIANTE LABOTRAT PITAYA/ACID HIA 150G,1
ESFOLIANTE MELANCIA 170G LABORENE,1
ESFOLIANTE MURIEL SKIN AMEIXA NEGRA 250G,1
ESFOLIANTE PROTEX FACIAL 70ML-DEMAIS PROD,1
ESGRILAX C/6 LACTENTE MALAVASI,1
ESGRILAX C/6 PEDIATRICO MALAVASI,1
ESGRILAX SUPOS GLICERINA AD C/6 UN,1
ESIO 20MG 28CPR,1
ESIO 40MG C/28 COMPRIMIDO EUROFARMA,1
ESM COLORAMA BL SORTE NAS MAOS AMULE QUE DA SORTE 1X1,1
ESM DAILUS COM ARCO-IRIS FEIXE LUZ 1X1,1
ESM DAILUS COM BABADO TO NA SECA MAS 1X1,1
ESM DAILUS COM FIN TOP COAT BRILHO Q 1X1,1
ESM DAILUS COM FIN TOP COAT BRILHO Q C/6,1
ESM DAILUS COM LHAMA SENTIMENTAL SOU 1X1,1
ESM DAILUS COM Q CREM GELEIA D AMORA 1X1,1
ESM DAILUS COM Q CREM LICOR D CEREJA 1X1,1
ESM DAILUS COM Q CREM MEIA DE SEDA 1X1,1
ESM DAILUS COM Q CREM ROSA ACAI 1X1,1
ESM DAILUS COM Q CREM ROSE 1X1,1
ESM DAILUS COM Q TRANSP PIPOCA DOCE 1X1,1
ESM IMPALA BL BASE INCOLOR 1X1,1
ESM IMPALA BL BRANCO 1X1,1
ESM IMPALA BL COB ESPELHADA 1X1,1
ESM IMPALA BL LUA 1X1,1
ESM IMPALA BL PARAISO PEROLADO,1
ESM IMPALA BL POLAR PEROLADO 1X1,1
ESM IMPALA BL SONHO 1X1,1
ESM IMPALA BL VIVA AME GT 3D BRILHE COMO DIAMANTE 1UN,1
ESM IMPALA BL VIVA AME GT 3D VIVA COM AMOR 1UN,1
ESM IMPALA BL ZAZ 1X1,1
ESM IMPALA DENGO PEROLADO,1
ESM IMPALA ENCANTO NATURAL CLIMA TROPICAL,1
ESM IMPALA JU PAES NOSSO JEITINHO BONITA P NATUREZA 1X1,1
ESM IMPALA JU PAES NOSSO JEITINHO PODE CHEGAR X1,1
ESM IMPALA PONTO DE LUZ,1
ESM RISQ CREM ASTRAL BL 8ML C 6,1
ESM RISQUE BASE THECNOLOGY,1
ESM RISQUE BL CREM BALI 6X1,1
ESM RISQUE BL NUDES LINDA LEVE NUDE 6X1,1
ESM RISQUE BL NUDES TERRACOTA PROVOCA 6X1,1
ESM RISQUE BL RENDA 1X1,1
ESM. IMPALA JU PAES NOSSO JEITINHO BRASILIANA 1X1,1
ESM. IMPALA JU PAES NOSSO JEITINHO ENERGIA SURREAL 1X1,1
ESM. IMPALA JU PAES NOSSO JEITINHO FUT & SOL 1X1,1
ESM. IMPALA JU PAES NOSSO JEITINHO QUE BELEZA 1X1,1
ESM. IMPALA JU PAES NOSSO JEITINHO SAMBAQUI SAMBALA 1X1,1
ESM. IMPALA JU PAES NOSSO JEITINHO TUDO VIRA FESTA 1X1,1
ESMAL .IMPA BL STRANGER THINGS CAT EYE MUNDO INVERT 1X1,1
ESMALTE ARCO IRIS 10 - FEIXE DE LUZ,1
ESMALTE COLORAMA 5 AVENIDA,1
ESMALTE COLORAMA BL ALGODAO DOCE,1
ESMALTE COLORAMA BL BLACK 6X1,1
ESMALTE COLORAMA BL CACHOEIRA NA CHAPADA 1X1,1
ESMALTE COLORAMA BL DESAMARELADOR BASE NEUTRALIZAD 1X1,1
ESMALTE COLORAMA BL DIVA POP 1X1,1
ESMALTE COLORAMA BL DIVERTIDAMENTE CHORANDO PURPURINA 1X1,1
ESMALTE COLORAMA BL DIVERTIDAMENTE MEDO NA MEDIDA CERTA 1X1,1
ESMALTE COLORAMA BL DIVERTIDAMENTE ROSA DE VERGONHA 1X1,1
ESMALTE COLORAMA BL DIVERTIDAMENTE ROXO TEDIO 1X1,1
ESMALTE COLORAMA BL DIVERTIDAMENTE VERDE DE INVEJA 1X1,1
ESMALTE COLORAMA BL DIVERTIDAMENTE VERDINHO ENJOADO 1X1,1
ESMALTE COLORAMA BL DIVERTIDAMENTE VERMELHO FURIA 1X1,1
ESMALTE COLORAMA BL DONA DA AVENIDA TODA 1X1,1
ESMALTE COLORAMA BL FORTALECEDOR DE UNHAS 1X1,1
ESMALTE COLORAMA BL FRAMBOESA 1X1,1
ESMALTE COLORAMA BL GABRIELE 1X1,1
ESMALTE COLORAMA BL GURU DO AMOR DATE COMIGO MESMA 1X1,1
ESMALTE COLORAMA BL GURU DO AMOR O PRAZER E MEU 1X1,1
ESMALTE COLORAMA BL GURU DO AMOR SOLTEIRA SIM 1X1,1
ESMALTE COLORAMA BL INCOLOR 1X1,1
ESMALTE COLORAMA BL JABUTICABA 1X1,1
ESMALTE COLORAMA BL LUA DE MEL EM GRAMADO 1X1,1
ESMALTE COLORAMA BL MELANCIA,1
ESMALTE COLORAMA BL MERGULHO EM NORONHA 1X1,1
ESMALTE COLORAMA BL NAIL TINT BASE NUTRITIVA 1X1,1
ESMALTE COLORAMA BL NUDE 1X1,1
ESMALTE COLORAMA BL NUDE DA SUA COR NUDE 1.0 1X1,1
ESMALTE COLORAMA BL NUDE DA SUA COR NUDE 2.0 1X1,1
ESMALTE COLORAMA BL NUDE DA SUA COR NUDE 3.0 1X1,1
ESMALTE COLORAMA BL NUDE DA SUA COR NUDE 4.0 1X1,1
ESMALTE COLORAMA BL NUDE DA SUA COR NUDE 5.0 1X1,1
ESMALTE COLORAMA BL NUDE DA SUA COR NUDE 6.0 1X1,1
ESMALTE COLORAMA BL NUDE DA SUA COR NUDE 7.0 1X1,1
ESMALTE COLORAMA BL NUDE DA SUA COR NUDE 8.0 1X1,1
ESMALTE COLORAMA BL NUDE DA SUA COR NUDE 9.0 1X1,1
ESMALTE COLORAMA BL NUTRIBASE PRO CRESCIMENTO 1X1,1
ESMALTE COLORAMA BL O CORRE DELAS 1X1,1
ESMALTE COLORAMA BL PAIXÃO,1
ESMALTE COLORAMA BL PETALA BRANCA 1X1,1
ESMALTE COLORAMA BL PIMENTA ROSA 6X1,1
ESMALTE COLORAMA BL PRENDA 1X1,1
ESMALTE COLORAMA BL QUINTA AVENIDA 1X1,1
ESMALTE COLORAMA BL ROLE EM SAO PAULO 1X1,1
ESMALTE COLORAMA BL ROSA FLORAL 6X1,1
ESMALTE COLORAMA BL SECANTE FINALIZACAO TURBO 1X1,1
ESMALTE COLORAMA BL SO NO PAGODINHO 6X1,1
ESMALTE COLORAMA BL SOBE NO TRIO 1X1,1
ESMALTE COLORAMA BL SOLTE CORES CACHOEIRA NA CHAPADA 1X1,1
ESMALTE COLORAMA BL SOLTE CORES ROLE EM SAO PAULO 1X1,1
ESMALTE COLORAMA BL SOLTE CORES TODA PRODUZIDA 1X1,1
ESMALTE COLORAMA BL SOLTE CORES XO MAL OLHADO 1X1,1
ESMALTE COLORAMA BL UNIVERSO BRANCO LUNAR 1X1,1
ESMALTE COLORAMA BL UNIVERSO PRATA FUTURISTA 1X1,1
ESMALTE COLORAMA BL UNIVERSO PRETO INTERGALACTICO 1X1,1
ESMALTE COLORAMA BL UNIVERSO ROSA PLAYER ENIGMATICO 1X1,1
ESMALTE COLORAMA BL UNIVERSO ROXO METAVERSO 1X1,1
ESMALTE COLORAMA BL VIA LACTEA 1X1,1
ESMALTE COLORAMA MELANCIA CREMOSA,1
ESMALTE COLORAMA NU CAFE 1X1,1
ESMALTE COLORAMA NU CEREJA 6X1,1
ESMALTE COLORAMA NU COBERTURA INTENSIFICADORA DA COR 1X1,1
ESMALTE COLORAMA NU EFEITO GEL TOP COAT BRILHO DIAMANTE 1X1,1
ESMALTE COLORAMA NU FRANCA 1X1,1
ESMALTE COLORAMA NU NUTRIBASE PRO CRESCIMENTO 1X1,1
ESMALTE COLORAMA NU NUTRIBASE PRO FORTALECIMENTO 1X1,1
ESMALTE COLORAMA NU OLEO SECANTE 1X1,1
ESMALTE COLORAMA NU PETALA 1x1,1
ESMALTE COLORAMA algodão doce,1
ESMALTE CR N. 211 - GELEIA DE AMORA C/6,1
ESMALTE CR N. 215 - PIPOCA DOCE C/6,1
ESMALTE CR N. 237 - MEIA DE SEDA C/6,1
ESMALTE DERMACREAM BASE BOMBA CRESCIMENTO 1X1,1
ESMALTE DERMACREAM BASE CASCO TARTARUGA 1X1,1
ESMALTE IMPA. BL STRAN. THINGS CAT EYE ALERTA VERM 1X1,1
"ESMALTE IMPALA 7,5ML, EXCETO LINHA IMPREVISÍVEL",1
ESMALTE IMPALA BL A COR DA MODA ALENTO 1X1,1
ESMALTE IMPALA BL A COR DA MODA ATRACAO 1X1,1
ESMALTE IMPALA BL A COR DA MODA BELEZA RARA 1X1,1
ESMALTE IMPALA BL A COR DA MODA CHAMEGO MEU 1X1,1
ESMALTE IMPALA BL A COR DA MODA DIZERES 1X1,1
ESMALTE IMPALA BL A COR DA MODA INFINITO 1X1,1
ESMALTE IMPALA BL A COR DA MODA LEVE E SUAVE 1X1,1
ESMALTE IMPALA BL A COR DA MODA NOVOS ARES 1X1,1
ESMALTE IMPALA BL A COR DA MODA SEM PRESSA 1X1,1
ESMALTE IMPALA BL A COR DA MODA SEMEAR 1X1,1
ESMALTE IMPALA BL ACALMA MENTE EQUILIBRIO E TUDO 1X1,1
ESMALTE IMPALA BL ACALMA MENTE FICAR NA BOA 6X1,1
ESMALTE IMPALA BL ACALMA MENTE FOCO NO BEM ESTAR 1X1,1
ESMALTE IMPALA BL ACALMA MENTE LAVANDA PACIFICA 1X1,1
ESMALTE IMPALA BL ACALMA MENTE MO PAZ 1X1,1
ESMALTE IMPALA BL ACALMA MENTE OLEO BIFASICO MULTIFUNC,1
ESMALTE IMPALA BL ACALMA MENTE TRANQUILEX 6X1,1
ESMALTE IMPALA BL ACALMA MENTE ZEN STRESS 6X1,1
ESMALTE IMPALA BL ACONCHEGO 1X1,1
ESMALTE IMPALA BL ADMIRE 1X1,1
ESMALTE IMPALA BL AMANTE 1X1,1
ESMALTE IMPALA BL AMOR 1X1,1
ESMALTE IMPALA BL AMOR PROFUNDO 1x,1
ESMALTE IMPALA BL AMORE X1,1
ESMALTE IMPALA BL ANA CASTELA BOTA O CHAPEU 1X1,1
ESMALTE IMPALA BL ANA CASTELA E A BOIADEIRA 1X1,1
ESMALTE IMPALA BL ANA CASTELA GLITTER ESTRELA DO RODEIO 1X1,1
ESMALTE IMPALA BL ANA CASTELA LACADA PERFEITA 6X1,1
ESMALTE IMPALA BL ANA CASTELA MISTURA OS MODAO 1X1,1
ESMALTE IMPALA BL ANA CASTELA ROCA ROSA 1X1,1
ESMALTE IMPALA BL ANA CASTELA SEGURA A FIVELA,1
ESMALTE IMPALA BL ANA CASTELA SOLTA O AGRONEJO! 1X1,1
ESMALTE IMPALA BL ANA CASTELA SOM DO BERRANTE 1X1,1
ESMALTE IMPALA BL ANA CASTELA SOU DO MATO 1X1,1
ESMALTE IMPALA BL BASE DOS SONHOS 1,1
ESMALTE IMPALA BL BASE SEDA 6X1,1
ESMALTE IMPALA BL BRILHANTE 1X1,1
ESMALTE IMPALA BL CAFUNE 1x,1
ESMALTE IMPALA BL CARICIA 1X1,1
ESMALTE IMPALA BL COBERTURA ESPELHADA VERMELHO 1X1,1
ESMALTE IMPALA BL COBERTURA EXTRA FOSCA,1
ESMALTE IMPALA BL COISA LINDA 1X1,1
ESMALTE IMPALA BL COMPAIXAO 1X1,1
ESMALTE IMPALA BL CONFETI 1X1,1
ESMALTE IMPALA BL DELICADO 1X1,1
ESMALTE IMPALA BL DENGO 1X1,1
ESMALTE IMPALA BL DESCOMPLICADO 1x,1
ESMALTE IMPALA BL DESTINOS 1X1,1
ESMALTE IMPALA BL FASCINACAO 1X1,1
ESMALTE IMPALA BL FLASH SECANTE 6X1,1
ESMALTE IMPALA BL FLORESCA 1x,1
ESMALTE IMPALA BL GATINHA,1
ESMALTE IMPALA BL GLITER VIVA AME 3D HOJE EU POSSO 6X1,1
ESMALTE IMPALA BL GLITER VIVA AME 3D NINGUEM ME SEGURA 6X1,1
ESMALTE IMPALA BL GLITER VIVA AME 3D OSTENTE SEU PODER 1X1,1
ESMALTE IMPALA BL GLITER VIVA AME 3D PRONTA PRA TUDO 6X1,1
ESMALTE IMPALA BL GLITER VIVA AME 3D VIM BRILHAR 1X1,1
ESMALTE IMPALA BL GLPLAY ACETINADO CHIARA TUDO QUE QUER 1X1,1
ESMALTE IMPALA BL GLPLAY ACETINADO JUMA TO COM REIVA 1X1,1
ESMALTE IMPALA BL GLPLAY ACETINADO MARCIA CHIQUE BENHE 1x1,1
ESMALTE IMPALA BL GLPLAY ACETINADO MAYA ARE BABA! 1X1,1
ESMALTE IMPALA BL GLPLAY ACETINADO NAZARE ALUCICRAZY 1X1,1
ESMALTE IMPALA BL GLPLAY ACETINADO RITA CHAME D SENHORA 1X1,1
ESMALTE IMPALA BL GPLAY ACETINADO CARMINHA TER CALMA? 1X1,1
ESMALTE IMPALA BL GPLAY ACETINADO CRO RAINHA DO NILO 1X1,1
ESMALTE IMPALA BL INTENSO 1X1,1
ESMALTE IMPALA BL LA CASA DE PAPEL BELLA CIAO 1X1,1
ESMALTE IMPALA BL LEMBRANCAS 1x1,1
ESMALTE IMPALA BL LUNA 6X1,1
ESMALTE IMPALA BL MOVIMENTA! ALONGADA E PLENA 1X1,1
ESMALTE IMPALA BL MOVIMENTA! FACA SUA MANOBRA 1X1,1
ESMALTE IMPALA BL MOVIMENTA! NADAR DE BRACADA 1X1,1
ESMALTE IMPALA BL MOVIMENTA! NO PASSINHO 1X1,1
ESMALTE IMPALA BL MOVIMENTA! SEGUE A TRILHA 1X1,1
ESMALTE IMPALA BL MOVIMENTA! TOP COAT VITAGLOW 1X1,1
ESMALTE IMPALA BL NENEM 1X1,1
ESMALTE IMPALA BL NETFLIX BRAND TUDUM 1X1,1
ESMALTE IMPALA BL OLEO SECANTE MELALEUCA 1X1,1
ESMALTE IMPALA BL QUERER 1X1,1
ESMALTE IMPALA BL SE JOGA NA PISTA,1
ESMALTE IMPALA BL SEGREDOS 1X1,1
ESMALTE IMPALA BL SERENA,1
ESMALTE IMPALA BL SOLTA O GRAVE,1
ESMALTE IMPALA BL SOSSEGO 1X1,1
ESMALTE IMPALA BL STRANGER THINGS BONE DO PENSAMENTO 6X1,1
ESMALTE IMPALA BL STRANGER THINGS VAI TIGERS! 6X1,1
ESMALTE IMPALA BL STRANGER THINGS VER PARA ACREDITAR 6X1,1
ESMALTE IMPALA BL TERRA MOLHADA 1X1,1
ESMALTE IMPALA BL TEU CHEIRO 1X,1
ESMALTE IMPALA BL TOCA UM FUNK,1
ESMALTE IMPALA BL TOMATE 6X1,1
ESMALTE IMPALA BL TOP BLANC 6X1,1
ESMALTE IMPALA BL VERNIZ C/PARTICULAS RADIANTE 6X1,1
ESMALTE IMPALA BL VIBRACOES,1
ESMALTE IMPALA BL VIRTUDE 1X1,1
ESMALTE IMPALA BL VIVENCIA 1X1,1
ESMALTE IMPALA BLPRONTA PRO BAILE,1
ESMALTE IMPALA CONFETI,1
ESMALTE IMPALA JU PAES ESTRADA METAL LIKE ADRENALINDA 1X1,1
ESMALTE IMPALA JU PAES ESTRADA METAL LIKE CONFIANTE 1X1,1
ESMALTE IMPALA JU PAES ESTRADA METAL LIKE MIL POR HORA 1X1,1
ESMALTE IMPALA JU PAES ESTRADA METAL LIKE NINGUEM ULTRA 1X1,1
ESMALTE IMPALA JU PAES ESTRADA METAL LIKE POT MAXIMA 1X1,1
ESMALTE IMPALA JU PAES ESTRADA METAL LIKE SEM LIMITES 1X1,1
ESMALTE IMPALA JU PAES ESTRADA METAL LIKE SUA JORNADA 1X1,1
ESMALTE IMPALA JU PAES ESTRADA METAL LIKE VEM DE CARONA 1X1,1
ESMALTE LATIKA SPACE AMENDOA,1
ESMALTE LATIKA SPACE CEU DE VENUS - LARANJA CREMOSO FRASCO 9,1
ESMALTE LATIKA SPACE CHICLE,1
ESMALTE LATIKA SPACE ESMERALDA - VERDE FOSCO FRASCO 9 ML,1
ESMALTE LATIKA SPACE GALACTICO,1
ESMALTE LATIKA SPACE GLACE - MARROM ESCURO CREMOSO FRASCO 9,1
ESMALTE LATIKA SPACE MORION - CINZA CINTILANTE FRASCO 9 ML,1
ESMALTE LATIKA SPACE POESIA COSMICA - NUDE CREMOSO FRASCO 9,1
ESMALTE LATIKA SPACE PURPURA - ROXO CREMOSO FRASCO 9 ML,1
ESMALTE LATIKA SPACE VENTO SOLAR - LARANJA ESCURO CREMOSO FR,1
ESMALTE NUDE CADA UM TEM 08 - ROSA ACAI,1
ESMALTE NUTRYDERM CASCO DE CAVALO 1X1,1
ESMALTE RISQUE BL AMAR 1X1,1
ESMALTE RISQUE BL BALI 1X1,1
ESMALTE RISQUE BL BASE COBERTURA BRILHANTE 6X1,1
ESMALTE RISQUE BL BASE FORTALECEDORA 1X1,1
ESMALTE RISQUE BL BRIDGERTON A AUTORA REVELADA 1X1,1
ESMALTE RISQUE BL BRIDGERTON A VEZ DA PENELOPE 1X1,1
ESMALTE RISQUE BL BRIDGERTON DIAMANTE DA TEMPORADA 1X1,1
ESMALTE RISQUE BL BRIDGERTON O ESCANDALO DE WHISTLED 1X1,1
ESMALTE RISQUE BL BRIDGERTON QUERIDA LEITORA 6X1,1
ESMALTE RISQUE BL BRIDGERTON REGENDO MINHA HISTORIA 1X1,1
ESMALTE RISQUE BL BRIDGERTON SUA MAJESTADE A RAINHA 1X1,1
ESMALTE RISQUE BL BRIDGERTON UMA ABELHA ME CONTOU 1X1,1
ESMALTE RISQUE BL CARE BASE E COBERTURA FOSCA 1X1,1
ESMALTE RISQUE BL CARE SECANTE EXPRESS 1X1,1
ESMALTE RISQUE BL CHIK POP 1X1,1
ESMALTE RISQUE BL DORITOS ATE A ULTIMA TORTILHA 1X1,1
ESMALTE RISQUE BL DORITOS MUCHO NACHO 1X1,1
ESMALTE RISQUE BL DORITOS NADA OBVIO 1X1,1
ESMALTE RISQUE BL DORITOS OUSARIA NA PONTA DOS DEDOS 1X1,1
ESMALTE RISQUE BL DORITOS ROXO DE FOME 1X1,1
ESMALTE RISQUE BL DORITOS SOU TOPPING 1X1,1
ESMALTE RISQUE BL DORITOS TRIANGULUM 1X1,1
ESMALTE RISQUE BL DUNA 1X1,1
ESMALTE RISQUE BL E DO MEU JEITO EITA COMO CRIA 6X1,1
ESMALTE RISQUE BL E DO MEU JEITO ESTI ROSA 6X1,1
ESMALTE RISQUE BL E DO MEU JEITO FICA VAI TER ARCO IRIS 6X1,1
ESMALTE RISQUE BL ENERGIA 6X1,1
ESMALTE RISQUE BL ESCARLATE 1X1,1
ESMALTE RISQUE BL EU SOU ESSE GLAM TODO 1X1,1
ESMALTE RISQUE BL LAVANDA ALMA 1X1,1
ESMALTE RISQUE BL LICOR 1X1,1
ESMALTE RISQUE BL LOOK DIA GOOD VIBES 1X1,1
ESMALTE RISQUE BL ME POUPE MAS QUEM ME DERA 1X1,1
ESMALTE RISQUE BL METAVERSO CRIPTO ROSA 1X1,1
ESMALTE RISQUE BL METAVERSO HITOU NA NFT 1X1,1
ESMALTE RISQUE BL METAVERSO ON E ROTEANDO 6X1,1
ESMALTE RISQUE BL METAVERSO PRECONCEITO FLOPOU 1X1,1
ESMALTE RISQUE BL METAVERSO START NO PODER 1X1,1
ESMALTE RISQUE BL MOLETOM E SALTO 1X1,1
ESMALTE RISQUE BL NUDE 1X1,1
ESMALTE RISQUE BL NUDES CAPPUCCINO 1X1,1
ESMALTE RISQUE BL NUDES PO DE ARROZ 1X1,1
ESMALTE RISQUE BL NUDES TERRACOTA PROVOCA 1X1,1
ESMALTE RISQUE BL PEROLA 1X1,1
ESMALTE RISQUE BL PRETO SEPIA,1
ESMALTE RISQUE BL REINVENTE COMIGO NINGUEM COBRE 1X1,1
ESMALTE RISQUE BL REINVENTE NAO ME ROTULE 1X1,1
ESMALTE RISQUE BL REINVENTE PADRAOZINHO PARA QUEM 1X1,1
ESMALTE RISQUE BL REINVENTE POLITICAMENTE COLORIDA 1X1,1
ESMALTE RISQUE BL REINVENTE SEM FILTRO1X1,1
ESMALTE RISQUE BL REVOLUCAO CORES ROSA X1,1
ESMALTE RISQUE BL ROXO SEM CRISE 1X1,1
ESMALTE RISQUE BL RUBI 1X1,1
ESMALTE RISQUE BL SE SOLTA NO BLUES 1X1,1
ESMALTE RISQUE BL SERUM REPARADOR 1X1,1
ESMALTE RISQUE BL VER DE VERDADE 6X1,1
ESMALTE RISQUE BL VERMELHO FELICIDADE 6X1,1
ESMALTE RISQUE BL VIOLETRAZ O NOVO 1X1,1
ESMALTE RISQUE BL VOLTEI TODAS POR UMA 1X1,1
ESMALTE RISQUE CINTILANTE MINI SAIA 6X1REF8938,1
ESMALTE RISQUE CINTILANTE PLATINO1X1,1
ESMALTE RISQUE CREMOSO TURMALINA 1X1,1
ESMALTE RISQUE NU DIAMOND GEL DANCA DAS FADAS 6X1,1
ESMALTE RISQUE NU DIAMOND GEL NOITES ANO NOVO NO RIO 6X1,1
ESMALTE RISQUE NU DIAMOND GEL NOITES KARAOKE TOQUIO 1X1,1
ESMALTE RISQUE NU DIAMOND GEL NOITES MEIA NOITE PARIS 1X1,1
ESMALTE RISQUE NU DIAMOND GEL TOP COAT EFEITO CRISTAL 6X1,1
ESMALTE RISQUE NU DIAMOND GEL TOP COAT FIXADOR 1X1,1
ESMOG 40MG 28 CPR (ESOMEPRAZOL),1
ESMOG MAG 20MG C/28 CPR EMS,1
ESOGASTRO IBP 500 + 500 + 20 MG C/ 28 + 14 + 42 CPR,1
ESOGASTRO IBP 500G C/ 56 CPR 14 DIAS,1
ESOMEPRAZOL 20MG 28CPR NOVA QUIMICA,1
ESOMEPRAZOL 20MG C/14 COMP SANDOZ,1
ESOMEPRAZOL 40 MG C/28 CP RANBAXY,1
ESOMEPRAZOL 40MG 28CPR EMS,1
ESOMEPRAZOL 40MG 28CPR MEDLEY,1
ESOMEPRAZOL 40MG 28CPR NOVA QUIMICA,1
ESOMEPRAZOL 40MG C 14 COMP SAN,1
ESOMEPRAZOL 40MG C/28 COMP GERMED,1
ESOMEPRAZOL MAG 20MG C/28 CPR LEGRAND,1
ESOMEPRAZOL MAG 40MG 28 CPR,1
ESOMEPRAZOL MAG 40MG 28COMP MEDLEY,1
ESOMEPRAZOL MAGNESIO 20MG 28CP GERMED,1
ESOMEPRAZOL MAGNESIO 20MG 28CPR MEDLEY,1
ESOMEPRAZOL MAGNESIO 20MG CX 28 COMP,1
ESOMEPRAZOL MAGNESIO 40MG CX 28 COMP RANBAXY,1
ESOMEX 20MG 28CPR - PBM PORTAL DA DROGARIA,1
ESOMEX 40MG 28CPR- PBM PORTAL DA DROGARIA,1
ESOMEX 40MG C/56 COMP REVEST-SIMILAR,1
ESOP 20MG 28CPR ESOMEPRAZOL,1
ESOP 40MG 28CPR ESOMEPRAZOL,1
ESPACADOR AD./INF C/2 MASCARAS G-TECH,1
ESPACADOR AEROSSOL AD/INF BATMAN,1
ESPACADOR AEROSSOL AD/INF M.MARAVILHA,1
ESPACADOR INAL-AIR ADOLESCENTE / ADULTO,1
ESPACADOR INAL-AIR ADULTO E INFANTIL,1
ESPACADOR INAL-AIR BABY,1
ESPACADOR INCOTERM ADULTO E INFANTIL,1
ESPACADOR INFANTIL ADULTO GTECH,1
ESPALDEIRA P/ POSTURA EM BRIM EXTRA-GRANDE/CINZA - LOTE: 101,1
ESPALDEIRA P/ POSTURA EM BRIM GRANDE/CINZA - LOTE: 101347110,1
ESPALDEIRA P/ POSTURA EM BRIM MEDIO/CINZA - LOTE: 101300110,1
ESPASMO FLATOL FR GTS 20ML,1
ESPASMOPAN COMPOST 10MG+250MG COM REV20,1
ESPASMOPAN COMPOSTO SOL ORAL 10ML,1
ESPATULA P/ CUTICULAS DE INOX MK3346,1
ESPAÇADOR BABY MAXX CHAMBER,1
ESPINAZE 50MG/G GEL 20G (PEROXIDO BENZOILA),1
ESPINHEIRA SANTA 60CPR 500GR,1
ESPIRONOLACTONA 100MG 30CPR EMS,1
ESPIRONOLACTONA 100MG 30CPR GERMED,1
ESPIRONOLACTONA 25MG 30CPR EUROFARMA,1
ESPIRONOLACTONA 25MG 30CPR GERMED,1
ESPIRONOLACTONA 25MG C/30 CPR GEOLAB (G),1
ESPIRONOLACTONA 50MG 30CPR EUROFARMA L5,1
ESPIRONOLACTONA GEN 50MG 30CPR GEOLAB,1
ESPONJA 3M TININDO L12P10 PT/0012,1
ESPONJA BANHO 3M PON,1
ESPONJA BANHO 3M PONJITA BANHO DIARIO AZUL 1X1,1
ESPONJA BANHO 3M PONJITA REVITALIZANTE 1X1,1
ESPONJA BANHO ESFOLIACAO SUAVE,1
ESPONJA BANHO KIDS MK5876,1
ESPONJA BANHO ROSA ISACARE,1
ESPONJA BANHO ULTRA MACIA,1
ESPONJA CONDOR LIMPEZA LV12 PG10 PT/0012/UN,1
ESPONJA DE BANHO 30G MK6194,1
ESPONJA DE BANHO ATOALHADA,1
ESPONJA DE MAQUIAGEM FEELS MOOD HB-S02,1
ESPONJA DE MAQUIAGEM MIDNIGHT HB-S05,1
ESPONJA DE MAQUIAGEM SOFT BLENDER HB-S01,1
ESPONJA MAQ GOTA CORRET MC26530 UN-0001-UN,1
ESPONJA P/BANHO PEIXINHO,1
ESPONJA PARA PO POWDER PUFF C/1 HB-S04,1
ESPRAN 10MG 30CPR,1
ESPRAN 10MG C/ 60 COMP,1
ESPUMA DE BAR. ABOVE MEN ELEM CARBON ACTIVE 1X200ML,1
ESPUMA DE BARBA ABOVE 1X150ML,1
ESPUMA DE BARBA ABOVE CARVAO ATIVADO 150ML,1
ESPUMA DE BARBEAR GILLETTE CARBONO CARVAO 1X155ML,1
ESPUMA DE BARBEAR GILLETTE FOAMY PELE SENSIVEL 1X175GR,1
ESPUMA DE BARBEAR GILLETTE SENSITIVE PELE SENSVEL 1X56GR,1
ESPUMA DE BARBEAR NIVEA MEN DEEP BLACK 1X200ML,1
ESPUMA FAC LABPOP GLOW UP 130ML,1
ESPUMA HIGIENIZADORA ABOVE ANTISSEPTICA 1X150ML,1
ESSENCE 50+ 60CPRS,1
ESSENCE BABY POMADA 45G,1
ESSENCE SUPLEMENTO KIDS TUTTI FRUTTI 250ML,1
ESSENCE VITAMINA C 30CP MASTIGÁVEIS SABOR LARANJA,1
ESSENCEVIT MULHER CX 30 COMP,1
ESSENCEVIT SELENIUS CX 30 COMP,1
ESSENCIA ALECRIM / TAM U,1
ESSENCIA BABY / TAM U,1
ESSENCIA BAMBOO / TAM U,1
ESSENCIA BREEZE / TAM U,1
ESSENCIA CASA DE VO PLURI 00000000302000,1
ESSENCIA CHA VERDE E PINHO / TAM U,1
ESSENCIA EXPLODIU GOSTEI PLURI 00000000296413,1
ESSENCIA FLOR DE ALGODAO & VANILLA / TAM U,1
ESSENCIA FLOR DE CEREJEIRA / TAM U,1
ESSENCIA FRAMBOESA & ALMISCAR / TAM U,1
ESSENCIA GRACAS A MIM PLURI 00000000278211,1
ESSENCIA HMMM AMEI !PLURI 00000000296416,1
ESSENCIA LAVANDA / TAM U,1
ESSENCIA LAVANDA E MUSK / TAM U,1
ESSENCIA LIMAO SICILIANO E JASMIN / TAM U,1
ESSENCIA LIRIO E CASSIS / TAM U,1
ESSENCIA MACA E CANELA / TAM U,1
ESSENCIA MADEIRAS EXOTICAS / TAM U,1
ESSENCIA MOMENTO: TO OFF PLURI 00000000283340,1
ESSENCIA NOSSA MUITO EU PLURI 00000000296414,1
ESSENCIA OOOBBVIO QUE SIM PLURI 00000000296412,1
ESSENCIA PITANGA / TAM U,1
ESSENCIA QUEM DIRIA VIDA PLURI 00000000278210,1
ESSENCIA SALVIA E ALECRIM / TAM U,1
ESSENCIA VANILLA / TAM U,1
ESSENCIA VANILLA E FAVA / TAM U,1
ESSENCIA VERBENA / TAM U,1
ESSENCIA VIM PRA CAUSAR PLURI 00000000296415,1
ESSENCIA VIVER E AGORA PLURI 00000000278186,1
ESTABILIZADOR DE TORNOZELO TAMANHO M,1
ESTHEP 800MG C/30 CAPS GEL,1
ESTHEP 800MG C/60 CAPS GEL,1
ESTOJO LATIKA POWDER,1
ESTOJO LATIKA POWDER BEGE ESCURO,1
ESTOJO LATIKA POWDER BEGE MÉDIO,1
ESTOJO NATURAL BRANCO ORTO,1
ESTOJO PREMIUM UNIVERSAL AZ./BC KUKA,1
ESTOJO PREMIUM UNIVERSAL RS./BC KUKA,1
ESTOMAZIL ABACAXI 50X5G ENV-REFERENCIA,1
ESTOMAZIL ABACAXI MAST C/10 PAST,1
ESTOMAZIL ABACAXI MAST C/20 PAST,1
ESTOMAZIL SEM SABOR 100G,1
ESTRIOL 1MG/G CREM VAG 50GR+AP G BIOLA,1
ET AA 80X50MM COUCH FARMACIA PRECO BAIXO,1
ETIQUETA ETIQUETADORA PRECO KIT 400UN 10X1*,1
ETIQUETADORA CIS 8 DIGITOS UN/0001/UN,1
ETIQUETADORA KIT 5500/6500 1X1R K-550$,1
ETIRA 100MG/ML 100ML+SER,1
ETIRA 500MG C 60 COMP REV,1
ETIRA 500MG C/30 CPR,1
ETNA C 20 CAPS,1
ETNA C/180 CAPS,1
ETNA C/50 CAPS,1
ETNA INJ C 3 AMP+DIL,1
ETORICOXIBE 60MG C/07 COMPRIMIDO EMS,1
ETORICOXIBE 60MG C/14 COMPRIMIDO EMS,1
ETORICOXIBE 90MG 14 CPR EMS,1
ETORICOXIBE 90MG 7 CPR EMS,1
ETORICOXIBE 90MG C/07 CPR NEO QUIMICA,1
ETORICOXIBE 90MG C/14COMP GERMED,1
ETORICOXIBE 90MG C/7 COMP GERMED,1
EUC AP DUAL SERUM 30ML,1
EUC AQUAPHOR DUO-PACK 20ML,1
EUCERIN ANTIPIGMENT DUO 30 ML,1
EUCERIN AQUAPHOR REP INTEN 49G,1
EUCERIN CR ANTI PIGME NOITE 50ML,1
EUCERIN GEL LIMP PH5 2604G,1
EUCERIN GEL OIL CONTR FPS30 50ML,1
EUCERIN GEL OIL CONTR FPS60 52G,1
EUCERIN OIL CONTR F60+GEL LIM76G,1
EUCERIN PIGMENT CLARO F70 50G,1
EUCERIN PIGMENT MEDIO F70 50G,1
EUCERIN SERUM EFEITO TRIPLO 40ML,1
EUCERIN SUN ANTI PIGM FP60 50M,1
EUDOK 10MG C/30 CPR,1
EUDORA INSTANCE LOCAO HIDRATANTE FAVA DE BAUNILHA 1X400ML,1
EUDORA INSTANCE LOCAO HIDRATANTE FRUTAS VERME 1X400ML,1
EUDORA INSTANCE LOCAO HIDRATANTE FRUTAS VERMELHAS 1X400ML,1
EUDORA INSTANCE LOCAO HIDRATANTE LAVANDA 1X400ML,1
EUDORA INSTANCE LOCAO HIDRATANTE LEITE DE AVELA 1X400ML,1
EUDORA LA PIEL CREME PARA MAOS AMBAR DOURADO 1X50GR,1
EUDORA LA PIEL CREME PARA MAOS LOTUS ALGAS DO PACIFICO 1X50G,1
EUDORA LA PIEL CREME PARA MAOS LOTUS DO ORIENTE 1X50GR,1
EUDORA LA PIEL CREME PARA MAOS TAMARAS EGIPCIAS 1X50GR,1
EUDORA LA PIEL HIDRATANTE CORPORAL ALGAS DO PACIFICO 1X400ML,1
EUDORA LA PIEL HIDRATANTE CORPORAL AMBAR DOURADO 1X400ML,1
EUDORA LA PIEL HIDRATANTE CORPORAL LOTUS DO ORIENTE 1X400ML,1
EUDORA LA PIEL OLEO CORPORAL ALGAS DO PACIFICO 1X200ML,1
EUDORA LA PIEL OLEO P/ BANHO CRISTAIS DO HIMALAIA 1X200ML,1
EUDORA LA PIEL SABONETE LIQUIDO CORPORAL AMBAR DOURA 1X200,1
EUDORA LA PIEL SABONETE LIQUIDO CORPORAL LOTUS ORIENTE 1X200,1
EUPEPT 20 MG C/ 90 CAPS,1
EUTHYROX 100MCG 50CPR,1
EVG TOALHAS UMEDECIDAS LEV 100 PAG 80,1
EVORTIA 10MG C/30 CPR,1
EVRA 3ADESIVOS,1
EXAUSTOR MICRO 100MM220V BANH VENTISOL,1
EXAUSTOR MICRO 150MM220V BANH VENTISOL,1
EXFORGE HCT 160 25 5MG 28 COMP (PORTAL DROGARIA),1
EXFORGE HCT 320+25+10MG CX 28 COM(PORTAL DROGARIA),1
EXIBIDOR CARROSSEL GARRAFA,1
EXIMIA FIRMALIZE AGE COMPLEX SCH 30X13G-DEMAIS PROD,1
EXIMIA FIRMALIZE AOX PO 30SACHES,1
EXIMIA FORTALIZE C30 CPR,1
EXIMIA FORTALIZE KERA D C/30 COMP-DEMAIS PROD,1
EXIMIA FORTALIZE S C/30 COMP,1
EXIMIA FORTALIZE S C/90COMP,1
EXIMIA PROBIAC C/60 COMP,1
EXIMIA TEMPORIZE C30 CPAS,1
EXODUS 10 MG C/ 60 CPR,1
EXODUS 10MG C/ 30 CPR,1
EXODUS 15 MG C/ 60 CPR,1
EXODUS 15MG C /30 CPR,1
EXODUS 20 MG/ML SOL ORAL FR 15ML,1
EXODUS 20MG C/ 30 CPR,1
EXODUS 20MG C/ 60 CPR,1
EXPEC 120ML,1
EXPEC PULMON PLUS 120ML,1
EXPEC XAROPE 120 ML,1
EXPEC XPE 120ML,1
EXPECTAMIN XPE 120ML,1
EXPECTOVIC XPE /120 ML,1
EXPECTUSS XPE AD 100ML,1
EXPECTUSS XPE INF 100ML,1
EXPLANTE ANTIOXIDANTE C 60 CAPS,1
EXPLANTE+COLAGENO C 30 SCHS 12G,1
EXT CANNABIS 200MG ML 30ML,1
EXT CANNABIS 200MG/ML 10ML,1
EXT CANNABIS SAT 7914MG/ML,1
EXTIMA LATA 600G,1
EXTRATO DE MEL E PROPOLIS NATU´S MINAS,1
EXTRATO DE PROPOLIS ROMA E MEL NATU´S MINAS,1
EXTRATO DE PROPOLIS VERDE 70 30 ML,1
EXTRATO DE PROPOLIS VERDE NATU´S MINAS,1
EXTRATO PROP VERDE GTS 30ML,1
EXTRATO PROPOLIS VERDE ORGANICO 30ML,1
EXTRATOR DE CRAVOS MK,1
EZETIMIBA 10MG 30 CPR NOVA QUIMICA,1
EZETIMIBA 10MG 30CPR EMS,1
EZETIMIBA 10MG 30CPR NEO,1
EZETIMIBA 10MG 60 CPR NOVA QUIMICA,1
EZETIMIBA 10MG C 30 COMP SANDOZ,1
EZETIMIBA 10MG C 60 COMP EMS,1
EZETIMIBA 10MG C/30 CPR ALTHAIA,1
EZETIMIBA 10MG C/60 CPR ALTHAIA,1
EZETIMIBA 10MG C/60COMP/SDZ,1
EZETIMIBA+SINVAST 10+20MG CPR 1X30 GERMED,1
EZETIMIBA+SINVASTATINA 10+10MG 30 CPR,1
EZETIMIBA+SINVASTATINA 10+20MG 30 CPR NEO QUIMICA,1
EZONIA 2MG 20CPR,1
EZONIA 3MG C 20 COMP REV,1
EZOPEN 200MG CX 25 COMP,1
EZOPEN 50MG/G CREME 10GR (ACICLOVIR),1
F B. SEC GAL. PINTADINHA HIPER XG 2X60,1
F B. SEC GAL. PINTADINHA HIPER XXG 1X52,1
F BABYSEC HIPER G 2X64,1
F BIGFRAL DERMA PLUS JUVENIL 08X10UN,1
F BIGFRAL DERMA PLUS P 1X9,1
F CAPRICHO BABY MEGA P 96UN,1
F MAMYPOKO CALCA D&N JUMBO G + 4 1X30,1
F MAMYPOKO CALCA D&N JUMBO G 1X30,1
F MAMYPOKO CALCA D&N JUMBO M + 4 1X34,1
F MAMYPOKO CALCA D&N JUMBO M 1X34,1
F MAMYPOKO CALCA D&N JUMBO XG + 4 1X26,1
F MAMYPOKO CALCA D&N JUMBO XG 1X26,1
F MAMYPOKO CALCA D&N JUMBO XXG + 4 1X22,1
F MAMYPOKO CALCA D&N JUMBO XXG 1X22,1
F MOMETASONA SY 120 DOSES,1
F PERSONAL HIPER G 01X60,1
F PERSONAL HIPER M 01X70,1
F PERSONAL HIPER XG 03X52,1
F PERSONAL HIPER XXG 01X50,1
F PERSONAL MEGA G 38,1
F PERSONAL MEGA M 06X44,1
F PERSONAL MEGA P 06X50,1
F PERSONAL MEGA XXG 06X30,1
F PERSONAL XG 36 UND,1
F.LIFREE CALCA SUP CONFOR G/XG LV + PG - 01X16,1
F.LIFREE CALCA SUP CONFOR P/M LV + PG - 01X16,1
FACOBA 5+1MG/ML SOL OFT 5ML,1
FAIXA ACNEZIL SIMPLES COM TAGS,1
FAMOX 20MG 10CPR,1
FAMOX 20MG C/30 COMP,1
FAMOX 40 MG 30 CP R ACHE .,1
FAMOX 40MG 10CPR,1
FAMOX 8MG ML SUS OR 50ML,1
FAR AGUA OXIG. 10VOL 1 LITRO FARMAX,1
FAR ALCOOL EM GEL 70 NEUTRO FARMAX 50G,1
FAR BICARB. DE SODIO POTE 50GR FARMAX,1
FAR GLICERINA PURA 100ML FARMAX,1
FAR SERUM VITAMINA C 30ML HIDRADERM,1
FARINHA LACTEA NESTLE 360GR,1
FARINHA SAMAPI COSTELINHA COM LIMAO 350G,1
FARINHA SAMAPI DE GALINHA CAIPIRA 350G,1
FARMAIODINE TOPICO 100ML,1
FARMAPES CREME HIDRAT. E ESFOLIANTE 100G,1
FAROFA,1
FAROFA NOBRE SABOR CARNE 250G,1
FASCIA ABACAXI C/30 SACHES,1
FASCIA C/30 SACHES,1
FASCIA PRIME C/30 SACHES,1
FEBELLA BATOM MATTE BOCALIND 1x1,1
FEBELLA LIP GLOSS PRINCESS 1x1,1
FELDENE SUBL 20MG C/10 COMPRIMIDOS,1
"FEMIANE 0075+0,02MG 3X21DG",1
FEMIANE 21DRG,1
FEMIBION 1 C 28 COMP,1
FEMIBION 2 C 28 COMP,1
FEMIBION 3 C 28 COMP,1
FEMINA 21DRG,1
FEMINA 63CPR,1
FEMINIS 943 MG C 30 CAPS,1
FENAFLAN D 50MG C/20 COMP.DISPERSIVEL,1
FENAFLAN ICE MASSAGEADOR AEROSSOL 150ML,1
FENAFLEX ODC 20CPR (DIP+ORFEN+CAF,1
FENAREN 10MGG GEL BG 60G,1
FENAZIC 15MG C/30 COMP (FUNCIONAL CARD),1
FENBIP 150MG C/10COMP/NOQ,1
FENIRAX 120ML DEXCLORFENIRAMINA,1
FENITOINA 100MG C/ 30 CPR GEN TEUTO,1
FENOBARBITAL 100 MG C/ 30 CPR GEN TEUTO,1
FENOBARBITAL 100MG C/ 30 CPR GEN UNIAO QUIMICA,1
FENOBARBITAL 40 MG/ML SOL ORAL GTS 20ML GEN UNIAO QUIMICA,1
FENOFIBRATO 200MG 30CAPS NOVA QUIMICA,1
FENOFIBRATO 200MG C/30CAPS/NEO,1
FENOFIBRATO 200MG CX 30 CAPSULAS,1
FENTIZOL 600MG 1 OVULO,1
FENTIZOL CR GINEC C/7APLICADORES,1
FENTIZOL SOL SPRAY 30ML,1
FERANE 35 63CPR EMBALAGEM ECONOMICA,1
FERRO 100 MG 30 CP MAST T BIOLA,1
FERRO 50 MG/ML FR 30 ML T BIOLA,1
FERRO RENOFORCE 60 CAPS,1
FERRONIL 40MG 50DRG B5,1
FERROPURUM 20MG 5AMP 5ML SN,1
FERROVITAN COM COLINA SOL 60 ML,1
FERTISOP C 60 ENV 4G,1
FERTISOP Q10 PO SOL C/60,1
FEXOFENADINA 120 MG C/10 TEUTO,1
FEXOFENADINA 120MG 10CP EMS,1
FEXOFENADINA 120MG 10CPR NEO QUIMICA,1
FEXOFENADINA 120MG C/10 COMP GMD-GENERICO,1
FEXOFENADINA 180 MG 1 BL X 10 CPR CIMED,1
FEXOFENADINA 180MG 10CP EMS,1
FEXOFENADINA 180MG 10CPR NOVA QUIMICA,1
FEXOFENADINA 180MG 10CPR NQ,1
FEXOFENADINA 180MG 10CPR REV NEO QUIMICA,1
FEXOFENADINA 180MG C/10 TEUTO,1
FEXOFENADINA 180MG C/10COMP GERMED,1
FEXOFENADINA 6MG/ML 150ML,1
FEXOFENADINA 6MG/ML 150ML NOVA QUIMICA,1
FEXOFENADINA 6MG/ML 60ML,1
FEXOFENADINA 6MG/ML 60ML NOVA QUIMICA,1
FEXOFENADINA CLO 120MG C/10COMP/RANB,1
FEXOFENADINA CLO. 120 MG 10 CPR CIMED,1
FEXX 120MG COMP REV 1 BL X 10,1
FEXX 180MG COMP REV 1 BL X 10,1
FEXXOLYV 120MG C/10,1
FEXXOLYV 180MG COMP REV C/10,1
FIBER MAIS 260G,1
FIBERMAIS COLAGENO LIMAO 300G,1
FIBERMAIS LARANJA 170G,1
FIBERMAIS SUCO VERDE 200G,1
FIBERNORM 10 SACHES-DEMAIS PROD,1
FIBIRAX PLANT PO EFERV 10 SACHES C/ 5G,1
FIBIRAX PLANT PO EFEV.C/30 SACHES 5G,1
FIBRINASE COM CLORANFENICOL POM 10GR,1
FIBRINASE COM CLORANFENICOL POM 30GR,1
FIC PLENA 500ML,1
FIGALITON AMARGO 500ML,1
FIGATIL C 48 FLACONETE 10ML,1
FILINAR 50MG XPE 120ML,1
FILMCEL 10ML,1
FILTRAIR DEFENSE 800MG SPRAY,1
FILTRAIR PREVENT 800MG SPRAY,1
FILTRUM COLOR COR 4.0 FPS70 50G,1
FILTRUM COLOR FPS 50 60ML,1
FILTRUM COLOR FPS70 COR 1.0 50G,1
FILTRUM COLOR FPS70 COR 2.0 50G,1
FILTRUM COLOR FPS70 COR 5.0 50G,1
FILTRUM HIDRAT FPS30 LC 60G NOVO,1
FILTRUM SENSI FPS50 50G,1
FILTRUM ULTRA SECO 60G NOVO,1
FILTRUM VIT CR FPS50 120G NOVO,1
FIN UMECTANTE OLEO COCO 150G,1
FINALIZ BIOEXT KIDS EXTRATO FRUTA 150G,1
FINALIZ. ACORDA CACHOS CABELON 300ML (CHIKAS),1
FINALIZ. ACORDA CACHOS CACHEADOS 300ML (CHIKAS),1
FINALIZ. ACORDA CACHOS CRESPOS 300ML (CHIKAS),1
FINALIZ. ACORDA CACHOS ONDULADOS 300ML (CHIKAS),1
FINALIZ. DELETA DANOS ADIOS 300ML (CHIKAS),1
FINALIZ. DESLIZA LISO 300ML (CHIKAS),1
FINALIZ. DESMAIA CABELO 300ML (CHIKAS),1
FINALIZ. UMECT. OLEO DE COCO 150GR (BIO EXTRATUS),1
FINALIZ. UMECT. OLEO DE COCO 150gr (BIO EXTRATUS),1
FINALIZADOR ACORDA CACHOS - CACHEADOS 500ML,1
FINALIZADOR CACHOS 150GR,1
FINALIZADOR CACHOS 500ML,1
FINALIZADOR CACHOS E CRESPOS 150GR (BIO EXTRATUS),1
FINALIZADOR CACHOS E CRESPOS 500ML,1
FINALIZADOR CRESPO PODEROSO 300 ML - CHIKAS,1
FINALIZADOR CRESPOS 150GR,1
FINALIZADOR CRESPOS 500ML,1
FINALIZADOR FORCA PIMENTA 200G,1
FINALIZADOR GELATINA CACHOS 150GR,1
FINALIZADOR GELATINA CACHOS 500ML,1
FINALIZADOR HASKELL ORA PRO NOBIS 120ML,1
FINALIZADOR HASKELL REG QUERATINA 120ML,1
FINALIZADOR HIDRATA CABELO 300 ML - CHIKAS,1
FINALIZADOR JABORANDI 150 GR,1
FINALIZADOR MAIS HIDRA 200G,1
FINALIZADOR MAIS NUTRICAO 200GR,1
FINALIZADOR MATIZA LOIRO 300 ML - CHIKAS,1
FINALIZADOR MEL 150GR (BIO EXTRATUS),1
FINALIZADOR MEL 500ML,1
FINALIZADOR OH MY VEM DE GLICOLICO150ML,1
FINALIZADOR POS QUIMICA 150 GR,1
FINALIZADOR SHITAKE 200G TERMOPROTETOR,1
FINALIZADOR SHITAKE PLUS 200G NOITE/DIA,1
FINALIZADOR UMECT. OLEO DE COCO 150GR (BIO EXTRATUS),1
FINALIZADOR UMECTANTE OLEO COCO 500ML,1
FINALOP 1MG CPR REV C/30,1
FINASTERIDA 1 MG COM 30CPR UNIAO QUIMICA,1
FINASTERIDA 1MG 30 CPS / GEN FINASTERIDA,1
FINASTERIDA 1MG 30CPR EMS,1
FINASTERIDA 1MG 60 CPS / GEN FINASTERIDA,1
FINASTERIDA 1MG C/60 COMP EMS,1
FINASTERIDA 5MG 30 CPR NOVA QUIMICA,1
FINASTERIDA 5MG C/30 GENERICO (TEUTO),1
FINASTERIDA 5MG C/30CPRV/GERM,1
FINASTERIDA 5MG C/60 NOVA QUIMICA,1
FINI BANANAS 90G,1
FINI BEIJOS MORANGO 90G,1
FINI DENTADURAS 90G,1
FINI MELATONINA GUMMMY C/120 GOMAS,1
FINI MELATONINA GUMMMY C/60 GOMAS,1
FINI MINHOCAS 15G,1
FIO DENT J&J ESSENCIAL 100MT,1
FIO DENT J&J EX FINO 50MT,1
FIO DENT J&J MENTA 50MT,1
FIO DENT J&J REACH 50MT,1
FIO DENT ORAL-B PRO SAUDE 25MX2,1
FIO DENT ORALB ESSENTIAL FLOSS 25M,1
FIO DENT ORALB ESSENTIAL FLOSS MENT 25M,1
FIO DENT ORALB SUPER FLOSS,1
FIO DENTAL CLASSICFLOSS TRADICIONAL 125M,1
FIO DENTAL COLGATE NATURAL EXTRACTS CARVAO 1X25MT,1
FIO DENTAL DENTALCLEAN HEROIS 25M 1X1,1
FIO DENTAL DENTALCLEAN PEPPA 25M 1X1,1
FIO DENTAL DENTIL (FITA) PROMO LV120MPG100 6X1 R 2686$,1
FIO DENTAL DENTIL KIDS COM HASTE 20 UNIDADES,1
FIO DENTAL DENTIL ORIGINAL EXTRA FINO 125M 12X1$,1
FIO DENTAL HILLO 100MTs. EXTRA FINO,1
FIO DENTAL HILLO EXTRA FINO CP125 PG100 12X125MT,1
FIO DENTAL HILLO L125P100 WOMAN BLISTER PROM 1X125MT,1
FIO DENTAL HILLO TRADICIONAL BLISTER 1X100MT,1
FIO DENTAL HILLO TRADICIONAL BLISTER 1X500M,1
FIO DENTAL HILLO TRADICIONAL BLISTER 1X50MT,1
FIO DENTAL HILLO WOMAN BLISTER 100MT,1
FIO DENTAL ORAL B EXPERT FLOSS 1X45UN,1
FIO DENTAL POWERDENT 25M EASYWAY,1
FIO DENTAL POWERFLOSS EASY WAY BAG,1
FIO DENTAL SANIFILL CLASSICO LV+PG- PROM 1X1,1
FIO DENTAL TRANSFORMERS 25M - REF.: 2457,1
FIONA 802721 KIT MMD FASES ORTO AZ,1
FIONA 80683 CH SIL ANAT SOFT N2 RS,1
FIRIALTA 10MG C 28 COMP,1
FIRMSKIN EQ VITA 60CAPS EQUILIBRIO,1
FISIOCREM ACTIVE 30ML,1
FISIOCREM ACTIVE 60ML,1
FISIOFORT 150 GRS - BIOINSTINTO,1
FISIOFORT PREMIUM POMADA MASSAG. 150G - BIO INSTINTO,1
FISIOFORT SLIM 60 CÁPSULAS,1
FISIOGEL AI BALSAMO LIPID 150G,1
FISIOGEL AI LC CREMOSA 400ML,1
FISIOGEL AI LOCAO CREMOSA 100ML-DEMAIS PROD,1
FISIOGEL AI LOCAO CREMOSA 200ML,1
FISIOGEL AI LOCAO CREMOSA 200ML-DEMAIS PROD,1
FISIOGEL CR DIARIO F20 FACI 40ML,1
FISIOGEL CR DIARIO F20 FACI 40ML-DEMAIS PROD,1
FISIOGEL CR POTE 450G,1
FISIOGEL HID PELE SECA 200G,1
FISIOGEL LC CREMOSA 100ML-DEMAIS PROD,1
FISIOGEL MICELAR L2P1 200ML,1
FISIOGEN FERRO FORTE C 30 CAPS,1
FISIOGEN GRAVIDA 30CAPS + 30COMP,1
FISIOMED GEL PARA MASSAGEM 150G MULTYERVAS,1
FISIOMIX P/ FIS (PT 16 PC) UNICO/UNICO - LOTE: 102130110,1
FISIOTON 400MG 60CPR,1
FIT CR TORN LAVAT MESA B BAIXA 4030,1
FITA ACO PERFURADO 19MM,1
FITA ADESIVA ADEREX 12MM X 20M - 1X10$,1
FITA CREMER P FRALDA ROSA,1
FITA CREPE 48 X 50 ADELBRAS,1
FITA CREPE 48MM X 50M - TEK BOND,1
FITA CREPE 48MMX50MM,1
FITA DENTAL DENTALCLEAN MENTA 50M 1X1,1
FITA DENTAL HILLO 1X100ML,1
FITA DENTAL HILLO L125P100 PROM 1X125MT,1
FITA DENTAL SANIFILL SABOR MENTA 125M,1
FITA KIINESIO,1
FITA KINESIO ROLO 5CMX5M AZUL,1
FITA KINESIO ROLO 5CMX5M BEGE HC041,1
FITA KINESIO ROLO 5CMX5M PRETA HC040,1
FITA KINESIO ROLO 5CMX5M VERMELHA,1
FITA MICROPORE 1.2 X 4.5 CREMER,1
FITA MICROPORE SHOW DA LUNA 2,1
"FITA MICROPORE SHOW DA LUNA 2,5CM X 3,0M",1
FITA ZEBRADA PRETO AMARELO 150M - RL,1
FITOBILOBA 80MG 60CPR - GINKGO BILOBA,1
FITOSCAR 60MG 20G,1
FITOSCAR 60MG 50 G,1
FIXA CAL 600MG 90CPR,1
FIXADOR DE MAQUIAGEM HB-312,1
FIXARE C/30 COMP,1
FIXARE C/60 COMP REV-DEMAIS PROD,1
FIXARE CPR 60,1
FIXARE FLEX C 120 COMP REV,1
FIXARE FLEX C/60 COMP REV,1
FIXARE PRO+ LIMAO C/30 COMP EFV,1
FIXARE PRO+ LIMAO C/60 COMP EFV,1
FIXARE SUPLEMENTO A BASE DE CALCIO+VIT D3+VIT K2+MAGNÉSIO QUELATO 60 COMPRIMIDOS,1
FIXODENT ORIGINAL 21G,1
FIXODENT ORIGINAL 40G,1
FIXODENT ORIGINAL 68G,1
FLAGASS 125MG 10CPS,1
FLAGASS 40MG 20CPR,1
FLAGASS 75MG GTS 10ML,1
FLAGASS GTS 10ML,1
FLAGYL 250MG C/ 20CPR,1
FLAGYL 400MG C/ 24CPR,1
FLANAX 275MG C/8 COMP REVEST,1
FLANAX 550 MG C/02,1
FLANAX 550 MG C/02 COMP-REFERENCIA,1
FLANAX 550MG C/15 COMP,1
FLANAX XR 660MG C 8 COMP REV,1
FLANCOX 400MG 10CPR,1
FLANCOX 500MG C/14 COMP,1
FLANCOX 600MG 14 COMPRIMIDO,1
FLATOL 40MG C20 SIMETICONA,1
FLAVENOS 900+100MG C 30 COMP,1
FLAVONID 30CPR 1000MG - DIOSMINA+HESPERIDONA,1
FLAVONID 450MG 30CPR,1
FLAVONID 450MG 60CPR,1
FLAVONID 900+100MG 60 CPR (DIOSMINA+HESPERIDINA),1
FLAVONID TOPICO 200GR,1
FLEBODIA 600MG C/30 COMP,1
FLEBON 50 MG C/60 COMP-OUTROS,1
FLEBON 50MG 30CPR,1
FLEDOID 300 3MG/G GEL 40G,1
FLEDOID 500 5MG/G POMADA 40G-OUTROS,1
FLETOP LOCAO 200ML,1
FLEX HA C/30 CAPS,1
FLEX MSM CURCUMA C 60 COP REV,1
FLEXALGIN 15CPR (PARAC+CARI+ASSOC) GEO,1
FLEXALGIN 30CPR - PARAC+DICLOF+CAF+CARIS,1
FLEXITREX C 60 CAPS,1
FLEXITREX C/60 CAPS,1
FLEXONE C 60 COMP REV,1
FLIXOTIDE 250MCG SPRAY 60DOSES(PBM),1
FLIXOTIDE 50MCG 120DOSES(PBM),1
FLOBAC PRO 55MG C/30 CAPS,1
FLODIN DUO 150MG C/10 COMP DL,1
FLOGO ROSA PO 10ENV,1
FLOGORAL CEREJA C/12 PAST,1
FLOGORAL COLUT LARANJA 150ML,1
FLOGORAL SPRAY CEREJA 30ML,1
FLOGORAL SPRAY MENTA 30ML,1
FLOMICIN 100MG C/12 CAPS,1
FLORA B X 5 ML SUS GOT,1
FLORABAC CAPS 1X12,1
FLORACYD INTI 100ML JASMIM,1
FLORAL THERAPI - ANSIOLIDE - ANSIEDADE 30 ML,1
FLORAL THERAPI - APRENDISIM - ADOLESCENCIA E ESTUDOS 30 ML,1
FLORAL THERAPI - CALMIM - 30 ML,1
FLORAL THERAPI - CHORA NAO - 30 ML,1
FLORAL THERAPI - DESTRISTE - DESANIMO E TRISTEZA 30 ML,1
FLORAL THERAPI - FASE FEMME - 30 ML,1
FLORAL THERAPI - FASENOVA - MUDANÇA DE VIDA 30 ML,1
FLORAL THERAPI - FOCO FIT - 30 ML,1
FLORAL THERAPI - MAIS DESEJO - 30 ML,1
FLORAL THERAPI - MAIS HUMOR - 30 ML,1
FLORAL THERAPI - MAU HABITO - 30 ML,1
FLORAL THERAPI - MEDO DE TUDO - 30 ML,1
FLORAL THERAPI - MEDO NOITE - 30 ML,1
FLORAL THERAPI - MENOPAFEM - CALORES E MENOPAUSA 30 ML,1
FLORAL THERAPI - PANICMED - PÂNICO 30 ML,1
FLORAL THERAPI - PRAESTIMA - BAIXA AUTOESTIMA 30 ML,1
FLORAL THERAPI - PREOCUPA NAO - 30 ML,1
FLORAL THERAPI - REDUPESO - REDUÇÃO DE PESO 30 ML,1
FLORAL THERAPI - RESGATE SOS - RESGATE - SOS 30 ML,1
FLORAL THERAPI - SECONFIA - INSEGURANÇA INDECISÃO 30 ML,1
FLORAL THERAPI - SEM TIMIDEZ - 30 ML,1
FLORAL THERAPI - SERENIDE - 30 ML,1
FLORAL THERAPI - SONHO BOM - 30 ML,1
FLORAL THERAPI - SONOITE - REPARAÇÃO DO SONO 30 ML,1
FLORAL THERAPI - TEIMOZIN - 30 ML,1
FLORAL THERAPI - TENRELAX - TENSÃO E STRESS 30 ML,1
FLORAL THERAPI - TO TRANQUILO - 30 ML,1
FLORAL THERAPI - TOLECALM - FALTA DE TOLERANCIA 30 ML,1
FLORAL THERAPI - TPCOLIC- TPM 30 ML,1
FLORAL THERAPI - VICIOLIVRE - VICIOS E DEPENDENCIAS 30 ML,1
FLORAL THERAPI - ZERO ANGUSTIA - 30 ML,1
FLORAL THERAPI - ZERO FUMO- PARAR DE FUMAR 30 ML,1
FLORAL THERAPI KIDS - ANSIOLIDE - ANSIEDADE 30 ML,1
FLORAL THERAPI KIDS - DISCIPLIN - DESOBEDIÊNCIA 30 ML,1
FLORAL THERAPI KIDS - ESCOLARE - ADAPTAÇÃO ESCOLAR 30 ML,1
FLORAL THERAPI KIDS - HIPERACALME - HIPERATIVIDADE 30 ML,1
FLORAL THERAPI KIDS - MEDONOITE - PESADELOS 30 ML,1
FLORAL THERAPI KIDS - SONOITE - CHORO E SONO 30 ML,1
FLORAL THERAPI KIDS - TEIMOZIM - TEIMOSIA 30 ML,1
FLORAL THERAPI- DEPRIMIN - DEPRESSAO 30 ML,1
FLORAL THERAPI- IMUNIZARE - BAIXA IMUNIDADE 30 ML,1
FLORAL THERAPI- LEMBRAMAIS - FALTA DE MEMORIA 30 ML,1
FLORAL THERAPI- LIBIDUZ - ESTIMULO DA LIBIDO 30 ML,1
FLORAL THERAPI- MOTIVAMAIS - LIDERANÇA E SUCESSO 30 ML,1
FLORAL THERAPI- REVIGORAMIL - CANSAÇO FISICO E MENTAL 30 ML,1
FLORAL THERAPI- SETE CHAKRAS - ENERGIA DOS CHAKRAS 30 ML,1
FLORALIV 4 FIBRAS PREBIOTICO S/SABOR 195G,1
FLORASTOR 1 BI PO X6 SACHES,1
FLORASTOR 1 BILHAO C/CAPSULAS,1
FLORASTOR CAP X 12 (AL),1
FLORASTOR SACHE 4G X 6 (AL),1
FLORATIL 200MG PED C/4 ENV,1
FLORATIL AT 250MG C/10 CAPS,1
FLORATIL AT 250MG C/6 CAPS,1
FLORATIL AT 250MG C/6 SACHES,1
FLORAX HYDRA45 GUARANA 500ML,1
FLORAX HYDRA45 NATURAL 500ML,1
FLORAX PED SM ATB C/10 FLAC 5ML,1
FLORAX SM AD C/5FLAC 5ML(UVA)-OUTROS,1
FLORAX SM PED C/5FLAC 5ML(UVA)-OUTROS,1
FLORENT 100MG 12CPS,1
FLORIPA SOL GOTAS 8ML,1
FLOTAC 70MG C/10CAPS,1
FLOXICAM 20MG 15CPS (PIROXICAM),1
FLUCANIL 150MG 1CPS - FLUCONAZOL,1
FLUCETIL 600MG 16 SACHES,1
FLUCETIL ACETILCISTEINA GRAN. ENVEL. 600MG 16X5 LARANJA,1
FLUCISTEIN 20MGML XPE 100ML,1
FLUCISTEIN 600 MG SH X 16 (AL),1
FLUCISTEIN VIT C COMP EFERV X 10 (AL),1
FLUCONAZOL 150 MG 1 CAPS G MEDLEY .,1
FLUCONAZOL 150 MG 2 CAPS G MEDLEY .,1
FLUCONAZOL 150MG 2 CAPS GLOBO,1
FLUCONAZOL 150MG 2 CAPS PRATI,1
FLUCONAZOL 150MG 2CAPS CIMED,1
FLUCONAZOL 150MG 2CPS GEOLAB,1
FLUCONAZOL 150MG C/2 COMP EUROFARMA,1
FLUCONAZOL 150MG C/2 COMP MEDLEY,1
FLUCONAZOL 150MG C/2 CPS PHARLAB (G),1
FLUCONAZOL 150MG C02 MEDQUIMICA,1
FLUCONAZOL 150MG CAP C/02,1
FLUCONAZOL 150MG CAPS C/02,1
FLUCONAZOL GEN 150MG 1CPS/MEDQUIMICA,1
FLUCONID 150MG C1 FLUCONAZOL,1
FLUCOVIL 150MG 1CPS FLUCONAZOL/MEDQUIMICA,1
FLUENCE SUSP 150ML,1
FLUIBRON GTS 50ML,1
FLUIDO EICO PRO OLEO SUBLIME 200ML,1
FLUIDO HASKELL ACIDIFICANTE 200GR,1
FLUIDO HASKELL AMETISTA 120 ML|,1
FLUIDO HASKELL BANANEIRA 120 ML,1
FLUIDO HASKELL BENDITO LOIRO 120 ML,1
FLUIDO HASKELL ENCORPA CABELO 120 ML,1
FLUIDO HASKELL HIDRA CAVALO FORTE 120ML,1
FLUIDO HASKELL MATCHA E ALECRIM 120 ML|,1
FLUIDO HASKELL POS PROGRESS 120 ML|,1
FLUIMUCIL 600MG C/60COMP EFERV,1
FLUIMUCIL NASAL 20ML,1
FLUIR 12MCG C 30 CAPS + INAL,1
FLUIR 12MCG C/30 CAPS REFIL-SIMILAR,1
FLUIR 12MCG REFIL 60CPS,1
FLUISOLVAN 3MG PED VD XPE C/120ML/GEO,1
FLUITEINA 600MG 16ENV 5G (ACETILCIST),1
FLUIVE C 40MG 120ML,1
FLUIVE SACHE 600MG 16ENV,1
FLUOXETINA 20MG C/30 CAPS GEN TEUTO DESMARCADOS,1
FLUTINOL SUSP OFTAL GTS 5ML,1
FLUXENE 10MG C/28 CAPS,1
FLUXENE 20MG C/28 CAPS,1
FLUXENE 20MG C/60 CAPS,1
FLUXON 25MG 30CPR,1
FLUXON 75MG 30CPR,1
FLY 250MG C/10 CAPS MOLES,1
FLY 250MG C/20 CAPS MOLES,1
FLYARE 100 ML,1
FOLACIN 5MG C 30 COMP,1
FOLACIN GOTAS 30ML,1
FOLAGEST 400MCG C 45 COMP REV,1
FOLDAN POM 45G,1
FOLDER MELATONIZE,1
FOLHA DEPI-ROLL PRONTA CORPORAL TRADICIONAL 1X16UN,1
FOLHA DEPILATORIA DEPILBELLA PRONTA CORPO MEL+ALOEVERA 1X16U,1
FOLHA DEPILATORIA DEPILBELLA PRONTA CORPO PETALAS ROSA 1X16U,1
FOLHA DEPILATORIA DEPILBELLA PRONTA FACIAL MEL+ALOEVERA 1X16,1
FOLHA DEPILATORIA DEPILBELLA PRONTA FACIAL PETALAS ROSA 1X16,1
FOLICE C/30 COMP REV-DEMAIS PROD,1
FOLIDEX 30 CAPS METILFOLATO + VITAMINAS,1
FOLIDEX 60 CAPS METILFOLATO + VITAMINAS,1
FOLIFER GTS 30ML,1
FOLIFOLIN 5MG COMP C/30,1
FONE DE OUVIDO COM FIO C/1UNID,1
FONT D 10.000UI COM REV X 4,1
FONT D 2.000 UI C/30,1
FONT D 5.000 UI X 30 COMPRIMIDOS,1
FONT D 50.000 UI CX 8 COMP,1
FONT D 50.000 UI X 04 COMPRIMIDOS,1
FONT D 50.000UI COM REV C/04,1
FONT D 7.000 UI X 30 COMPRIMIDOS,1
FOQ XR 18MG C30 CPRV LIB PROL,1
FOQ XR 36MG 30CPR,1
FORASEQ 12/400MCG 60+60 PO+INAL(PBM),1
FORASEQ 12/400MCG 60+60 REFIL,1
FORASEQ 12MCG+200MCG 60CPS S/INALADOR,1
FORASEQ 12MCG+400MCG 60CPS SINALADOR,1
FORFIG 100MG C/30 COMP,1
FORFIG 200MG 20CPS,1
FORFIG 200MG C 20 CAPS,1
FORFIG 200MG C/60 CAPS,1
FORFIG 300MG C 30 CAPS DURA,1
FORHEALTH CARTAMO + CROMO 120 CAPSULA,1
FORHEALTH CHIA 60 CAPS SOFTGEL,1
FORHEALTH FORTOSS SACHE 600MG C/16 SACHE,1
FORHEALTH HAIR CAPS 60 CAPS,1
FORHEALTH HIALUFOR 60 CAPS,1
FORHEALTH OMEGA 3 60 CAPS SOFT,1
FORHEALTH TESTO PLUS 60 CAPS,1
FORHEALTH VALERIANA 60 CAPS,1
FORITUS 500MG C/ 14 CPR,1
FORMOCAPS 12MCG 30CPS+REF,1
FORMOCAPS 12MCG C/30 CAPS+INALAD,1
FORT FORTIMUNE CHILD 60CAPS,1
FORT FORTPHIL LOC HIDRATANTE 473ML,1
FORT SILIMARINA 100MG 30CAPS,1
FORT SILIMARINA 100MG 60CAPS,1
FORT SILIMARINA 200MG 30CAPS,1
FORT SILIMARINA 300MG 60CAPS,1
FORT VINAGRE DE MACA VERMELHO 1000MG 60CAPS,1
FORTEVIRON 250MG 60CPR,1
FORTICE C 30 COMP,1
FORTICE+CURC C/30 COMP REV,1
FORTINI COMPLETE CHOCOLATE 400G,1
FORTINI NATURAL 400G,1
FORTMAGRI BERBERINA 1500MG 60CPS(FENO GREGO+MOROSIL+CROMO),1
FORTONICO LIQUIDO 400ML,1
FORTOSS 20MG 120 ML MORANGO,1
FORTOSS 40MG 120 ML MORANGO,1
FORTSKIN ANTIENVELHECIMENTO 240ML FACIAL,1
FORTSKIN INTENSIVO 300ML DERMO FACIAL,1
FORTSKIN OIL CONTROL 140ML DERMOFACIAL,1
FORTSKIN OIL CONTROL 240ML DERMOFACIAL,1
FORTSKIN OIL CONTROL 350ML DERMOFACIAL,1
FORTSKIN SENSICALM 300ML DERMO FACIAL,1
FORTVITI MAX LUTEÍNA+ZEAXANTINA SAÚDE DOS OLHOS,1
FORXIGA 10 MG C/30 CP,1
FORXIGA 10MG C/30COMP,1
FOSAMAX D 5600 70MG C/4 COMP,1
FOSF SOD PREDNISOLONA 20ML EUROFARMA,1
FOSFATO DE OSELTAMIVIR (TAMIFLU),1
FOSFATO DE PREDNISOLONA 3MG/ML SOL 60ML,1
FOSFOMICINA C/ 1 ENVELOPE PHARMACIENSE DESMARCADOS,1
FOSTAIR DPI 200 + 6MCG C/120 DOSES (FUNCIONAL CARD),1
FOSTAIR DPI PO C 120 DOSES (FUNCIONAL CARD),1
FOSTAIR HFA SPRAY 120 DOSES (FUNCIONAL CARD),1
FOXIS 200MG C/ 30 CPS,1
FOXIS 200MG C/10 CAPS,1
FOXIS 200MG C/15 CAPS,1
FR BUMMIS T.MAGIC CALCA MEGA XXG C/22,1
FR HUG ROUPINHA TRI PRO XXL 22UNI,1
FR PAMPERS CONFORT SEC MEGA XG C/34,1
FR PAMPERS SUPERSEC HIPER M C/90,1
FR ROUPINHA SUPREME CARE G 3X60,1
FR ROUPINHA SUPREME M 72UN,1
FR ROUPINHA SUPREME XG 48UNID,1
FR TOQUINHO BAS HIPER P 100UN,1
FR.MAMY POKO CALÇA SUPER PROTEÇÃO XG C/24,1
FRAL SHORTS PIQUITUCHO JUMBINHO XG C/14 (CREME),1
FRALDA BABY SEC MEGA (TAMANHOS),1
"FRALDA BABY SEC MEGA OPÇAO DE TAMANHOS ( P , M , G , XG E XXG )",1
FRALDA BABYSEC GALIN PINT MEGA PANTS GD 28UN,1
FRALDA BABYSEC GALIN PINT MEGA PANTS MD 34UN,1
FRALDA BABYSEC GALIN PINT MEGA PANTS XXG 20UN,1
FRALDA BABYSEC GALINHA PINTA SHORTINHO HIPER G 1X52UN,1
FRALDA BABYSEC GALINHA PINTA SHORTINHO HIPER M 1X64UN,1
FRALDA BABYSEC GALINHA PINTA SHORTINHO HIPER XG 1X42UN,1
FRALDA BABYSEC GALINHA PINTA SHORTINHO HIPER XXG 1X42UN,1
"FRALDA BABYSEC GALINHA PINTADINHA ULTRASEC HIPER (M-725, G-64, XG-60, XXG-48)",1
"FRALDA BABYSEC GALINHA PINTADINHA ULTRASEC MEGA (P-42, M-38, G-32, XG-30, XXG-28)",1
"FRALDA BABYSEC M/72, G/60,XG/56 XXG/52",1
FRALDA BABYSEC PANTS HIPER XXXG 32UN,1
FRALDA BABYSEC ULTRASEC HIPER,1
FRALDA BIGFRAL MED NOTURNA C8,1
FRALDA CALCA D&N GIGA MAMY XXG44UND,1
FRALDA CALCA D&N GIGA MAMYPOKO G60UND,1
FRALDA CALCA D&N GIGA MAMYPOKO M68UND,1
FRALDA CALCA D&N GIGA MAMYPOKO XG52UND,1
FRALDA CALCA D&N JB MAMYPOKO G30UND,1
FRALDA CALCA D&N JB MAMYPOKO M34UND,1
FRALDA CALCA D&N JB MAMYPOKO M40UND,1
FRALDA CALCA D&N JB MAMYPOKO P46UND,1
FRALDA CALCA D&N JB MAMYPOKO XG26UND,1
FRALDA CALCA D&N JB MAMYPOKO XXG22UND,1
FRALDA CALCA LIFREE EXTRA MEGA G/XG16U,1
FRALDA CALCA LIFREE EXTRA MEGA P/M 16U,1
FRALDA CALCA LIFREE S CONF MEGA G/XG16U,1
FRALDA CALCA LIFREE S CONF MEGA P/M16U,1
FRALDA CALCA SP JB MAMYPOKO G28X4,1
FRALDA CALCA SP JB MAMYPOKO M34X4,1
FRALDA CALCA SP JB MAMYPOKO XG24X4,1
FRALDA CALCA SP JB MAMYPOKO XXG22X4,1
FRALDA CAPRICHO BABY HIPER EG 50UN,1
FRALDA CAPRICHO BABY HIPER GD 60UN,1
FRALDA CAPRICHO BABY HIPER MD 70UN,1
FRALDA CAPRICHO BABY HIPER PQ 80UN,1
FRALDA CAPRICHO BABY HIPER XXG 40UN,1
FRALDA CAPRICHO BUMMIS JUMBO G 28,1
FRALDA CAPRICHO BUMMIS JUMBO XG 24,1
FRALDA CAPRICHO BUMMIS JUMBO XXG 20,1
FRALDA CAPRICHO PRAT. XG 08X16,1
FRALDA CAPRICHO PRAT. XXG 08X14,1
FRALDA CAPRICHO SHORTINHO HIPER XG 42UN,1
FRALDA CREMER SHORT PANTS INF JB G 30UND,1
FRALDA CREMER SHORT PANTS INF JB M 32UND,1
FRALDA CREMER SHORT PANTS INF JB XG 26UN,1
FRALDA CREMER SHORT PANTS INFJB XXG 22UN,1
FRALDA CREMER SHORT PANTS JUMBINHO G16,1
FRALDA CREMER SHORT PANTS JUMBINHO M18,1
FRALDA CREMER SHORT PANTS JUMBINHO XG14,1
FRALDA CREMER SHORT PANTS JUMBINHO XXG12,1
"FRALDA CRESCENDO PACOTE MEGA (M C/70, G C/60, EG X/50, XXG C/40)",1
FRALDA DINNO BABY PANTS PREMIUM BAG G60,1
FRALDA DINNO BABY PANTS PREMIUM BAG M72,1
FRALDA DINNO BABY PANTS PREMIUM BAG XG48,1
FRALDA DINNO BABY PANTS PREMIUM BAG XXG48,1
FRALDA ESTRELINHA HIPER,1
FRALDA GALINHA PINTADINHA BABYSEC G 24 FR,1
FRALDA GALINHA PINTADINHA BABYSEC XG 20 FR,1
FRALDA GALINHA PINTADINHA BABYSEC XXG 16 FR,1
FRALDA GER CONFORT MASTER ECON EG26UND,1
FRALDA GER CONFORT MASTER ECON G30UND,1
FRALDA GER CONFORT MASTER ECON M30UND,1
FRALDA GER PLENITUD SUPERSEC G C8,1
FRALDA GER PLENITUD SUPERSEC NOT G C8,1
FRALDA GERIATRICA BIGFRAL PLUS PACOTINHO NOTURNA XG 1X7UN,1
FRALDA GERIATRICA LIFREE CALCA EXTRA ABSORCAO P/M 1X16UN,1
FRALDA GERIATRICA LIFREE CALCA EXTRA ABSORCAO P/M 1X8UN,1
FRALDA GERIATRICA LIFREE CALCA SUPER CONFORTO P/M 1X8UN,1
FRALDA GERIATRICA TENA CONFORT PACOTINHO M 1X8UN,1
FRALDA GERIATRICA TENA SLIP DERMACARE MEGA G 1X16UN,1
FRALDA GERIATRICA WELLNESS PREMIUM TRADICIONAL,1
FRALDA HIPOPO ECON PACOT G 46UND,1
FRALDA HIPOPO ECON PACOT M 50UND,1
FRALDA HIPOPO ECON PACOT P 56UND,1
FRALDA HIPOPO ECON PACOT XG 44UND,1
FRALDA HIPOPO ECON PACOT XXG 38UND,1
FRALDA HUGGIES NATURALCARE RN MEGA 34,1
FRALDA HUGGIES PRAIA E PISCINA LITTLE SWIMMERS G-XG 1X10UN,1
FRALDA HUGGIES PRAIA E PISCINA LITTLE SWIMMERS P-M 1X11UN,1
"FRALDA HUGGIES SUPREME CARE HIPER (M-72, G-66, XG-58, XXG-58)",1
FRALDA HUGGIES SUPREME CARE MEGA P 48UN,1
FRALDA HUGGIES TRIPLA PROTECAO MEGA GD 36UN,1
FRALDA HUGGIES TRIPLA PROTECAO MEGA M 1X42UN,1
FRALDA HUGGIES TRIPLA PROTECAO MEGA MAIS G 1X52UN,1
FRALDA HUGGIES TRIPLA PROTECAO MEGA MAIS M 1X58UN,1
FRALDA HUGGIES TRIPLA PROTECAO MEGA MAIS XG 1X48UN,1
FRALDA HUGGIES TRIPLA PROTECAO MEGA MAIS XXG 1X44UN,1
FRALDA HUGGIES TRIPLA PROTECAO MEGA P 1X46UN,1
FRALDA HUGGIES TRIPLA PROTECAO MEGA XXG 1X32UN,1
FRALDA HUGGIES TRIPLA PROTECAO PACOTAO P 1X32UN,1
FRALDA LOVECARE SPLASH P/M 10,1
FRALDA MAMYPOKO CALC SUP JUMB XG 24UN,1
FRALDA MAMYPOKO CALCA AMA DN HIPER M58 UN,1
FRALDA MAMYPOKO CALCA AZUL HIPER G 1X50UN,1
FRALDA MAMYPOKO CALCA AZUL HIPER M 1X58UN,1
FRALDA MAMYPOKO CALCA AZUL HIPER XG 1X42UN,1
FRALDA MAMYPOKO CALCA AZUL HIPER XXG 1X36UN,1
FRALDA MAMYPOKO CALCA AZUL MEGA P 4X46UN,1
FRALDA MAMYPOKO CALCA AZUL MEGA RN 36UN,1
FRALDA MAMYPOKO CALCA BAG G 1X60,1
FRALDA MAMYPOKO CALCA BAG M 1X68,1
FRALDA MAMYPOKO CALCA BAG XXG 1X44,1
FRALDA MAMYPOKO CALCA GIGA AMA G 60UN,1
FRALDA MAMYPOKO CALCA GIGA AMA M 68UN,1
FRALDA MAMYPOKO CALCA GIGA AMA XG 52UN,1
FRALDA MAMYPOKO CALCA GIGA AMA XXG 44UN,1
FRALDA MAMYPOKO CALCA HIPER G 4X54,1
FRALDA MAMYPOKO CALCA HIPER M 4X62,1
FRALDA MAMYPOKO CALCA HIPER XG 4X46,1
FRALDA MAMYPOKO CALCA JB.XG 6X15,1
FRALDA MAMYPOKO CALCA JB.XXG 6X13,1
FRALDA MAMYPOKO CALCA JUMB.G 6X17,1
FRALDA MAMYPOKO CALCA JUMB.M 6X20,1
FRALDA MAMYPOKO CALCA JUMB.P 6X24,1
FRALDA MILI G 8 UND ADULTO,1
FRALDA MILI GIGA XG 68,1
FRALDA PAMP.SUPERSEC PCT.G 6X26,1
FRALDA PAMP.SUPERSEC PCT.M 6X30,1
FRALDA PAMP.SUPERSEC PCT.P 6X34,1
FRALDA PAMP.SUPERSEC PCT.XG 6X22,1
FRALDA PAMP.SUPERSEC PCT.XXG 8X20,1
FRALDA PAMPERS CONFORTSEC MEGA XXXG 1X24UN,1
FRALDA PAMPERS CONFORTSEC MEGA XXXG LV+PG- PROM 1X44UN,1
FRALDA PAMPERS CONFORTSEC SUPER BAG GD 60UN,1
FRALDA PAMPERS CONFORTSEC SUPER BAG M X70UN,1
FRALDA PAMPERS CONFORTSEC SUPER BAG P 2X72UN,1
FRALDA PAMPERS CONFORTSEC SUPER BAG XG,1
FRALDA PAMPERS CONFORTSEC SUPER BAG XG 58UN,1
FRALDA PAMPERS CONFORTSEC SUPER BAG XXG 56UN,1
FRALDA PAMPERS CONFORTSEC SUPER BAG XXG PROM 1X52UN,1
FRALDA PAMPERS PANTS AJUSTE TOTAL HIPER G 1X52UN,1
FRALDA PAMPERS PANTS AJUSTE TOTAL HIPER M 1X60UN,1
FRALDA PAMPERS PANTS AJUSTE TOTAL HIPER XG 1X46UN,1
FRALDA PAMPERS PANTS AJUSTE TOTAL HIPER XXG 1X42UN,1
FRALDA PAMPERS PANTS AJUSTE TOTAL TOP GD 1X72UN,1
FRALDA PAMPERS PANTS AJUSTE TOTAL TOP M 1X84UN,1
FRALDA PAMPERS PANTS AJUSTE TOTAL TOP P 1X46UN,1
FRALDA PAMPERS PANTS AJUSTE TOTAL TOP XG 1X66UN,1
FRALDA PAMPERS PANTS AJUSTE TOTAL TOP XXXG 1X54UN,1
FRALDA PAMPERS PANTS GD 1X18UN,1
FRALDA PAMPERS PANTS MD 1X22UN,1
FRALDA PAMPERS PANTS MEGA GD 3X36UN,1
FRALDA PAMPERS PANTS MEGA M 4X42UN,1
FRALDA PAMPERS PANTS MEGA XG 4X32UN,1
FRALDA PAMPERS PANTS MEGA XXG 4X28UN,1
FRALDA PAMPERS PANTS PACOTAO P 1X26UN,1
FRALDA PAMPERS PANTS PACOTAO XG 1X14UN,1
FRALDA PAMPERS PANTS SUPER BAG XXG 60UN,1
FRALDA PAMPERS PREMIUM CARE PANTS MEGA XG 1X64UN,1
FRALDA PAMPERS RN+ 1X20UN,1
FRALDA PAMPERS SPLASHERS PRAIA E PISCINA M/G 1X11UN,1
FRALDA PAMPERS SPLASHERS PRAIA E PISCINA P/M 1X12UN,1
FRALDA PAMPERS SPLASHERS PRAIA E PISCINA XG/XXG 1X10UN,1
FRALDA PAMPERS SUPERSEC HIPER GDE C46,1
FRALDA PAMPERS SUPERSEC HIPER MEDI C52,1
FRALDA PAMPERS SUPERSEC HIPER XG 3X40UN,1
FRALDA PAMPERS SUPERSEC MEGA GD 1X34UN,1
FRALDA PAMPERS SUPERSEC PACOTAO BAG M 1X90UN,1
FRALDA PAMPERS SUPERSEC PACOTAO BAG XXG 1X64UN,1
FRALDA PAMPERS SUPERSEC PACOTAO MD 1X30UN,1
FRALDA PAMPERS SUPERSEC PACOTAO PQ 1X34UN,1
FRALDA PANTS INF T MONICA JUMBINHO G16,1
FRALDA PANTS INF T MONICA JUMBINHO M 18,1
FRALDA PANTS INF T MONICA JUMBINHO XG 12,1
FRALDA PANTS INF T MONICA JUMBINHO XXG 12,1
FRALDA PANTS INF T MONICA JUMBO G 30,1
FRALDA PANTS INF T MONICA JUMBO M 34,1
FRALDA PANTS INF T MONICA JUMBO XG 24,1
FRALDA PANTS INF T MONICA JUMBO XXG 24,1
FRALDA PERSONAL BABY HIPER,1
"FRALDA PERSONAL BABY MEGA (P-44, M-40, G-34)",1
FRALDA PERSONAL BABY PREMIUM MEGA M 1X34UN,1
FRALDA PERSONAL BABY PREMIUM PANTS HIPER G 01X62UN,1
FRALDA PERSONAL BABY PREMIUM PANTS HIPER M 01X70UN,1
FRALDA PERSONAL BABY PREMIUM PANTS HIPER XG 01X50UN,1
FRALDA PERSONAL BABY PREMIUM PANTS HIPER XXG 01X44UN,1
FRALDA PERSONAL BABY PREMIUM PANTS MEGA G 1X42UN,1
FRALDA PERSONAL BABY PREMIUM PANTS MEGA M 1X48UN,1
FRALDA PERSONAL BABY PREMIUM PANTS MEGA XG 1X34UN,1
FRALDA PERSONAL BABY PREMIUM PANTS MEGA XXG 1X30UN,1
FRALDA PERSONAL BABY PREMIUM PANTS SHORTINHO TODOS TAMANHOS,1
FRALDA PERSONAL BABY TOTAL PROTECT PANTS JUMBO G 1X24UN,1
FRALDA PERSONAL BABY TOTAL PROTECT PANTS JUMBO XG 1X22UN,1
FRALDA PERSONAL HIPER M 1X90UN,1
FRALDA PERSONAL HIPER XG 1X50UN,1
FRALDA PERSONAL JUMBO XXG 1X16UN,1
FRALDA POMPOM PROT MAE JUMBO RN 18UN UN/0001,1
FRALDA ROUPA INT PLENTY CARE G/XG 16UND,1
FRALDA ROUPA INT PLENTY CARE P/M 16UND,1
FRALDA TENA GER PANTS P/M 8X8 OF,1
FRALDA TURMA DA MONICA JUMBO M 28UN,1
FRALDA TURMA DA MONICA TRIP PROT 12X24 M,1
FRALDA TURMA DA MONICA.TRIP.PROT.JB G.9X28,1
FRASCO LAVAGEM NASAL NEUTRO LOLLY,1
FRD . MAMYPOKO CALCA G,1
FRD BIGFRAL DERMA PLUS G 8X7,1
FRD BUMMIS CALCA MEGA EG 06X26UN,1
FRD BUMMIS CALCA MEGA G 06X30UN,1
FRD BUMMIS CALCA MEGA M 06X34UN,1
FRD BUMMIS CALCA MEGA XXG 06X22UN,1
FRD CAPRICHO BABY MEGA EG 64UN,1
FRD CAPRICHO BABY MEGA G 72UN,1
FRD CAPRICHO BABY MEGA M 80UN,1
FRD CAPRICHO BUMMIS JUMBO M 32,1
FRD CAPRICHO BUMMIS JUMBO P 36,1
FRD GER. SENSATY PREMIUM ECON XG 16,1
FRD GERIATRICA LIFREE CALCA SUPER CONFORTO G/XG 1X8UN,1
FRD PERSONAL JUMBO G 24,1
FRD PERSONAL JUMBO M 28,1
FRD PERSONAL JUMBO XXG 18,1
FRD ROUPA INTIMA SENSATY PANTS EG 08X08,1
FRD ROUPA INTIMA SENSATY PANTS G 08X08,1
FRD ROUPA INTIMA SENSATY PANTS MEGA G 4X16,1
FRD ROUPA INTIMA SENSATY PANTS MEGA P/M 4X16,1
FRD ROUPA INTIMA SENSATY PANTS MEGA XG 04X16,1
FRD ROUPA INTIMA SENSATY PANTS P/M 08X08,1
FRD T MONICA JUMBO G 24UN,1
FRD T MONICA JUMBO P 30 UND.,1
FRD T MONICA JUMBO RN 36UN,1
FRD T MONICA JUMBO XG 20UN,1
FRD T MONICA JUMBO XXG 16 UND.,1
FRD. AD.BIGFRAL PANTS PREMIUM G/XG 7X1,1
FRD. AD.BIGFRAL PANTS PREMIUM P/M 7X8,1
FRD. AD.BIGFRAL PLUS M 8X9,1
FRD. AD.BIGFRAL PLUS P 8X10,1
FRD. AD.BIGFRAL PLUS XG 8X7,1
FRD. AD.TENA PANTS G 8X8 OF,1
FRD. B. SEC GAL. PINTADINHA HIPER M C/72,1
FRD. B. SEC GAL. PINTADINHA JUMBO P 8X30,1
FRD. B. SEC GAL. PINTADINHA MEGA XG 36,1
FRD. BIGFRAL PLUS AD.G 8X8,1
FRD. BIGFRAL ROUPA MOV GD XG 8X8UN,1
FRD. BIGFRAL ROUPA MOV PQ MD 8X8UN,1
FRD. CAPRICHO BABY MEGA XXG 54UN,1
FRD. CAPRICHO SUP. JUMBO G 03X80,1
FRD. CAPRICHO SUP. JUMBO M 03X90,1
FRD. CAPRICHO SUP. JUMBO P C/100,1
FRD. CAPRICHO SUP. JUMBO XG 70UNID,1
FRD. CAPRICHO XXG JUMBO C/56,1
FRD. GALINHA PINTADINHA HIPER XG 4X76,1
FRD. GALINHA PINTADINHA MEGA G 06X38,1
FRD. GALINHA PINTADINHA MEGA M 06X44,1
FRD. GALINHA PINTADINHA MEGA P 06X50,1
FRD. GALINHA PINTADINHA MEGA XXG,1
FRD. GER BIGFRAL NOT GDE C7,1
FRD. GER BIGFRAL PLUS GDE C8,1
FRD. HUG.SUPR.CARE MEG.G 6X32,1
FRD. HUG.SUPR.CARE MEG.M 6X40,1
FRD. HUG.SUPR.CARE MEG.XG 6X26,1
FRD. HUG.SUPR.CARE MEG.XXG 6X26,1
FRD. HUG.T.MO.P.100 D.RN.9X18,1
FRD. HUGGIES 32 XG,1
FRD. MAMYPOKO CALCA (AMARELA) G 4X34,1
FRD. MAMYPOKO CALCA (AMARELA) MEGA M 4X38,1
FRD. MAMYPOKO CALCA (AMARELA) MEGA P 4X46,1
FRD. MAMYPOKO CALCA (AMARELA) MEGA XG 4X30,1
FRD. MAMYPOKO CALCA (AMARELA) MEGA XXG 4X26,1
FRD. MAMYPOKO CALCA BAG TODOS 0S TAMANHOS 1X1,1
FRD. MAMYPOKO CALCA MEGA M + 4 04X46,1
FRD. MAMYPOKO CALCA MEGA M 38,1
FRD. MAMYPOKO CALCA MEGA P + 4 04X54,1
FRD. MAMYPOKO CALCA MEGA P 50X4,1
FRD. MAMYPOKO CALCA MEGA XG + 4 36X4,1
FRD. MAMYPOKO CALCA MEGA XG 28,1
FRD. MAMYPOKO CALCA MEGA XXG 24,1
FRD. MAMYPOKO FRALDA SECA MEGA M 04X50,1
FRD. MAMYPOKO FRALDA SECA MEGA RN 04X36,1
FRD. PAMPERS CONFORTSEC MEGA GD 3X38UN,1
FRD. PAMPERS CONFORTSEC MEGA MD 4X44UN,1
FRD. PAMPERS CONFORTSEC MEGA PQ 3X50UN,1
FRD. PAMPERS CONFORTSEC MEGA XG 4X34UN,1
FRD. PAMPERS CONFORTSEC MEGA XXG 4X30UN,1
FRD. PAMPERS CONFORTSEC RN 1X20UN,1
FRD. PAMPERS RN 1X20UN,1
FRD. PAMPERS RN 1X36UN,1
FRD. PERSONAL HIPER G 3X80,1
FRD. PERSONAL XG C/8,1
FRD. PICA-PAU BABY MEGA G 06X42UN,1
FRD. PICA-PAU BABY MEGA P 06X56,1
FRD. PICA-PAU BABY MEGA XG 06X38UN,1
FRD. PLENIT.ACTI.MU.G/XG 8 UNID,1
FRD. PLENIT.ACTI.MUL.P/M 8UNID,1
FRD. PLENIT.PROT.PLUS G/XG 8 UNID,1
FRD. T MONICA SHORTINHO JUMBO G 01X30,1
FRD. T MONICA SHORTINHO JUMBO M 01X34UN,1
FRD. T MONICA SHORTINHO JUMBO XG 04X24,1
FRD. TENA ADULTO PANTS G/EG 8X8,1
FRD. TENA ADULTO PANTS P/M 8X8,1
FRD.AD.BIGFR.PLUS N.M 1X8,1
FRD.AD.BIGFR.PLUS REGUL.G 1X7,1
FRD.AD.BIGFR.PLUS REGUL.M 1X8,1
FRD.AD.BIGFR.PLUS REGUL.XG 1X7,1
FRD.AD.BIGFR.ROUPA I.G/XG 1X7,1
FRD.AD.BIGFR.ROUPA I.P/M 8X7,1
FRD.BABYSEC ULTR.MEGA P 6X46,1
FRD.MAMYP.CALCA REG.RN.20,1
FRD.MAMYP.CALCA REG.RN.6X20,1
FRD.PAMP.CONF.SEC MEG.XG 4X34,1
FRD.PAMPERS PANT.MEGA G 3X36,1
FRD.PERSONAL JUMBO G 12X22,1
FRD.PERSONAL JUMBO P 1X28,1
FRD.PERSONAL JUMBO XG 1X18,1
FRD.PERSONAL MEGA G 1X34 OF,1
FRD.PERSONAL MEGA M 1X40 OF,1
FRD.PERSONAL MEGA XG 1X28 OF,1
FRD.PERSONAL MEGA XXG 1X28 OF,1
FRD.T.MONICA JUMBINHO G 8X16,1
FRD.T.MONICA JUMBINHO M 18,1
FRD.T.MONICA JUMBINHO P 20,1
FRD.T.MONICA JUMBINHO RN 8X18,1
FRD.T.MONICA JUMBINHO XG 8X12,1
FRD.T.MONICA MEGA G 44,1
FRD.T.MONICA MEGA M 4X50,1
FRD.T.MONICA MEGA M 50,1
FRD.T.MONICA MEGA P 62,1
FRD.T.MONICA MEGA XG 42,1
FRD.T.MONICA MEGA XXG 36,1
FREEBITE POS PICADA INSETO 20ML-DEMAIS PROD,1
FREECO BLOQ ODOR ESPECIARIAS 60ML/IMA,1
FREECO BLOQ ODOR LAVANDA 60ML/IMA,1
FREECO BLOQ ODOR TUTTIFRUTTI 60ML/IMA,1
FREECO ORIGINAL 60ML,1
FREECO ORIGINAL POCKET 15ML,1
FRESH TEARS COL 10ML,1
FRESH TEARS LIQ GEL 15ML-OUTROS,1
FRESH TEARS LIQUIGEL 15ML,1
FRISIUM 10MG C/20CPR,1
FRISIUM 20MG C/ 20CPR,1
FRONTAL 1MG C/30 CPR,1
FRONTAL XR 1 MG C/30 COMPRIMIDOS,1
FRONTAL XR 2MG CX C/30 COMPRIMIDOS,1
FRUSALT PO DPL 60 SACHES X 5 G,1
FRUSALT TRADICIONAL ENVELOPE 5G,1
FRUTAXX ENVELOPE SABOR ABACAXI,1
FUCSIA MINUS C/24 COMP,1
FUMAR QUETIAPI 100MG 30CP C1 EMS-GENERICO,1
FUMAR QUETIAPI 200MG 30CP C1 GMD-GENERICO,1
FUMASIL 300MG C 60 COMP,1
FUNCHICOREA PO 3G,1
FUNTYL 10MG CR 20G,1
FUROSEMIDA 40MG 20 CPR,1
FUROSEMIDA 40MG 30CPR NEO QUIMICA,1
FUROSEMIDA 40MG COMP C/20 GEN TEUTO,1
FUSION FLUID MINERAL FPS50 50ML,1
FUSION LT 473ML SH NPAL,1
FUSION WATER COLOR FPS 50 50ML,1
FUSOR 10MG C 30 CPR,1
FUSOR 15MG C/30 CP REV,1
FUSOR 20MG 30CPR,1
FUSOR 20MG GTS 15ML,1
Fr Mili Giga infantil (todos os tamanhos),1
Fr Mili Vita Care Premium geriátrica Giga,1
Fralda BabyBee Proteção Natural (Todos os tamanhos),1
"Fralda Calça BabySec M, G, XG, XXG",1
"Fralda Calça Bummis M, G, EG",1
G. ACEBROFILINA AD. 50MG/5ML 120ML EMS,1
G. ACEBROFILINA XPE AD 120ML GEOLAB,1
G. ALBENDAZOL 400MG 1CPR MAST GEOLAB,1
G. APIXABANA 5MG 60CPR NEO QUIMICA,1
G. BILASTINA 20MG 15CPR NQ,1
G. BRONFENIRAMINA+FENILEFRINA 12CPR NEO QUIMICA,1
G. CICLOBENZAPRINA 5MG 15CPR NVQ,1
G. DESLORATADINA XPE 60ML GEOLAB,1
G. DEXAMETASONA 1MG CR 10G MTB,1
G. DIPIRONA 50MG XPE 100ML LGR,1
G. GLICLAZIDA 30MG 30CPR LEGRAND,1
G. GLICLAZIDA 60MG 30CPR LEGRAND,1
G. GLICLAZIDA 60MG 60CPR LEGRAND,1
G. GLIMEPIRIDA 2MG 30CPR GEOLAB,1
G. HIDROXIZINA 2MG SOL ORAL 100ML MDQ,1
G. IBUPROFENO 100MG/ML GOTAS 20ML GEOLAB,1
G. ISOSSORBIDA 40MG 20CPR ZDS,1
G. IVERMECTINA 6MG 2CPR NEO QUIMICA,1
G. LORATADINA XPE 100ML GEOLAB,1
G. METOPROLOL 25MG 30CPR LIB CONT SUCCIN,1
G. ONDANSETRONA 8MG 30CPR ORODISP NEO QUIMICA,1
G. RIVAROXABANA 15MG 30CPR REV NEO QUIMICA,1
G. RIVAROXABANA 20MG 30CPR REV NEO QUIMICA,1
G. TADALAFILA 5MG 28CPR NQ,1
G. TERBINAFINA 250MG 28CPR TEUTO,1
G.AMOXICILINA 500MG 21 CPS LEGRAND,1
G.AMOXICILINA 875MG COMP REV C/14,1
G.AMOXICILINA SUSP 250MG/5ML PO 150ML,1
G.APIXABANA 5MG 60CPR ZYDUS,1
G.AZITROMICINA PO SUSP 900MG,1
G.BENZOILMETRONIDAZOL SUSP 100ML,1
G.BROMOPRIDA SOL ORAL 4MG/ML 20ML,1
G.CETOCONAZOL CR 20MG/G 30G,1
G.CLOR AMBROXOL XP AD 6MG/ML 120ML,1
G.CLOR BROMEXINA 4MG/5ML INF 120ML,1
G.CLOR ONDANSETRONA 8MG 10 CPR ORODISP,1
G.DESLORATADINA XPE 100ML,1
G.DEXAMETASONA ELIXIR C/120ML,1
G.DICLOF POTASSICO 50MG 20 CPR GEOLAB,1
G.DIP BETA+SULF GENTA CR 30G GEOLAB,1
G.DIP BETA+SULF GENTA PDA 30G GEOLAB,1
G.DIPIRONA 500MG C/10,1
G.FLUCONAZOL 150MG 02 CPS,1
G.IBUPROFENO 100MG/ML GTS 20ML,1
G.MINOXIDIL SPRAY 50MG/ML 50ML,1
G.NIMESULIDA SUSP GTS 50MG/ML 15ML,1
G.ORLISTATE 120MG 30 CPR,1
G.PENTOXIFILINA 400MG C/20 COMP REV,1
G.PREDNISOLONA SOL 120ML,1
G.RIVAROXABANA 20MG 30 CPR EMS,1
G.SIMETICONA 75MG GTS 15ML,1
G.TECH DCOG NEBULIZADOR INFATIL,1
G.TROMET CETOROLACO SOL OFT 5MG/ML 5ML,1
G.VAL BETAMETASONA 1MG/G POM 30G,1
GABA ER 250MG 30COMP REV,1
GABALLON 50MG C/60 COMP-OUTROS,1
GABALLON COG C 60 CAPS,1
GABANEURIN 300MG C/ 30 CPS,1
GABANEURIN 400MG C/ 30 CPS,1
GABANEURIN 600MG C/27CPR,1
GABAPENTINA (C1) 300MG C/30CPR/SDZ,1
GABAPENTINA 300MG 30CPS BIOLAB,1
GABAPENTINA 300MG C/ 30CPS GEN GERMED,1
GABAPENTINA 300MG C/ 60 CAPS GEN PRATI,1
GABAPENTINA 300MG C/30 CAPS GEN PRATI,1
GABAPENTINA 400 MG C/ 30 CPR GEN BIOLAB,1
GABAPENTINA 400MG 30 CAPS GEN PRATI,1
GABAPENTINA 400MG 60 CAPS / GEN PRATI,1
GABAPENTINA 400MG C/ 30 CPR GEN GERMED,1
GABAPENTINA 600MG C/ 27 CPR GEN GERMED,1
GAESO 20 MG 28 CP REVESTIDO,1
GAESO 40 MG 28 CP REVESTIDO,1
GALANTAMINA BROMIDRATO 16MG 30 CAPS BIOLAB,1
GALANTAMINA BROMIDRATO 24MG 30 CAPS BIOLAB,1
GALANTAMINA BROMIDRATO 8MG 30 CAPS BIOLAB,1
GALVUS 50MG C/28 COMP-REFERENCIA,1
GALVUS 50MG C/56 COMP-REFERENCIA,1
GALVUS MET 50 850MG C 56 COMP(PBM),1
GALVUS MET 50/1000 MG 56 CP R NOVAR,1
GAMALINE V 900MG 30CPS,1
GAMAX 30CPS,1
GANFORT SOL ESTERI FRASCO 5ML-REFERENCIA,1
GAPEM 300MG C/30 CAPS,1
GARASONE 3 + 1 MG/ML SOLUÇAO OFTALMICA 20 ML,1
GARDENAL 100MG C/ 20 CPR,1
GARDENAL 50MG C/20CPR,1
GARDENAL GTS PED 20ML,1
GARGOJUICE 3MG CX 12 PAST,1
GARGOJUICE SPRAY 30ML BENZIDAMINA/BELFAR,1
GARNIER HIDRAT FAC ANTIACNE 85G,1
GARNIER HIDRAT FAC ANTIMANC 85G,1
GARRAFA TWIST PLASTICO 500ML,1
GARRAFINHA ANIMAL FUN GIRAFA BUBA,1
GARRAFINHA ANIMAL FUN LEAO BUBA,1
GARRAFINHA ANIMAL FUN MACACO BUBA,1
GARRAFINHA ANIMAL FUN UNICORNIO BUBA,1
GARRAFINHA AVENTURAS ASTRONAUTA BUBA,1
GARRAFINHA AVENTURAS PIRATA BUBA,1
GARRAFINHA AVENTURAS PRINCESA BUBA,1
GARRAFINHA AVENTURAS SEREIA BUBA,1
GARRAFINHA DE ALUMINIO COM CANUDO GIRAFA,1
GARRAFINHA DE ALUMINIO COM CANUDO LEAO,1
GARRAFINHA DE ALUMINIO COM CANUDO MACACO,1
GARRAFINHA DE ALUMINIO COM CANUDO UNICORNIO,1
GARRAFINHA DINO PATINETE AZ BUBA,1
GARRAFINHA DINO PATINETE RS BUBA,1
GARRAFINHA LAVAGEM NASAL NOSEWASH 240ML DINOSSAURO,1
GASLEV SIMETICONA 125MG C10 CPS GEL,1
GASTROFOR SABOR ABACAXI 4GR,1
GASTROL 10 PAST,1
GASTROL EFEV ABACAXI C/25 ENV 5G-OUTROS,1
GASTROL LARANJA PO EFERV 5G C/50 ENV,1
GASTROLIV ABACAXI 100 SACHES 5GR,1
GASTROLIV LARANJA EFERV 5G,1
GASTROLIV LIMAO EFERV 5G,1
GATORADE BERRY BLUE PET 500ML,1
GATORADE FRUTAS CITRICAS PET 500ML SIXPACK,1
GATORADE FRUTAS MORANGO E MELANCIA PET 500ML SIXPACK,1
GATORADE LARANJA PET 500ML SIXPACK,1
GATORADE LIMAO PET 500ML SIXPACK,1
GATORADE MARACUJA 500ML,1
GATORADE MARACUJA PET 500ML SIXPACK,1
GATORADE MELANCIA-MORANGO PET 500ML SIXPACK,1
GATORADE MORANGO E MARACUJA PET 500ML SIXPACK,1
GATORADE MORANGO-MARACUJA PET 500ML SIXPACK,1
GATORADE SABOR MORANGO-MARACUJA 500ML,1
GATORADE TANGERINA PET 500ML SIXPACK,1
GATORADE UVA PET 500ML SIXPACK,1
GATORADE ZERO CAL LAR LIMA PET 350ML,1
GAUDY 24MG C/28CAPS,1
GAZIA 40MG 28 CPR,1
GEL 3 EM1 ANTIACNE GARNIER 120G,1
GEL ARNICA COPAIBA SANTA MARIA 200GRS NATTY VIDA,1
GEL AROMATIZANTE P/ VIRILHA HOT PH,1
GEL AROMATIZANTE SEDUCTION MORANGO 320G,1
GEL AROMATIZANTE SEDUCTION TUTTI FRUTTI 320G,1
GEL AROMATIZANTE SEDUCTION UVA 320G,1
GEL BIOEXT INF S ALCOOL EX FRUTA 150G,1
GEL BIOEXTRAT TANOGEL CR 150G,1
GEL BOZZANO AZUL ACAO PROLONGADA 300GR,1
GEL CALMANTE ARNILIVIUM GEL 45GR,1
GEL CAPILAR BOB ESPONJA CABELO PUNK 250G,1
GEL CAPILAR BOZZANO PROTECAO SOLAR AMARELO 1X300GR,1
GEL CAPILAR INFANTIL TRA LA LA 1X250ML,1
GEL CAPILAR NYLOOKS FATOR 1 FX MEDIA INCOLOR 1X240GR,1
GEL CARTILAGEM DE TUBARAO 240 GR,1
GEL CREME HASKELL CACHOS SIM 240 ML,1
GEL CREME SALON LINE TODECACHO MODELA CACH DOS SONHOS 1X310,1
GEL CV 240GRS - APINIL,1
GEL DE LIMPEZA FACIAL GARNIER UNIFO E MATE VIT. C 1X15,1
GEL DE LIMPEZA SUAVE MULTIFUNCIONAL BEYOUNG,1
GEL DE LIMPEZA SUAVE TENSOATIVOS GLICERINA PRINCIPIA,1
GEL DE LIMPEZA TENSOATIVOS ACIDO SALICILICO PRINCIPIA,1
GEL DE REPOSICAO TENS ALIVIO JA PLUS C/1,1
GEL DENT CARMED FINI MINH 70G,1
GEL DENT COLG S/FLUOR 0-2 ANOS,1
GEL DENT CONDOR GALINHA P. 50G,1
GEL DENT INF CONDOR BARBIE 8211 50G L3P2,1
GEL DENT INF CONDOR GALINHA 0A2 50G L3P2,1
GEL DENT INF CONDOR HOTWEELS 50G L3P2,1
GEL DENT JADEPRO 50G L.NETO T.FRUIT,1
GEL DENTAL CARMED SABORES 70G CIMED,1
GEL DENTAL DENTIL KIDS ZOO ARCOM,1
GEL DENTALCLEAN PEPPA PIG 100G,1
GEL ESFOL DERMACHEM ENZ PELE OLEOSA 100G,1
GEL ESFOLIANTE VITAMINA C 100 G,1
GEL FACIAL ESFOLIANTE NIVEA 75ML-DEMAIS PROD,1
GEL FIOS DE SEDA HASKELL BANANEIRA 100ML,1
GEL FIX NY LOOKS EX FORTE VERDE 240G,1
GEL FIXADOR ABOVE EXTRA FOR FORCA 4 300G,1
GEL H KITTY GLITTER CORPO E CABEL 180 GR,1
GEL HIDRATANTE FACIAL RUBY SKIN HB-406,1
GEL LABOTRAT SHOWER 230ML MACADAMIA E BERGAMO,1
GEL LABOTRAT SHOWER 230ML VERBENA E BAMBOO,1
GEL LAVANTE MUSTELA DERMO REF 400ML,1
GEL LIMP ANTIACNE GARNIER 150G,1
GEL LIMP GARNIER U&M VIT C 150,1
"GEL LIMP11,5%TENS+10%GLGL-02 350ML PRINC",1
GEL LIMP13%TENS+2%AC SAL GL-01 350MLPRIN,1
GEL LUBRIFICANTE JONTEX NEUTRO BISNAGA 1X50GR,1
GEL LUBRIFICANTE PRUDENCE CHICLETE BISNAGA 1X100GR,1
GEL LUBRIFICANTE PRUDENCE GEL NEUTRO 1X100GR,1
GEL LUBRIFICANTE PRUDENCE HORTELA BISNAGA 1X100GR,1
GEL LUBRIFICANTE PRUDENCE MORANGO BISNAGA 1X100GR,1
GEL LUBRIFICANTE PRUDENCE MORANGO FIRE 1X60GR,1
GEL LUBRIFICANTE SKYN LONGA DURACAO 1X100GR,1
GEL LUBRIFICANTE SKYN LONGA DURACAO 1X50GR,1
GEL MASSAG ALIVIO RARO COM ARNICA 200ML,1
GEL MASSAGEADOR BLECAUTE 200G,1
GEL MASSAGEADOR CART. TUBARAO BISNAGA,1
GEL NEUTROG BOOST AQUA 50G,1
GEL PEEL OFF DERMACHEM ARGILA NEGRA 60G,1
GEL RENOFORCE MASSAGEADOR 200G,1
GEL RENOFORCE MASTRUZ C/ ARNICA 200G,1
GEL SALON LINE SOS CACHOS REVITALIZADOR AZEITE DE OLIVA 1X55,1
GEL SALON LINE TODECACHO DEFINICAO BABOSA 1X300GR,1
GEL SALON LINE TODECACHO DEFINICAO DAY AFTER 1X300GR,1
GEL SECATIVO ISACARE 60 G,1
GEL T. MONICA GLITTER 180 GR,1
GEL TINT FEELS MOOD C/36 HB-565,1
GEL TINT MELU C/24 HB-8232,1
GEL TINT MELU KINDELY CLEAN CORAL 03,1
GEL TINT MELU KINDELY ROSE 02,1
GEL TINT MELU SOFT VELVET 01,1
GELAT CAPICILIN COLAGENO + BABOSA 300ML,1
GELAT MURIEL S HAIR BIG POWER 250G,1
GELAT MURIEL UMID ATIV MELANC KIDS 250G,1
GELAT S LINE TO CACHO CHOCOLAT KIDS 550G,1
GELAT S LINE TO CACHO ESTILIZACAO 550G,1
GELAT S LINE TO CACHO EXTRA FORTE 280G,1
GELAT S LINE TO CACHO FORTE 280G,1
GELAT S LINE TO CACHO MORANG KIDS 550G,1
GELAT SL 550G #TDC KIDS MARACUJA,1
GELAT SL 550G #TDC KIDS MELAO,1
GELAT.S.LINE TRANS.CAPIL.550G,1
GELATINA CACHOS 320G TERRANATIVA COSMET,1
GELATINA CAPILAR DABELLE CACHOS DA ONDA 1X 270ML,1
GELATINA CAPILAR MURIEL CACHOS SUPER FIXACAO 1X250GR,1
GELATINA CAPILAR MURIEL CACHOS SUPER VOLUME 1X250GR,1
GELATINA CAPILAR MURIEL SUPER CACHOS 1X250GR,1
GELATINA CAPILAR SALON LINE BABOSA GEL FIXACAO 1X550GR,1
GELATINA CAPILAR SALON LINE TO DE CACHO GEL FIXACAO 1X550GR,1
GELATINA CRESPO PODEROSO 300 ML - CHIKAS,1
GELATINA HASKELL ARTFIX P CACHOS 150 GR,1
GELATINA INFANTIL SALON LINE MEU LISINHO GLITTER 1X300GR,1
GELATINA INFANTIL SALON LINE SOS CACHOS HIDRATAC KIDS 1X400g,1
GELATINA INFANTIL SALON LINE TO DE CACHINHO KIDS SLIME 1X550,1
GELATINA KIDS TO DE CACHOS ANTIFRIZZ VEGANA VÁRIAS FRAGRÂNCIA 550G,1
GELATINA KOLENE ROSA 1X500GR,1
GELATINA NOVEX CACHOS DE CINEMA 1X500GR,1
GELATINA SALON LINE #TDC ALTA DEFINIÇÃO 320G/SAL,1
GELATINA SALON LINE #TDC LINHACA 550G/SAL,1
GELATINA SALON LINE #TDC RICINO 550G/SAL,1
GELATINA SALON LINE SOS CACHOS MANTEIGA DE KARITE 1X400GR,1
GELATINA SALON LINE SOS CACHOS OLEO DE COCO 1X400GR,1
GELATINA SALON LINE SOS CACHOS SUPER OLEOS 1X400GR,1
GELATINA SALON LINE TODECACHO ANTIFRIZZ KIDS MELAO 1X550G,1
GELATINA SALON LINE TODECACHO ATIVADORA KIDS MELANCIA 1X550G,1
GELATINA SALON LINE TODECACHO BRILHO GLOSS 1X310GR,1
GELATINA SALON LINE TODECACHO FORTALECEDORA 1X550GR,1
GELATINA SALON LINE TODECACHO FRIZZ CONTROL 1X310GR,1
GELATINA SALON LINE TODECACHO HIDRATANTE CREMOSA 1X550GR,1
GELATINA SALON LINE TODECACHO HIDRATANTE KIDS MARACUJA 1X550,1
GELATINA SALON LINE TODECACHO MODELADORA KIDS UVA 1X550GR,1
GELATINA SALON LINE TODECACHO NUTRITIVA 1X550GR,1
GELEIA SALON LINE SUPER FIXAÇÃO 300G/SAL,1
GELMAX C/24 COMP EMS-OUTROS,1
GELOBIO SOL PROP CT TB AL X 150ML,1
GEN AMOXICILINA+CLAV 875+125MG C/14 COMP RANBAXY,1
GEN BISOPROLOL 10MG C/30 COMP PHARLAB,1
GEN BROMEXINA AD 8MG/5ML 120ML,1
GEN BROMEXINA INF 4MG/5ML 120ML,1
GEN BROMOPRIDA 4MG SOL ORAL FR GTS 20ML,1
GEN BUPROPIONA 150MG C/60 COMP UNIAO QUIMICA,1
GEN CEFALEXINA 1G C/8 DRAG,1
GEN CEFALEXINA 250MG/5ML PO SUS OR 100ML,1
GEN CEFALEXINA 500MG C/10 COMP,1
GEN DEXCLORFENIRAMINA 2MG CX 20 COMP EMS,1
GEN DIPIRONA SODICA GTS 20ML,1
GEN DONEPEZILA 5MG C/30 COMP UNICHEM,1
GEN ENALAPRIL 5MG CX 30 COMP ALTEFAR,1
GEN FLUCONAZOL 150MG CX 1 CAP,1
GEN GLICLAZIDA 30MG CX 30 COMP LIB PROL,1
GEN IBUPROFENO 100MG SUS FR GTS 20ML,1
GEN NEBIVOLOL 5MG 30 COMPRIMIDOS PHARLAB,1
GEN NIMESULIDA 100MG CX 12 COMP,1
GEN NIMESULIDA 50MG/ML FR GTS 15ML,1
GEN PANTOPRAZOL 20MG CX 14 COMP BIOSINTETICA,1
GEN PANTOPRAZOL 40MG C/8 CPR,1
GEN SUCC METOPROLOL 25MG CX 30 COMP,1
GEN TRAMADOL 100MG 10CPR EMS,1
GEN. ACEBROFILINA 120ML ADULTO NQ,1
GEN. ALOPURINOL 100MG C/60 CPR SANDOZ,1
GEN. AMIODARONA 100MG C30 RANBAXY,1
GEN. ANLODIPINO 5MG C30 NOVARTIS,1
GEN. ARIPIPRAZOL 10MG C30 NOVARTIS,1
GEN. CARBOCISTEINA AD 100ML GEOLAB,1
GEN. CARBOCISTEINA INF 100ML GEOLAB,1
GEN. CIPROFLOXACINO 500MG C14 PHARLAB,1
GEN. CLOTRIMAZOL CR 10MGG 20G VITAMEDIC,1
GEN. DONEPEZILA 5MG C30 C1 NOVARTIS,1
GEN. GLICLAZIDA 60MG C60 PHARLAB,1
GEN. IVERMECTINA 6MG C04 NQ,1
GEN. OXCARBAZEPINA 600MG C/30 RANBAXY,1
GEN. PARACETAMOL 750MG C20 BELFAR,1
GEN. SERTRALINA 50MG C/30 RANBAXY,1
GEN. SILDENAFILA 50MG C2 SANDOZ,1
GEN. TRIMEBUTINA 200MG C60 LEGRAND,1
GENFIBROZILA 900MG C/15 COMP MEDLEY,1
GENFIBROZILA600MG C/30 COMP MEDLEY,1
GENGI BABY GEL 10G-DEMAIS PROD,1
GENGIMIN 160MG C/15 COMP REV,1
GENOVA CABELOS E UNHAS C 60 COMP,1
GENOVA PELE C 30 COMP,1
GENTLE CLEANSER BEYANG GEL DE LIMPEZA,1
GERIFORTE C/60 CAPS,1
GERILON 30CPS,1
GERILON X 60 CAP MOLE,1
GEROFOR C/60CAPS/ECO,1
GEROVITAL 30 CPS (VIT+MINERAIS),1
GEROVITAL 60CPS,1
GEROVITAL OMEGA 3 30CAPS GEL,1
GESICO 50 MG C/10 CAPS,1
GESICO RETARD 100 MG C/ 10 COMP,1
GESTACAPS C/30,1
GESTAMAX GOLD C/30 CAPS GEL,1
GESTAMAX PLUS 60 CAPS A HYPER,1
GESTAMAX PLUS C 30 CAPS GEL,1
GESTINOL 28 28CPR,1
GESTINOL 3X28 COMP,1
"GESTRELAN 015+0,03MG C/63 COMP BIOLAB",1
GILLETTE VENUS SUAVE COM 4,1
GINESSE C 63 COMP,1
GINKGO BILOBA 480MG C/60CPS,1
GINKGO BILOBA 60 CPAS,1
GINKGO BILOBA 80MG 30CPR CATARINENSE,1
GINKGO VITAL 120MG 30CPR,1
GINKOBA 80MG C/30 COMP,1
GINNA 40G + 7 APLIC 5G CADA,1
GINO CANESTEN 1% 35G+6APLIC,1
GINO CANESTEN 20MG/G 3 APL KITC/3-REFERENCIA,1
GINO CANESTEN 500MG CR VAG 1CPR+APLICADOR,1
GINO CANESTEN BALANCE 7 APL 5ML,1
GINO CANESTEN SAB CALM 100ML,1
GINO DERMAZINE CR VAG 30G C 6APL,1
GINO KOLLAGENASE 30 G C/ 6 APLICADORES,1
GINO MIZONOL 80GR VAG 14 APL - MICONAZOL,1
GINO-CANESTEN 1,1
GINOCOLON 30+20MG CREME BG 45G+7APLIC,1
GINSENG 60 CAPS,1
GINSENG 60CAPS,1
GINSENG 60CAPS LEDAL QUIMICA,1
GINSENG COREANO 1200MG C/60CPS,1
GIOVANNA BABY DESODORANTE ROLL-ON CEREJA (CHERRY) 1X1,1
GIOVANNA BABY DESODORANTE ROLL-ON ROSA (CLASSIC) 1X1,1
GIOVANNA BABY SH 200ML,1
GLALFITAL 2% + 05% SOL OFT 5ML,1
GLAMIGAN RC 01MG/ML C/3 ML,1
GLAMIGAN SOL OFT 3ML,1
GLAUB 2MG COL 5ML,1
GLAUB MD 1MG SOL 5ML,1
GLAUCOTRAT 05% COL 5ML,1
GLIBENCLAMIDA 5 MG 1 BL X 30 COMP,1
GLIBENCLAMIDA 5MG 30CP NEO QUIMICA,1
GLIBENCLAMIDA 5MG C/30 COMP CIMED,1
GLIBENCLAMIDA 5MG C30 MEDQUIMICA,1
GLIBENCLAMIDA 5MG CX 30 COMP,1
GLICEFOR 850MG C30 METFORMINA GEOLAB,1
GLICERILAX PED C/6 SUP,1
GLICERIN ADULTO 6UN,1
GLICERIN INFANTIL 6UN,1
GLICERINA LIQ 100ML FOLIATUM UNIPHAR,1
GLICLAZIDA 30MG 30CPR TORRENT,1
GLICLAZIDA 30MG 60 CPR LIB PROL,1
GLICLAZIDA 30MG 60CPR LIB TORRENT,1
GLICLAZIDA 30MG C 60 COMP RAN,1
GLICLAZIDA 30MG C/30 COMP RAN-GENERICO,1
GLICLAZIDA 30MG C/60 CP RANBAXY,1
GLICLAZIDA 60MG 60 EMS,1
GLICLAZIDA 60MG C/30 COMP EMS,1
GLICLAZIDA 60MG C/60 COMP RANBAXY,1
GLICLAZIDA 60MG C/60 CP RANBAXY,1
GLICLAZIDA 60MG C30 RANBAXY,1
GLICLAZIDA GEN 30MG 60CPR LIB PROL/PHARLAB,1
GLICLAZIDA GEN 60MG 30CPR LIB PROL/PHARLAB,1
GLICLAZIDA LIB PROL 30MG30CP EMS,1
GLICONIL 5MG 30 COMP,1
GLICOSAMINA 30X15GR SACHES NOVA QUIM,1
GLICOSE 25% 10ML,1
GLICOSE 50 5X10ML EQUIPLEX,1
GLICOSE 50% 10ML C/5 FLACONETES,1
GLIFAGE 850MG 30CPR,1
GLIFAGE XR 1G 30CPR,1
GLIFAGE XR 500MG 30CPR,1
GLIFAGE XR 750MG 30CPR,1
GLIFAGE XR 750MG C/30 COMP,1
GLIFAGE XR 850MG C/30 COMP,1
GLIFER GTS 30ML,1
GLIMEPIRIDA 1MG C/30 COMPRIMIDOS,1
GLIMEPIRIDA 2 MG COMP 1 BL X 30,1
GLIMEPIRIDA 2MG C/30 COMP EUR,1
GLIMEPIRIDA 4MG 30 CPS / GEN GLIMEPIRIDA / ( ND ),1
GLIMEPIRIDA 4MG 30CPR EUROFARMA,1
GLIMEPIRIDA 4MG C 30 COMP SANDOZ,1
GLIMEPIRIDA 4MG CX 2BL X 15 COMP,1
GLIVANCE 500/30MG C/60 COMP-REFERENCIA,1
GLOBOFLU 30MG 10CPR - FOST. DE OSELTAMIVIR,1
GLOBOFLU 45MG 10CPR - FOST. DE OSELTAMIVIR,1
GLOBOFLU 75MG 10CPR - FOST. DE OSELTAMIVIR,1
GLOSS LABIAL MELU BANOFFEE,1
GLOSS LABIAL MELU BOLO DE NOZES,1
GLOSS LABIAL MELU C/,1
GLOSS LABIAL MELU CHURROS,1
GLOSS LABIAL MELU MUFFIN,1
GLOSS LABIAL MELU PPSYS COM CASSIS,1
GLOSS LABIAL MELU SONHO,1
GLOSS LAQUEADO GLASS HB-577 BG02,1
GLOSS LAQUEADO GLASS HB-577 BG03,1
GLOSS LAQUEADO GLASS HB-577 BG05,1
GLOSS MAGIC LIP LUISANCE L 3123,1
GLOSS MAGIC OIL BELLE ANGEL 1x1,1
GLOSS MAGICO COLORIDO,1
GLOSS MAGICO DA VO CORES,1
GLUCERNA CHOCOLATE 200ML,1
GLUCERNA PO BAUNILHA 850 GR,1
GLUCOSAMINA + CONDROITINA C/60 SOFTGELS,1
GLUCOSAMINA+CONDROITINA 90 CAPS EXPLEND,1
GLUCOZINC SABOR LARANJA S/ACUCAR 120ML,1
GLUTAMINA 350G DARKNESS,1
GLUTAMINA L-G MAX TITANIUM 300G,1
GLUTAMINE ISO 300G,1
GLUTAMINE TURBO 300G BLACK SKULL EM PO,1
GLYA 75MG C/30 CAPS,1
GLYA 75MG C/60 CAPS,1
GLYCARE CONTROL ESP LIMP FR150ML,1
GLYCARE CONTROL GEL DE LIMP 150G,1
GLYCARE CONTROL GEL DE LIMP 300G,1
GLYCARE INTENSE GEL DE LIMP 300G,1
GLYCARE LOCAO 120ML,1
GLYCARE NIGHT SERUM 30ML,1
GLYCARE SABONETE LIQ 150ML,1
GLYCARE SABONETE LIQUIDO 300 ML,1
GLYCELAX INF C/6 SUP,1
GLYCOLIC HA SERUM 30ML,1
GLYQUIN XM CREME 28GR,1
GLYXAMBI 25+5MG C/30 COMP REV-REFERENCIA,1
GOICOECHEA ARNICA E CAMOMILA 400G-DEMAIS PROD,1
GOICOECHEA DIABETTX CR 400G,1
GOMA HASKELL TEXTURIZADO SE CURVE 500 GR,1
GOODSEPT SPRAY 30ML C/ROMA E MELALEUCA,1
GOTAS PRECIOSAS 30ML,1
GRACIAL 22CPR,1
GRACIN CONTROLGX REDUTOR DE GRISALHO 147ML,1
GRAMPEADOR DE METAL CIS PLUS LINE MEDIO$,1
GRAMPEADOR PLASTICO CIS 613 PEQUENO$,1
GRAMPO DARMA INVISIVEL COBREADO 100X1,1
GRAMPO P/ CAB CLAROS 5CM C/ 50 MK7221,1
GRAMPO P/ CAB CLAROS 7CM C/20 MK7245,1
GRAMPO P/ CAB ESCUROS 5CM C/ 50 MK7214,1
GRAMPO P/ CAB ESCUROS 7CM C/ 20 MK7238,1
GRANADO BEBE SB 90G GLICER ERVA DOCE,1
GRAV TEST EASY NECKERMAN,1
GRECIN 5 BARBA E BIGO CAST CLARO,1
GRECIN 5 BARBA E BIGO CAST ESC,1
GRECIN 5 BARBA E BIGO CASTANHO,1
GRECIN 5 CASTANHO 1X1,1
GRECIN 5 CASTANHO CLARO 1X1,1
GRECIN 5 CASTANHO ESCURO,1
GRECIN 5 CASTANHO MEDIO ESCURO,1
GRECIN 5 PRETO 60ML,1
GRECIN 5 PRETO BARBA E BIGODE 1X1,1
GRECIN 5 TONS DE GRISALHO 1X1,1
GRECIN CONTROL GX SHAMPOO REDUTOR DE GRISALHO 1X118ML,1
GRELHA ACO INOX QD 15X15CM S/ CAIXILHO 3356,1
GRELHA INOX QUADRADA ABRE E FECHA - 15X15CM,1
GRELHA QUADRADA 100MM C FECHO ESTOJO,1
GRILL E SANDUICHEIRA 750W 220V,1
GRILL MULTIFUNCIONAL 220V,1
GRILL MULTIFUNCIONAL 220V$,1
GRIPALCE 10 CAPSULAS,1
GRIPALCE C/20CPS,1
GRIPALCE CX 20 CAPS,1
GRIPALCE UNO BEBE 100MG/ML 15ML (PARACETAMOL),1
GRIPEOL 100ML,1
GRIPEOL 20CPS,1
GRIPINEW 6CPR MEDQUIMICA,1
GRIPINEW COMP REV C/20,1
GROW CALCIO 150ML,1
GROW CALCIO C/150ML,1
GROW D 10ML,1
GROW D X 10ML,1
GROW IMUNE X 100 ML SOL,1
GROW VIT SUPLEMENTO ALIMENTAR ABC XAROPE SEM AÇÚCAR 240 ML,1
GROW ZINCO X 100ML SOL,1
GTE KIT INF.PMOD. NEBCOM IVNEBEDSK IV,1
GUACOFLUS 01ML/ML 150ML(MIKANIA GLOMERATA S),1
GUAIFENESINA 200MG/15ML SOL 120ML NEO QUIMICA,1
GUARA ACAO PO 50G,1
GUARANA 60 CAPSULAS - FLORA NECTAR,1
GUARANA CHP ANTARCTICA DIET LATA 350ML SH C/1NPAL,1
GUARANA EM PO 50G ZINZIN,1
GUARANÁ ANTARTICA C/ AÇÚCAR 350ML,1
GUARANÁ ANTARTICA SEM AÇÚCAR 350ML,1
GUARD 5 ESTRELA 10X21 INTERFOLHADO 200UN FD/0010/PT,1
GUMMMY HAIR VITA TUTTI FRUTTI C/60 GOMAS,1
GUMMMY HAIR VITAMIN MORANGO C/60 GOMAS,1
GUMMY HAIR CABELO-PELE-UNHAS 30 GOMAS SABOR MORANDO,1
"GUMMY HAIR VITAMIN MORANGO DO AMOR CABELOS, UNHAS E PELE 60UN",1
"GUMMY HAIR VITAMIN TUTTI-FRUTTI CABELOS, UNHAS E PELE 60UN",1
GUMMY NIGHT MELATONINA FRAMBOESA 30UN,1
GYNO IRUXOL 30G C/ 6 APLICADORES,1
GYNOPAC CR 35G+7APLIC 4CPR,1
GYNOTRAN 750+200MG C/7 OVL+14 DEDEIRAS,1
GYNPRO 100MG C 30 CAPS GEL,1
GYNPRO 200MG C 15 CAPS GEL,1
"Grow Zinco 2Mg/0,5Ml 100Ml",1
H.BACTER 30MG CPS GEL +500MG CPR + 500MG CPS,1
H2OH LIMAO C/GAS PET 500ML 1UND,1
H2OH LIMONETO COM GÁS 500ML (BRANCO),1
H2OH LIMONETO PET 500ML 1 UND,1
H2OH LIMÃO COM GÁS 500ML,1
HAIR SPRAY AMEND VALORIZE ULTRA FORTE,1
HAIR SPRAY CARE LISS BLACK EXTRA FORTE 1X400ML,1
HAIR SPRAY CHARMING EXTRA FORTE 400ML,1
HAIR SPRAY EMY FORTE 1X400ML,1
HAIR SPRAY EUDORA SIAGE COMBATE O FRIZZ 1X50ML,1
HAIR SPRAY EUDORA SIAGE REVITAL REVELA OS CACHOS 1X100ML,1
HAIR SPRAY KARINA 250ML FIX EXT FORTE UN/0001,1
HAIR SPRAY KARINA BIG FIXACAO NORMAL 1X400ML,1
HAIR SPRAY KARINA FIX NOR LV400 P250ML,1
HALDOL 1MG C/ 20 CPR,1
HALDOL 2MG/ML 30ML,1
HALDOL 5MG C/ 20CPR,1
HALOBEX 30G,1
HASTE C/ ENCAIXE TIPO SDS PLUS COM PINO GUIA - 200 MM,1
HASTE FLEX TOPZ 1 C/75UN,1
HASTE FLEXIVEL CLIN OFF 150 POTE 1X150UN,1
HASTE FLEXIVEL COTONETE JOHNSONS 1X300UN,1
HASTE FLEXIVEL PIQUITUCHO 1X138UN,1
HASTE FLEXIVEL PIQUITUCHO 1X68UN,1
HASTE FLEXIVEL TOPZ 150UN PT/0004,1
HASTE FLEXIVEL TOPZ 1X300UN,1
HASTE FLEXIVEL TOPZ BABY POTE PATRULHA CANINA 1X150UN,1
HASTES FLEX TOPZ PATR CANI 75 UN,1
HASTES FLEXIVEIS BELLA BABY 1X150UN,1
HASTES FLEXIVEIS BELLA BABY 1X50UN,1
HASTES FLEXIVEIS BELLA BABY 1X75UN,1
HASTES FLEXIVEIS LOVECARE 1X75,1
HASTES FLEXIVEIS MILI 36X75,1
HD MONANGE 200ML FLOR DE LAVANDA,1
HD PAIXAO BISNAGA 200ML,1
HEDERA 7 MG/ML SOL OR FR 100 ML SBR CEREREJA,1
HEDERA EXPEC XAR 100ML,1
HEDERA FLUX XPE 100ML - HEDERA HELIX,1
HEDERA FLUX XPE 200ML,1
HEDERA HELIX XPE 100ML VITAMEDIC,1
HEDRA EXPEC 100 ML,1
HEIMER 10MG C 30 COMP,1
HEIMER 10MG C/ 60 CPR,1
HELIOCAR FPS 50 NUDE LIGHT,1
HELIOCAR GEL COR F50 50G NUD BRO,1
HELIODERM FACIAL FPS30 TOQUE SECO 50GR,1
HELIODERM FACIAL FPS50 50G,1
HELIODERM FACIAL FPS50 COM COR 50GR,1
HELIODERM FACIAL FPS70 50G,1
HELIODERM FACIAL FPS70 50G BEGE CLARO,1
HELIODERM FACIAL FPS70 50G BEGE ESCURO,1
HELIODERM FPS 70 50G BEGE MEDIO OIL FREE,1
HELIODERM FPS70 50GR COR 5.0,1
HELIODERM KIT FACIAL FPS50 50G + SABONETE LIQUIDO 50ML,1
HELIODERM KIT FAMILIA FPS70 CORPO 200ML 120ML,1
HELIODERM KIT FPS30 120GR + FACIAL FPS50,1
HELIODERM KIT FPS50 200ML + FACIAL FPS50,1
HELIODERM KIT FPS50 200ML+KIDS FPS50 120ML,1
HELIODERM KIT PROT.FPS50 200ML +FACIAL FPS50 50ML,1
HELIODERM PROT LABIAL 30FPS 12X1,1
HELIODERM SUNCARE FPS30 120ML - HERTZ,1
HELIODERM SUNCARE FPS50 SPRAY - HERTZ,1
HELIOMAX FPS50 BISN 50G FLUIDO,1
HELIOMAX FPS70 BISN 50G CLARO,1
HELIOMAX FPS70 BISN 50G ESCURO,1
HELIOMAX FPS70 BISN 50G MEDIO,1
HELIOMAX FPS70 BISN 50G TOQ SECO,1
HELIORAL 60 CAPSULAS-OUTROS,1
HELLEVA 80MG CPR 1X10,1
HELMIZOL 250 MG C/ 20 CPR TEUTO,1
HELMIZOL 400MG C/ 24 CPR (METRONIDAZOL),1
HEM BISOPROLOL 10MG C 30 CP RANBAXY,1
HEM BISOPROLOL 5MG C 30 CP RANBAXY,1
HEM ZOLPIDEM 10MG 30CP EUROFARMA,1
HEM ZOLPIDEM 5MG 30CPR B1C1 GMD,1
HEMAX ERITRON 4000UI FR C/1 AMP,1
HEMIFUMARATO DE QUETIAPINA 100 MG C/ 30 CPR GEN EUROFARM,1
HEMIFUMARATO DE QUETIAPINA 100 MG C/ 30 CPR GEN GEOLAB,1
HEMIFUMARATO DE QUETIAPINA 100MG C/ 30 CPR GEN TEUTO,1
HEMIFUMARATO DE QUETIAPINA 100MG C/ 30CPR GEN GERMED,1
HEMIFUMARATO DE QUETIAPINA 200MG C/ 30 CPR GEN EUROFARMA,1
HEMIFUMARATO DE QUETIAPINA 200MG C/30 CPR GEN TEUTO,1
HEMIFUMARATO DE QUETIAPINA 25 MG C/ 30 CPR GEN TEUTO,1
HEMIFUMARATO DE QUETIAPINA 25MG C/ 30 CPR GEN GERMED,1
HEMIFUMARATO DE QUETIAPINA 25MG C/ 30 CPR GEN NOVA QUIMICA,1
HEMIFUMARATO DE QUETIAPINA 25MG C/30 CPR GEN GEOLAB,1
HEMIFUMARATO DE QUETIAPINA 50MG C/ 30 CPR GEN EUROFARMA,1
HEMIFURAMATO DE QUIETIAPINA 25MG C/ 30 CPR,1
HEMIT ZOLPIDEM 5MGX30 COM SUBL UNIAO QUIMICA,1
HEMITARTARATO DE ZOLPIDEM 10 MG C/30 CPR GEN BIOLAB,1
HEMITARTARATO DE ZOLPIDEM 10MG 30CPR GERMED,1
HEMITARTARATO DE ZOLPIDEM 10MG C/ 20 CPR GEN NEO QUIMICA,1
HEMITARTARATO DE ZOLPIDEM 10MG C/30 CPR GEN TEUTO,1
HEMITARTARATO DE ZOLPIDEM 10MG C/30CPR GEN SANDOZ,1
HEMITARTARATO DE ZOLPIDEM 5 MG C/ 30 CPR GEN EUROFARMA,1
HEMITARTARATO ZOLPIDEM 10 MG C/ 30 CPR GEN EMS,1
HEMOCORTE POM 25G,1
HEMODASE POM 25GR C/06 APLIC VITAMEDIC,1
HEMOFISS POM 30 G BG X 10 APLIC,1
HEMOLIP C 30 CAPS,1
HEMOVIRTUS PRO POMADA 30G 10 APLICADORES,1
HENNA SOBRANCELHAS NIRAJ PO CASTANHO ESCURO 1X1,1
HEPAFIG BOLDO 10 ML,1
HEPAMED 10 ML,1
HEPAMED SOL OR 48 FLAC X 10ML SBR ABAC - LOTE: 1602472 PMC:,1
HEPARINOX 40MG INJ C/10,1
HEPATILON 150ML,1
HEPATOVIT 60FLACX10ML BOLDO (COLINA+ASS),1
HERPESIL 200MG C 25 COMP,1
HERPSTAL 500MG C 10 COMP REV,1
HETORI 90MG C/ 14 COMP,1
HETORI 90MG C/14 COMP,1
HETORI TM 90MG C/ 7 CPR,1
HEXOMEDINE COLUTORIO SPRAY 50ML,1
HEZO 2MG C/ 20 CPR,1
HEZO 3MG C/ 20 CRP,1
HID CORPORAL PELE SECA ABELHA RAINHA 400ML,1
HID CORPORAL ROSA MOSQUETA 400ML ABELHA RAINHA,1
HID CORRETOR POSTURAL G,1
HID CORRETOR POSTURAL M,1
HID FAC GARNIER SALIC 85G,1
HID FAC LABOTRAT VITAMINA C15 30ML,1
HID JOELHEIRA CORIF. E REFORC PATELAR G,1
HID JOELHEIRA CORIF.REFORC PATE CURTA P,1
HID JOELHEIRA ELASTICA LISA CURTA M,1
HID JOELHEIRA LISA G,1
HID JOELHEIRA LISA M,1
HID LABOTRAT CEREJA DIA DIA 190ML,1
HID LABOTRAT LIMA PERSIA DIA DIA 190ML,1
HID LABOTRAT MARACUJA DIA DIA 190ML,1
HID LABOTRAT MELANCIA DIA DIA 190ML,1
HID LABOTRAT MORANGO DIA DIA 190ML,1
HID LABOTRAT PARAF VAI BRILHA 90G,1
HID LABOTRAT PESSEGO DIA DIA 190ML,1
HID LABOTRAT PITAYA DIA DIA 190ML,1
HID LIQ FARMAX GLICERINA ALOE VERA 100ML,1
HID LOC. HIDRAT AMEIXA NEGRA 200ML,1
HID LOC. HIDRAT CEREJA E AVELA 200ML,1
HID LOC. HIDRAT CEREJA E AVELA 500ML,1
HID LOC. HIDRAT COCO E ARGILA VERD 500ML,1
HID LOC. HIDRAT COLAGENO 200ML,1
HID LOC. HIDRAT PERFUME DE BEBE 200ML,1
HID LUVA DE NEOPRENE PRETA M,1
HID LUVA DE NEOPRENE PRETA P,1
HID MIX GLOW GIRL - MELACIA / 280ml,1
HID MIX GLOW GIRL - MORANGO / 280ml,1
HID MIX GLOW GIRL - TUTI FRUTI / 280ml,1
HID MURIEL BABY CAMOMILA 100ML,1
HID MURIEL BABY LAVANDA 100ML,1
HID NIVEA MILK SOFT PELE SECA 400ML,1
HID ORTESE TALA PPUNHO BILATERAL UNICO,1
HID SUPORTE P OMBRO G BILATERAL,1
HID TIPOIA BRIM SIMPLES P,1
HID TIPOIA ESTOFADA IMOB VELPEAU PRETO G,1
HID TIPOIA ESTOFADA IMOB VELPEAU PRETO M,1
HID TIPOIA ESTOFADA IMOB VELPEAU PRETO P,1
HID TORNOZE. AJSTAVEL TM UNICO,1
HID TORNOZELEIRA G,1
HIDANTAL 100 MG C/ 25 CPR,1
HIDR LABIAL CARMED BEIJINHO,1
HIDR LABIAL CARMED BFF,1
HIDR.NIVEA MILK EXTRA SECA 400ML,1
HIDRA KIDS D.A. LC INF 200G,1
HIDRABENE BASE STICK ESCURA FPS 50 - 12 G,1
HIDRABENE BASE STICK MEDIA FPS 50 - 12 G,1
HIDRABENE BB CREAM CAPILAR - 100 ML,1
HIDRABENE CC CREAM FACIAL FPS 50 - 40 G,1
HIDRABENE CC CREAM FACIAL FPS 75 - 40 G,1
HIDRABENE CLEANSING MILK - 160 ML,1
HIDRABENE CLEANSING OIL - 110 ML,1
HIDRABENE COLORACAO CREME - 1.0 - PRETO,1
HIDRABENE COLORACAO CREME - CASTANHO CLARO - 5.0,1
HIDRABENE COLORACAO CREME - CASTANHO CLARO DOURADO - 5.3 IT,1
HIDRABENE COLORACAO CREME - CASTANHO ESCURO - 3.0 ITEM BONI,1
HIDRABENE COLORACAO CREME - CASTANHO MEDIO - 4.0,1
HIDRABENE COLORACAO CREME - CHOCOLATE - 6.7 ITEM BONIFICADO,1
HIDRABENE COLORACAO CREME - LOURO CLARISSIMO - 10.0,1
HIDRABENE COLORACAO CREME - LOURO CLARO - 8.0,1
HIDRABENE COLORACAO CREME - LOURO CLARO CINZA - 8.1,1
HIDRABENE COLORACAO CREME - LOURO ESCURO - 6.0,1
HIDRABENE COLORACAO CREME - LOURO MEDIO - 7.0,1
HIDRABENE COLORACAO CREME - LOURO MEDIO CINZA - 7.1,1
HIDRABENE COLORACAO CREME - LOURO MUITO CLARO - 9.0,1
HIDRABENE COLORACAO CREME - MARSALA - 66.26,1
HIDRABENE COLORACAO CREME - VERMELHO CEREJA - 66.46,1
HIDRABENE CONDICIONADOR REPARADOR - 180 ML,1
HIDRABENE CREME CLAREADOR CORPORAL - 70 G,1
HIDRABENE CREME ESFOLIANTE CORPORAL - 180 G,1
HIDRABENE CREME FACIAL TRIPLA ESFOLIACAO - 60 G,1
HIDRABENE DRY SHAMPOO - 150 ML/90 G,1
HIDRABENE ESMALTE - ENNA - 8ML,1
HIDRABENE ESMALTE - SALINA - 8ML,1
HIDRABENE ESPUMA DE LIMPEZA FACIAL - GLUCONOLACTONA 100 ML,1
HIDRABENE GEL DE LIMPEZA PROFUNDA FACIAL - 120 G,1
HIDRABENE GEL ESFOLIANTE FACIAL - 100 G,1
HIDRABENE GEL SECATIVO - 15 G,1
HIDRABENE GEL-CR. HID. CORPORAL ANTI-AGING - 200 G,1
HIDRABENE GEL-CR. REDUTOR MED. E CELULITE - 200 G,1
HIDRABENE HYALURONIC SLEEPING MASK - 70 G,1
HIDRABENE LEAVE-IN CAPILAR - 100 ML,1
HIDRABENE LIP TINT - CEREJA - 6 ML,1
HIDRABENE LIP TINT - FRUTAS VERMELHAS - 6 ML ITEM BONIFICAD,1
HIDRABENE LIPSTICK - CEREJA-5G,1
HIDRABENE LIPSTICK - MORANGO COM CHOC. BRANCO-5G,1
HIDRABENE LIPSTICK -FRUTAS VERMELHAS-5G,1
HIDRABENE MASCARA DE ARGILA REVITALIZANTE - 100G ITEM BONIFI,1
HIDRABENE MASCARA DE ARGILA VERDE - 50 G,1
HIDRABENE MASCARA DE ARGILA VITAMINA C - 50 G,1
HIDRABENE MASCARA ROSA - 50 G,1
HIDRABENE PROT. SOLAR FC OIL CONTROL FPS 60 - 50G,1
HIDRABENE PROTETOR SOLAR FACIAL FPS 50 - CLARO - PO - 10 G,1
HIDRABENE PROTETOR SOLAR FACIAL FPS 50 - MEDIO - PO - 10 G,1
HIDRABENE PROTETOR SOLAR FACIAL FPS 60 - INVISIVEL - 50 G,1
HIDRABENE PROTETOR SOLAR FACIAL FPS 99 - 40 G,1
HIDRABENE RESVERATROL - 30 G,1
HIDRABENE RETINOL - 30 G,1
HIDRABENE SABONETE LIQUIDO - AGUA DE COCO - 250 ML,1
HIDRABENE SABONETE LIQUIDO - AGUA DE COCO - 500 ML,1
HIDRABENE SABONETE LIQUIDO - FRUTAS VERMELHAS - 250 ML,1
HIDRABENE SABONETE LIQUIDO - FRUTAS VERMELHAS - 500 ML,1
HIDRABENE SABONETE LIQUIDO - JARDIM FLORIDO - 250 ML,1
HIDRABENE SABONETE LIQUIDO - JARDIM FLORIDO - 500 ML,1
HIDRABENE SABONETE LIQUIDO - LAVANDA - 250 ML,1
HIDRABENE SABONETE LIQUIDO - LAVANDA - 500 ML,1
HIDRABENE SABONETE LIQUIDO - MANGO - 250 ML,1
HIDRABENE SABONETE LIQUIDO - MANGO - 500 ML,1
HIDRABENE SABONETE LIQUIDO - VERBENA - 250 ML,1
HIDRABENE SABONETE LIQUIDO - VERBENA - 500 ML,1
HIDRABENE SABONETE LIQUIDO FACIAL - 120ML,1
HIDRABENE SABONETE LIQUIDO FACIAL CAMOMILA - 120 ML,1
HIDRABENE SABONETE LIQUIDO FACIAL GLUCONOLACTONA - 120ML,1
HIDRABENE SABONETE LIQUIDO INTIMO - 150 ML,1
HIDRABENE SERUM BLEND FIVE - 30 ML,1
HIDRABENE SERUM CONCENTRADO AREA DOS OLHOS - 15 G,1
HIDRABENE SERUM HYALURONIC C3 - 30 ML,1
HIDRABENE SERUM HYALURONIC FILLER - 30 ML,1
HIDRABENE SERUM INTENSE MATTE - 30 ML ITEM BONIFICADO,1
HIDRABENE SERUM LUMINOUS EYES - 30ML,1
HIDRABENE SERUM MULTICORRETIVO CLAREADOR - 30 ML,1
HIDRABENE SHAMPOO CRESCIMENTO - 200 ML,1
HIDRABENE TONICO ADSTRINGENTE FACIAL - 150 ML,1
HIDRABENE VIT C FACIAL FPS 50 - 40 G,1
HIDRADEEP INTENSIVE 200GR,1
HIDRADEEP INTENSIVE 400G,1
HIDRADERM SERUM ACIDO HIALURON 30ML,1
HIDRAFEMME GEL 24GR 8 APLICAD,1
HIDRALI AGUA COCO 500ML,1
HIDRALI SAIS AGUA DE COCO PO SOL 4ENV,1
HIDRALI SAIS NATURAL PO SOL 4ENV,1
HIDRALI SAIS TUT FRUTTI PO SOL 4ENV,1
HIDRALI SAIS UVA PO SOL 4ENV,1
HIDRALYTE 500ML (TUTTI-FRUTTI),1
HIDRALYTE AGUA DE COCO 500ML,1
HIDRAT. CORPORAL AVELÂ 200g (BIO EXTRATUS),1
HIDRAT. CORPORAL CAMELINA 200g (BIO EXTRATUS),1
HIDRAT. CORPORAL PITAIA 200g (BIO EXTRATUS),1
HIDRATANTE CORPORAL ACIDO HIALURONICO 200GR,1
HIDRATANTE CORPORAL ROSA MOSQUETA 200GR,1
HIDRATANTE GELEIA VASELINA VASEMAX 25GR,1
HIDRATANTE PAIXÃO 200 ML,1
HIDRAWAY 500ML SABOR AGUA DE COCO,1
HIDRAWAY 500ML SABOR LARANJA,1
HIDRAWAY 500ML SABOR UVA,1
HIDRAWAY CAIXA C/4 SACHES 28G SABOR AGUA DE COCO,1
HIDRAWAY CAIXA C/4 SACHES 28G SABOR NATURAL,1
HIDRAWAY CAIXA C/4 SACHES 28G SABOR UVA,1
HIDROCIN SPRAY 20ML,1
HIDROCLOROTIAZIDA 25MG 30 CPR CIMED,1
HIDROCLOROTIAZIDA 25MG 30 CPS,1
HIDROCLOROTIAZIDA 25MG 30CP NEO QUIMICA,1
HIDROCLOROTIAZIDA 25MG 30CPR MEDLEY,1
HIDROCLOROTIAZIDA 25MG 30CPR NEO QUIMICA,1
HIDROCLOROTIAZIDA 25MG C/30 COMP NEO QUIMICA,1
HIDROCLOROTIAZIDA 25MG CPR 1X30 SNF-GENERICO,1
HIDROCLOROTIAZIDA 25MG CX 30 COMP MEDQUIMICA - LEVE 4 PAGUE 3,1
HIDROCLOROTIAZIDA 50MG 20CP MEDLEY,1
HIDROCLOROTIAZIDA 50MG C/20 COMPRIMIDOS,1
HIDROCLOROTIAZIDA MEDQ GEN 25MG C/30 CPR,1
HIDROCLORTISONA CR 30G TEUTO,1
HIDROCORTISONA 10MG GENERICA POM 30G EMS,1
HIDROQUINONA 40MG CREME BG 30G,1
HIDROQUINONA 40MG GEL 30GR GEN GERMED,1
HIDROQUINONA 40MG GEL 30GR GEN LEGRAND,1
HIDROTEN NATURAL SACHE,1
HIDROTEN PO ORAL C/4 SACHES,1
HIDROXIDO DE ALUMINIO 240ML EMS,1
HIDROXIDO DE ALUMINIO AIRELA 150ML,1
HIDROXIZINA 25MG 30CPR GERMED,1
HIDROXIZINA 25MG 30CPR NOVA QUIMICA,1
HIDROXIZINA 25MG C/30 COMP EMS,1
HIDROXIZINA SOL 2MG 120ML GEO,1
HIDROXIZINA XPE 120ML GERMED,1
HIGICLER COL 10ML,1
HIGIENIZADOR NASAL 300ML C/2 BICOS,1
HIPODERME POM 45G,1
HIPOGLOS AMENDOAS 40G,1
HIPOGLOS AMENDOAS 80G,1
HIPOGLOS POM ORIGINAL 120G,1
HIPOGLOS POM ORIGINAL 40G,1
HIPOGLOS POMADA 45G,1
HIPOGLOS TRANSPARENTE 30G-DEMAIS PROD,1
HIPOGLOS TRANSPARENTE POM 30G,1
HIRUDOID 500 GEL 40G,1
HIRUDOID 500 GEL 90G,1
HIRUDOID INF 5MG G POMADA 40G,1
HISBILA 20MG C 15 COMP,1
HISBILA 20MG C 30 COMP,1
HISTADIN 12CPR,1
HISTADIN 1MG/ML XPE X 100ML,1
HISTADIN D 12CPR L5,1
HISTADIN D XPE 60ML L10,1
HISTADIN XPE 1MG C/100ML,1
HISTAMIN 2MG 20CPS,1
HISTAMIN LIQ 100ML,1
HISTAMIN XPE 100ML,1
HIXIZINE 25MG 30CPR,1
HIXIZINE 25mg cx 30 comp,1
HIXIZINE 2MGML 120ML,1
HIZOFITO 30CPS,1
HOLMES 20MG C 30 COMP REV,1
HOLMES H 40MG+25MG 30CPR,1
HOMEOPTIC,1
HOMINUS 2/5MG 30 CPS GEL (DOXAZOSINA+FIN,1
HOMINUS 2MG+5MG C 60 CAPS,1
HORMOSKIN CR 15G,1
HORMOSKIN CR 30GR,1
HORMUS 250MG ML C 1 AMP 4ML,1
HORUS POTE 300G FRUTAS VERMELHAS,1
HORUS POTE 300G SABOR BLUE ICE,1
HORUS POTE 300G SABOR LIMAO YUZU MAXTITANIUM,1
HPMIX 40MGL/ML SUS 125ML,1
HUMALOG KWIKPEN CAN 3ML C 1,1
HUMALOG KWIKPEN MIX50 1CAN 3ML,1
HYABAK SOL OFT 10ML,1
HYALU B5 OLHOS 15ML,1
HYALU B5 SERUM ANTI-IDADE 30ML-DEMAIS PROD,1
HYALU B5 SERUM ANTIRRUGAS 15ML,1
HYALUFEM 24G + 8 APLIC GEL-DEMAIS PROD,1
HYDRAPORIN AI FRASC 450G-DEMAIS PROD,1
HYLO GEL 10ML,1
HYSTIN 2MG 20 COMPRIMIDOS,1
HYSTIN 2MG 20CPR (DEXCLORFENIRAMINA),1
"HYSTIN SOL 0,4MG/ML 120ML",1
HYTOS PLUS XPE 100ML,1
I LOVE MONT´ANNE PARFUMS LUXE 100ML,1
IBAN 150 MG C 1 COMP REV,1
IBANDRONATO DE SODIO 150MG 1 CP G BIOLA,1
IBANDRONATO DE SODIO 150MG 1CPR (G) EUROFARMA,1
IBANDRONATO SODIO 150MG C/1 COMP GERMED,1
IBANUNO 150MG C/1 COMPRIMIDO,1
IBUFLEX 400MG 8 CPS,1
IBUFRAN 400MG 8CAPS GEL - IBUPROFENO,1
IBULIV 400MG 20CAPS GEL (IBUPROFENO) EMS,1
IBULIV 400MG 8 CAPS GELATINOSAS,1
IBUPRIL 100MG 20 ML GTS TEUTO,1
IBUPRIL 300MG 20CPR,1
IBUPRIL 400 MG 10 CAPSULAS GEL,1
IBUPRIL 400MG CAPS GEL C/08,1
IBUPRIL 400MG CX 10 CPS GEL,1
IBUPRIL 600 MG C/ 10 CAPS GEL MOLE,1
IBUPRIL 600MG 20CPR (IBUPROFENO),1
IBUPROFENO 100 MG/ML SUSP ORAL 20ML,1
IBUPROFENO 100MG GTS 20ML MEDLEY,1
IBUPROFENO 100MG/ML 20ML GEOLAB,1
IBUPROFENO 100MG/ML GOTAS 20ML NQ,1
IBUPROFENO 100MG/ML SUS OR FR GTS 20ML GEOLAB,1
IBUPROFENO 50MG 30 ML GTS GEOLAB,1
IBUPROFENO 600MG 20 CP VITAMEDIC,1
IBUPROFENO 600MG 30 CPS / GEN PRATI,1
IBUPROFENO 600MG C/10 CPS GEL ALTHAIA (G),1
IBUPROFENO 600MG CAPS GEL MOLE C/10,1
IBUPROFENO 600MG CX 20 COMP REV PRATI,1
IBUPROFENO GTS 100MG 20ML MEDQUIMICA,1
"IBUPROFENO,100MG/ML 20 ML (MEDLEY)",1
IBUVIX 100MG GTS 20ML GEOLAB,1
IBUVIX 300MG C/20COMP/GEO,1
IBUVIX 300MG C/30COMP/GEO,1
IBUVIX 600MG C/20COMP/GEO,1
IBUVIX 600MG C/30COMP/GEO,1
IBUVIX GTS 50MG/ML 30ML (IBUPROFENO),1
ICADEN 10MG/ML SPRAY 50ML,1
ICADEN CR 20G,1
IDEAL BASE FORTALECEDORA 9ML UN-0001-UN,1
IDEAL BODY LC SERUM 200G,1
IDEAL BODY PESC COLO MAO 100G,1
IDEAL SOLEI CLAR F60+NORM 40G,1
IDEAL SOLEI CLARIFY CLAR F60 40G,1
IDEAL SOLEI CLARIFY EXTRA CLARA FPS 60 40G,1
IDEAL SOLEI CLARIFY MEDI F60 40G-DEMAIS PROD,1
IDEAL SOLEI CLARIFY MORE F60 40G-DEMAIS PROD,1
IDEAL SOLEI MEDI F60+NORM 40G,1
IDEAL SOLEI PURIFY F70 CLARA 40G,1
IDEAL SOLEI PURIFY F70 MEDIA 40G,1
IDEAL SOLEI PURIFY FPS70 40G-OUTROS,1
IDEAL SOLEI PURIFY M F70+NOR 40G,1
IDEAL SOLEIL ANTIACNE FPS30 40G,1
IDEAL SOLEIL ANTIDAD COR F50 40G-DEMAIS PROD,1
IDEAL SOLEIL ANTIIDADE FPS50 40G,1
IDEAL SOLEIL EF BASE CLA F50 40G-DEMAIS PROD,1
IDEAL SOLEIL EF BASE MED F50 40G,1
IDEAL SOLEIL HYDRASOFT F70 200ML,1
IDEAL SOLEIL HYDRASOFT FP50 200ML,1
ILUDRAL 250MG C/30 COMP REV C1-SIMILAR,1
ILUDRAL 750MG C/30 COMP REV,1
IM BETA ALANINA 123G INTEGRALMEDICA,1
IM CREAMASS BAUNILHA POUCH 3KG,1
IM CREAMASS CHOCOLATE POUCH 3KG,1
IM CREAMASS MORANGO POUCH 3KG,1
IM CREATINA CARBO FUEL LARANJA 300G,1
IM CREATINA CARBO FUEL LIMAO 300G,1
IM CREATINA CARBO FUEL NEUTRO 300G,1
IM MY WHEY 250ML COCO,1
IM MY WHEY 250ML MORANGO,1
IM MY WHEY RTD BAUNILHA 250ML,1
IM MY WHEY RTD CHOCOLATE 250ML 6UN,1
IMECAP FACE DIA CR 35G,1
IMECAP HAIR CX 30 CAP,1
IMECAP HAIR GUMMY FR C/30,1
IMECAP HAIR MAX C/60 CAPS-DEMAIS PROD,1
IMECAP HAIR SILIC ORGAN C/60 CAP,1
IMECAP REDUTOR MEDIDAS CR 170G-DEMAIS PROD,1
IMECAP REJUVENESCEDOR C 30 CAPS,1
IMECAP REJUVENESCEDOR C/30 SACHES,1
IMEGOV 25X6CPR - SUPLEMENTO VITAMINICO,1
IMENSE 100MG C/30 CPR,1
IMENSE 100MG C/60 COMP REV,1
IMENSE 50MG C/30 CPR,1
IMENSE 50MG C/60 COMP REV,1
IMESCARD POM 25G,1
IMIPRA 25MG C/20 COMP REV,1
IMOLAC 120ML,1
IMOSEC 12CPR,1
IMPERE 10MG C/30 COMP,1
IMPERE 5MG C 30 COMP,1
IMPRESSORA ELGIN I9 FULL USB/SERIAL/ETHERNET,1
IMUFORT C/30 CPS A2F (S),1
IMUNIDADE 60 CÁPSULAS,1
IMUNIDADE SUPRA C/60 CAPSULAS,1
IMUNO 550MG C+D+Z 60CP THERAPI,1
IMUNOFLAN XPE 120ML-OUTROS,1
IMUNOGLUCAN DS C/30 CAPS,1
IMUNOGLUCAN DS C/60 CAPS-OUTROS,1
IMUNOGLUCAN DS ORAL 150ML,1
IMUNOGLUCAN DS SUPLEMENTO AUMENTA A DEFESA DO ORGANISMO 150ML,1
IMUNOGLUCAN PRO 150ML SN,1
IMURAN 50MG C/50 COMP,1
IMUSSUPREX 50MG 50 COMP,1
INALADOR COMPRESSOR G-TECH,1
INALADOR NEBULIZADOR GTECH COMPACT DC1/GTE,1
INALADOR NEBULIZADOR GTECH COMPACT DC2/GTE,1
INALADOR NEBULIZADOR PORTATIL MESH MULTI,1
INALADOR/COMPRESSOR C803 OMRON,1
INALAJET 64MCG 120DOSES,1
INALAJET LEGRAND 32MCG 120 DOSE,1
INALIDE 32MCG FR 120 DOSES,1
INALIDE 64MCG FR 120 DOSES,1
INC EXERCITADOR RESPIRATORIO EXR100,1
INDOCID 50MG 30CPS,1
INDOSSO 150 MG C 1 COMP REV,1
INDUX 50MG 10CPS,1
INELATTE 800 DKM C 30 COMP,1
INELATTE ZERO CAPPUCINO C 60 TAB,1
INFLALID COMP C/12,1
INFLALID GOTAS FR C/15ML,1
INFOC 75MG C/30 COMPRIMIDOS,1
INFRALAX CX 15 COMP,1
INFRALAX CX 30 COMP,1
INGLESA QUINA SOBRAL 430ML + B12 SOBRAL,1
INILOK 40MG C/30 COMP LIB. RETARD,1
INILOK 40MG C/60 COMP LIB. RETARD,1
INILOK 40MG C/90 COMP LIB. RETARD,1
INOAR BLENDS CREME PARA PENTEAR KG,1
INOVE CALCIO DKM ZERO AÇUCAR C/30,1
INPRUV D 2.000UI C/30 COMP MAST-DEMAIS PROD,1
INPRUV D 5.000UI C/30 COMP MAST-OUTROS,1
INPRUV D 50.000UI C 4 COMP REV,1
INPRUV D 50.000UI C/8 COMP REV-OUTROS,1
INPRUV D 7.000UI C 10 COMP MAST,1
INS FIASP FLEXTOUCH100U+3ML+1CAN,1
INSERIS XR 150MG C 10COMP REV,1
INSERIS XR 300MG 10CPR,1
INSERIS XR 300MG C/30COMP REV,1
INSIT 100MG C/30 CAPS,1
INSIT 150 MG C/30 CPS,1
INSIT 25MG C/15 CAPS,1
INSIT 25MG C/30 CAPS,1
INSIT 50MG C/30 CAPS,1
INSIT 75MG C/30 CAPS,1
INSIT 75MG C/60 COMPRIMIDOS,1
INSPRA 25MG 30CPR,1
INSUL FIASP 100U/ML SOL INJ 10ML,1
INSULINA HUMULIN N REFIL 2 CARP,1
INSULINA HUMULIN R 3ML 2 CARP,1
INSULINA HUMULIN REG U-100 10ML,1
INSULINA NOVOLIN N 100UI 10ML,1
INSULINA NOVOLIN R 100UI 10ML,1
INT COQUETELEIRA DARKNESS 1L,1
INT CRISP BAR CHEESECAKE FRUT VERM,1
INT CRISP BAR CHURROSDOCE DE LEITE,1
INT MY WHEY PT 900G BAUNILHA,1
INT MY WHEY PT 900G CHOCOLATE,1
INT WHEY 100 PT PURE 907G COCO CONC.,1
INTELLIGENCE NEURO BOOSTER,1
INTENSEBLEND MAKE MORE + RP 30ML,1
INTESTIN 2MG 12 CPR,1
INTOLIV C/30 COMP,1
INTRA GEL 100G,1
INTRA GEL 50G,1
INZELM 10MG C/30 COMP REV,1
INZELM 10MG C/60 COMP REV,1
INZELM 20MG C/30 COMP REV-REFERENCIA,1
INZELM 20MG C/60 COMPRIMIDOS,1
IODETON 100ML - IODETO DE POTASSIO,1
IROSE 500MG 6 CPR (NITAZOXANIDA),1
IRRITRATIL 200 MG 60 CAPS,1
IRRITRATIL 200MG C/30 CAPS,1
IRUXOL MONO 15G POM,1
ISABABY ABSORVENTE PARA SEIOS 12UN,1
ISABABY ABSORVENTE PARA SEIOS PROMO LV30PG26 R8926$,1
ISABABY ALGODAO BOLA 1X50G$,1
ISABABY ALGODAO BOLA LV95GPG80G$,1
ISABABY ALGODAO BOLA PROMO LV95G PG80G 1X1$,1
ISABABY ALGODAO HIDROFILO 1x25G$,1
ISABABY ALGODAO HIDROFILO 50G$,1
ISABABY ALGODAO HIDROFILO ROLO 250G$,1
ISABABY ALGODAO QUADRADINHOS 100G$,1
ISABABY ALGODAO QUADRADO 50 UNIDADES$,1
ISABABY ALGODAO QUADRADO 70 UNIDADES,1
ISABABY ALGODAO QUADRADO BABY 50 UNIDADES,1
ISABABY CURATIVO PROVA DAGUA 20UN$,1
ISABABY CURATIVO TAMANHOS VARIADOS 30 UNID,1
ISABABY CURATIVO TAMANHOS VARIADOS TRANS . 35UN,1
ISABABY CURATIVO TRADICIONAL 12X35 UNIDADES REF= 8935$,1
ISABABY CURATIVO TRADICIONAL C/10 UNID,1
ISABABY HASTE FLEXIVEL150 UNID.,1
ISABABY LOVELY CARE 250ML SABONETE LIQUIDO GLICERINADO$,1
ISABABY PROTETOR OCULAR INFANTIL 20 UNIDADES,1
ISABABY REPELENTE INSETOS SPRAY 100ML,1
ISABABY TOALHA UMEDE. HORA DE BRINCAR LV100PG90,1
ISABABY TOALHA UMEDEC ULTRA PURA PACK PROMOCI 4X50UN,1
ISABABY TOALHA UMEDECIDA HIDRATACAO 96 UND,1
ISABABY TOALHA UMEDECIDA HORA DE BRINCAR 1X140,1
ISABABY TOALHA UMEDECIDA PRIMEIRO 100DIAS (FLIP TOP) LV100PG,1
ISABABY TOALHA UMEDECIDA ZOO 1X50UN$,1
ISABABY ZOO COLONIA LAVANDA 100ML$,1
ISABABY ZOO SHAMPOO 230ML$,1
ISACARE AGUA MICELAR 200ML$,1
ISACARE AGUA OXIGENADA CREMOSA 20V 90ML,1
ISACARE AGUA OXIGENADA CREMOSA 30V90ML,1
ISACARE AGUA OXIGENADA CREMOSA 40V 90ML,1
ISACARE ALGODAO BOLA LV95PG80G 12X95G$,1
ISACARE ALGODAO BOLA50G$,1
ISACARE ALGODAO DISCO 50 UNIDADES$,1
ISACARE BOTANIC TOUCA BANHO,1
ISACARE CONDICIO. 200ML MICELAR + ACIDO HIALURONICO,1
ISACARE CONDICIONADOR 350ML BOMBA DE COCO$,1
ISACARE CONDICIONADOR 350ML DETOX BABOSA (REF4016)$,1
ISACARE CONDICIONADOR LONGOS FORTES,1
ISACARE CONDICIONADOR POS QUIMICA,1
ISACARE CREME MAOS E UNHAS 100ML$,1
ISACARE CREME PRIMER MAKE UP 60 G$,1
ISACARE CURATIVO REDONDO BEGE 16UNIDADESREF1641$,1
ISACARE CURATIVO TRANSPARENTE 10,1
ISACARE ESCOVA ADHARA TUBO ALUMI CERDAS NYLON 25MM,1
ISACARE ESCOVA ADHARA TUBO ALUMI CERDAS NYLON 40MM,1
ISACARE ESCOVA PROFISSIONAL YELLOW HIT C TUBO METALICO 20MM$,1
ISACARE ESPONJA BANHO NYLON 1UND.,1
ISACARE FRALDA NOTURNA INTENSA ADULTO EG 7,1
ISACARE HIDRATANTE FACIAL 50G$,1
ISACARE KIT PENTES 3 UNIDADES EMBALAGEM ECONOMICA,1
ISACARE LOCAO HIDRATANTE ALGODAO 475ML$,1
ISACARE LOCAO HIDRATANTE COLAGENO 475ML$,1
ISACARE LOCAO HIDRATANTE DETOX 475ML$,1
ISACARE LOCAO HIDRATANTE FRUTAS VERMELHAS 475ML$,1
ISACARE LOCAO HIDRATANTE PITANGA NEGRA 475ML$,1
ISACARE LOCAO HIDRATANTE TANGERINA 475ML$,1
ISACARE MASCARA CAPILAR 300G BOMBA DE COCO,1
ISACARE OLEO 100% DE ROSA MOSQUETA NATURAL 10ML$,1
ISACARE PERSONAL CORTADOR DE UNHAS DISCO 1X1,1
ISACARE PERSONAL PINCA PONTA QUADRADA,1
ISACARE PO DESCOLORANTE 20G CAMOMILA,1
ISACARE PO DESCOLORANTE 50G CAMOMILA 1X1,1
ISACARE REPARADOR DE PONTAS 33ML ARGAN,1
ISACARE REPARADOR DE PONTAS 33ML ARGAN 6X1,1
ISACARE REPARADOR DE PONTAS 33ML CERAMIDASR00,1
ISACARE REPARADOR DE PONTAS 33ML JABORANDIR0061$,1
ISACARE REPARADOR DE PONTAS 33ML QUERATINA,1
ISACARE REPARADOR DE PONTAS 33ML VITAMINA AREF0063$,1
ISACARE SABONETE MICELAR 100ML,1
ISACARE SECANTE DE ESMALTE 400ML/200G$,1
ISACARE SHAMPOO 200ML MICELAR + ACIDO HIALURONICO,1
ISACARE SHAMPOO A SECO 150 MLREF0023$,1
ISACARE SKINCARE AGUA MICELAR ANTISSEPTICA 200ML,1
ISACAREBUCHA VEGETAL LUXO 1UND.,1
ISDIN ACTIVE UNIFY COLOR,1
ISDIN ACTIVE UNIFY S COR 50ML,1
ISDIN FOTOPROT STICK FPS50 10G-DEMAIS PROD,1
ISDIN FUSION WATER CLAR F50 50ML,1
ISDIN FUSION WATER ESCU F50 50ML,1
ISDIN FUSION WATER FPS60 30ML,1
ISDIN FUSION WATER FPS60 50ML,1
ISDIN FUSION WATER OC FPS50 50ML (CORES),1
ISDIN FUSION WATER OC FPS60 S/COR 50ML,1
ISDIN UREADIN BATH GEL 100ML,1
ISDIN UREADIN LC HIDRAT 10 100ML,1
ISDIN WOMAN ANTIESTRIAS 250ML,1
ISO WHEY MAX TITANIUM 900G-POTE BAUNILHA,1
ISO WHEY MAX TITANIUM 900G-POTE CHOCOLAT,1
ISO WHEY MAX TITANIUM 900G-POTE MORANGO,1
ISO WHEY PROTEIN TRIPLE ZERO 907G BAUNILHA INTEGRALMEDICA,1
ISO WHEY PROTEIN TRIPLE ZERO 907G CHOCOL,1
ISO WHEY PROTEIN TRIPLE ZERO 907G MORANG,1
ISOSSORBIDA 20MG 30CPR BIOSINTETICA,1
ISOSSORBIDA 40MG 30CPR BIOSINTETICO,1
ISOTRETINOINA 20 MG C/ 30 CPS GEN NOVA QUIMICA,1
ISOTRETINOINA 20 MG C/ 30 CPS GEN NOVA QUIMICA DESMARCADOS,1
ISOTRETINOINA 20 MG C/ 30 CPS GEN RANBAXY,1
ISOTRETINOINA 20 MG C/ 30 CPS GEN RANBAXY DESMARCADOS,1
ISOTRETINOINA 20MG C/30 COMPRIMIDOS,1
ISOTÔNICO GATORADE MARACUJÁ 500ML,1
ISOTÔNICO GATORADE SABOR FRUTAS CITRICAS,1
ISOTÔNICO GATORADE SABOR LARANJA,1
ISOTÔNICO GATORADE SABOR LIMÃO,1
ISOTÔNICO GATORADE SABOR TANGERINA,1
ISOTÔNICO GATORADE SABOR UVA,1
ISOTÔNICO POWER ADE SABOR FRUTAS VERMELHAS,1
ITRACONAZOL 100MG 04 CPS LEGRAND,1
ITRACONAZOL 100MG 15CAPS EMS,1
ITRACONAZOL 100MG 15CAPS LGR,1
ITRACONAZOL 100MG 4CAPS EMS,1
ITRACONAZOL 100MG C/15 CAPS GMD-GENERICO,1
ITRACONAZOL 100MG C/15CPR EUROFARMA,1
ITRACONAZOL 100MG C/4 CAPS GERMED,1
ITRACONAZOL 100MG C15 GEN GEOLAB,1
ITRALEX 100MG COMP C/4,1
ITRALEX 100MG CX 15 CAP,1
IVAHART 5MG C/60 CPR,1
IVERMECTINA 6 MG 4 CPS PRATI,1
IVERMECTINA 6MG C/ 4 CPR GEN VITAMEDIC,1
IVERMECTINA 6MG C/2 COMP GERMED,1
IVERMECTINA 6MG C/2 CPR VITAMEDIC,1
IVERMECTINA 6MG C/4 COMP GERMED,1
IVERMECTINA 6MG CX 4 COMP GERMED,1
IVY C CORPO E COLO FPS20 200ML,1
IVY C FERULIC FR PUMP 30G,1
IVY C SABONETE LIQUIDO BG 200ML-DEMAIS PROD,1
IVY C SERUM UV ANTI - IDADE 30ML,1
IVY C10 FR30G-DEMAIS PROD,1
IXIUM 50MG CREME 12SACHETS,1
Inalador G-tech Compact,1
J BABY SH FORCA VIT 200ML-DEMAIS PROD,1
J&AMP;AMP;J BABY COND GOTAS BRILHO 200ML,1
J&J BABY SH GOTAS D BRILHO 200ML,1
JANUMET 50 MG 850 MG C 56 COMP (Funcional),1
JANUMET 50/500MG C/56 COMP-REFERENCIA,1
JANUMET XR 100 1000MG C 30 COMP,1
JARDIANCE 10MG X 30CPRS PBM,1
JARDIANCE 25MG C/30 COMP (PBM),1
JOAO E MARIA CREME ASSADURA BG 40G,1
JOAO E MARIA LENCO UMEDECIDO X90 C/ FRAG,1
JOAO E MARIA SAB BARRA BABY CREM 75G,1
JOAO E MARIA SAB BARRA BABY GLIC 75G,1
JOAO E MARIA SAB LIQ BABY GLIC FR 200ML,1
JOAO E MARIA SAB LIQ BABY GLIC FR 400ML,1
JOAO E MARIA XAMPU BABY GLIC FR 200ML,1
JOAO E MARIA XAMPU BABY GLIC FR 400ML,1
JOELHEIRA C/ ORIF E REFOR PRETO GG - KSN037-PR-GG,1
JOELHEIRA C/ ORIFICIO TAMANHO G,1
JOELHEIRA C/REFOR. PATELAR CURTA TAM G,1
JOELHEIRA CORIF.REFORC PATE CURTA M,1
JOELHEIRA CURTA SUP ROT NEOP EXTRA-GRANDE/UNICO - LOTE: 0448,1
JOELHEIRA CURTA SUP ROT NEOP GRANDE/UNICO - LOTE: 0448300004,1
JOELHEIRA KESTAL AJUST NEOLIGHT/KEST,1
JOELHEIRA LISA CURTA G,1
JOELHEIRA LISA CURTA NEO (P),1
JOELHEIRA LISA TAMANHO P LONGA,1
JOELHEIRA LONGA SIMP NEOPRENE EXTRA-GRANDE/UNICO - LOTE: 045,1
JOELHEIRA LONGA SIMP NEOPRENE GRANDE/UNICO - LOTE: 045006001,1
JOELHO 45 ESGOTO 100 MM PLAST/KRONA,1
JOELHO 90 ESGOTO DN 100 MM PLAST/KRONA,1
JOELHO 90 ESGOTO DN 150 MM PLAST/KRONA,1
JOELHO ESGOTO 90. 50MM - PLASTILIT,1
JOFIX 8MG CPR 10,1
JOGGER 500+400MG C/30CAPS,1
JOLIK 20MG/ML SOL 1FR 225ML,1
JONTEX GEL LUB ORIGINAL 100G,1
JONTEX XL LUBRIFICADO 6,1
JUMEXIL 5MG C/20 CPR,1
JUNEVE 50MG C/28 CAPS,1
JUNNO 200MG C/14 CAPS,1
K MED GEL 50GR,1
K MED HOT LUBRIFICANTE 200ML,1
K-MED 2 EM 1 GEL FR 50 G,1
K-MED GEL BG 100 G,1
K-MED GEL BG 25 G,1
K-MED GEL CEREJA COM LIMAO BG 50G,1
K-MED GEL MENTA REFRESCANTE BG 50G CIMED,1
K-MED HOT FR 50G,1
K-MED ICE FR 200 G,1
K-MED ICE FR 50G,1
K-Y GEL LUBRIF INTIMO 50G,1
K-Y GEL LUBRIFIC INT LIQUID 50GR,1
K-Y GEL LUBRIFICANTE ULTRA SILICONE 50G,1
KALIMA SAB HIDRA 80G,1
KALIST 2MG 28 CPR,1
KALIST 2MG 84CPR,1
KALOBA GTS 20ML,1
KALOBA SOL 50ML,1
KALONAT FR 10 ML,1
KAODINE (PERMETRINA) 10MG/ML 60ML 1% LOCAO GEOLAB,1
KAODINE (PERMETRINA) 50MG/ML 60ML 5% LOCAO GEOLAB,1
KAOSEC 2MG 12CPR,1
KEFLEX 100MG GTS 15ML,1
KEFLEX 1G C/ 8DRG,1
KEFLEX 250MG 100ML,1
KEFLEX 500MG 100ML,1
KEFLEX 500MG 8DRG,1
KEFLEX GTS 30ML,1
KELO COTE GEL 15G,1
KELOSIL GEL 15G,1
KELUS 15G GEL SILICONE,1
KEPPRA 100MG ML SOL OR 150ML,1
KEPPRA 250MG C/30 CPR,1
KEPPRA 750 MG C/60 COMP REV,1
KERIUM MASCARA CAPILAR 200ML,1
KERIUM SH A C INTENSIVE DS 125ML,1
KERIUM SH ANTICASPA INTENS DS 125ML,1
KETALGI 500MG 14CPR REV,1
KETTO 10MG 10CPR SUBL (TROMETAMOL),1
KETTO 10MG 20CPR SUBL (TROMETAMOL),1
KIDDI PHARMATON XPE 200ML,1
KIOS 640MG C/28 COMP-OUTROS,1
KIT ABOVE SH + COND HIDRATACAO 1X1,1
KIT ABOVE SH + COND NUTRICAO 1X1,1
KIT ABOVE SH + COND RECONSTRUCAO 1X1,1
KIT ACNEZIL (GEL SEC + GEL LIMP + LOCAO),1
KIT ACTINE GEL LIMPEZA 140G+40G,1
KIT ACTINE SAB LIQ 140+GEL 60ML SN,1
KIT ACTINE SAB LIQ 140ML+SAB LIQ 60ML,1
KIT AGNES UNICORNIO SH+COND+ADESIVO,1
KIT AMBIENTE + VARETAS ALECRIM / TAM U,1
KIT AMBIENTE + VARETAS FLOR DE CEREJEIRA / TAM U,1
KIT AMBIENTE + VARETAS LAVANDA / TAM U,1
KIT ANASOL PROT. SOLAR FPS 75 - 200 G + ANASOL PROT. SOLAR F,1
KIT ANASOL PROT. SOLAR FPS50-120G+KIDS FP50-100G,1
KIT ANTONIO B.THE ICON FEM EDP 100ML+DES.150ML,1
KIT AP MED DE GLICOSE G.TECH COMPLETO+10 TIRAS,1
KIT APARELHO MACH 3 + 2 CARGA MACH 3 GTS NECESSAIRE 4X1,1
KIT APARELHO MACH 3 + 2 CARGA MACH 3 GTS TOALHA 4X1,1
KIT APARELHO MACH 3 + 3 CARGA MACH 3 GTS ESPUMA 5X1,1
KIT BACIA C/ CX ACOP LIKE BCO,1
KIT BANHO DE LUA LIGHTNER DIAMOND 1X1,1
KIT BANHO DESENHO MASSAG AZUL,1
KIT BANHO LABOTRAT CEREJA C/5,1
KIT BANHO LABOTRAT MELANCIA C/5,1
KIT BANHO LABOTRAT PESSEGO C/5,1
KIT BANHO MBITA LOLLY,1
KIT BARBIE TEENS LOÇ HIDRT 230ML+SAB 250ML,1
KIT BARRO MINAS SH+COND.GRATIS CRONO (LOÇÃO VEGETAL),1
KIT BB LOVE AMARELO SH240MLCOND220ML,1
KIT BB LOVE AZUL SHAMPO 240ML COND220ML,1
KIT BB LOVE ROSA SHAMPO 240ML COND220ML,1
KIT BEBE LOVE SH240COND220MLCOL30ML,1
KIT BIO EXTRATUS ANTIQUEDA BIO EXTRATUS,1
KIT BIO EXTRATUS CAMOMILA BIO EXTRATUS,1
KIT BIO EXTRATUS CRONOGRAMA CAPILAR C/3 MASCARAS,1
KIT BIO EXTRATUS TRANFORMAÇAO PROGRESSIVA,1
KIT CABELO ESCOVA+ PENTE PONTAS ARREDONDADAS E CERDAS MACIAS,1
KIT CADIVEU PLÁSTICA DOS FIOS - 3 PRODUTOS,1
KIT CARROS SH+COND+ADESIVO,1
KIT CARROS SH+SAB LIQ+ADESIVO,1
KIT CENTRUM 60+30 COMP,1
KIT CENTRUM HOMEM 60+30 COMP,1
KIT CENTRUM MULHER 60+30 COMP,1
KIT CEPACOL MENT ICE 500ML+250ML,1
KIT CETAPHIL LOC. HIDRATANTE+ LOC. LIMPEZA GALDERMA,1
KIT CHEIRO BEBE (SH+COND) AZUL 430+210ML,1
KIT CHEIRO BEBE (SH+COND) CACH 210ML,1
KIT CHEIRO BEBE (SH+COND) CACH 430+210ML,1
KIT CHEIRO BEBE (SH+COND) ROSA 430+210ML,1
KIT CICLO LOÇÃO FOREVER 240ML+ COL 30ML,1
KIT CLAREADOR LABOTRAT BANHO DE LUA,1
KIT CLEANANCE 150G + CLEANANCE 40G,1
KIT COM 3 PINCAS MK9911,1
KIT CONJ MASCARA ADULTO AEROSOL DC1,1
KIT CONJUNTO PEDIATRICO APARELHO DC1,1
KIT COREGA PO FIXADOR 22GR C/3,1
KIT COREGA PO FIXADOR 22GR L3P2,1
KIT COREGA PO FIXADOR LEVE 3 GANHE 20% DESCONTO,1
KIT CREME HIDRATANTE YAMASTEROL BABOSA+ARGAN+BRANCO 3X1,1
KIT CREME HIDRATANTE YAMASTEROL BABOSA+HIALU+NIACINAMID 3X1,1
KIT CUIDADOS AZUL BUBA,1
KIT CUIDADOS ROSA BUBA,1
KIT DABELLE (SH+COND) EXPLO BRILHO 425ML,1
KIT DABELLE SHAMPOO ABACATE NUTRITIVO 250 +CO 2X1,1
KIT DABELLE SHAMPOO CACHOS DA ONDA 250 +CO 200 2X1,1
KIT DABELLE SHAMPOO COCO PODEROSO 250 +CO 200 2X1,1
KIT DABELLE SHAMPOO RESGATA FIOS 250 +CO 200 2X1,1
KIT DABELLE SHAMPOO SOS CRESCIMENTO 250 +CO 200 2X1,1
KIT DARLING DETOX 3 SHAMPOO 350 3X1,1
KIT DE HIGIENE ORAL VIAGEM LIGHT REF 2220,1
KIT DE HIGIENE ORAL VIAGEM TO GO,1
KIT DERMACYD SABONETE INTIMO FEMINA FLORAL SANOFI,1
KIT DERMAFEME LAVANDA 2FRX200 ML,1
KIT DERMAFEME SAB INTIMO C/2 UN 200ML,1
KIT DERMAFEME SAB INTIMO C/2 UN 200ML FRESH,1
KIT DERMAFEME TEEN SAB INT FR 2 X 200ML,1
KIT DERMAONE FRESCOR FR 2 X 200 ML,1
KIT DES AERO GIOVANNA BABY BLU C/2 150ML,1
KIT DES AERO GIOVANNA BABY CHE C/2 150ML,1
KIT DES AERO GIOVANNA BABY CLA C/2 150ML,1
KIT DIFUSOR BRANCO + CAPIM LIMAO + BAMBOO / TAM U,1
KIT DIFUSOR BRANCO + LAVANDA + FLOR DE CEREJEIRA / TAM U,1
KIT DISNEY SH+SAB LIQ 200ML+ADESIVOS,1
KIT DIVERTIDAMENTE 2 XPU+COND 230ML/200ML,1
KIT DIVERTIDMENTE SH+COND 250ML+ADESIVOS,1
KIT DORA SHAMP 250MLCOND 230MLADESIVOS,1
KIT DOVE RECONSTRUCAO+QUERATINA SH+COND 350+175ML,1
KIT DOVE SHAMPOO HIDRATACAO 400ML+CO 200ML PROM 2X1,1
KIT DOVE SHAMPOO NUTRICAO 350ML+CO 175ML PROM 2X1,1
KIT DOVE SHAMPOO TEXTU CACHEADOS 350ML+CO 175ML 2X1,1
KIT EICO (SH+COND) BABOSA 800/750ML,1
KIT EICO (SH+COND) CAB LONGOS 800/750ML,1
KIT EICO (SH+COND) CURA FIOS 800/750ML,1
KIT EICO (SH+COND) DESLISA 800/750ML,1
KIT EICO (SH+COND) MANDIOCA 800/750ML,1
KIT EICO (SH+COND) ROSA MOSQUE 800/750ML,1
KIT EICO S CASA (SH+COND) CACHO DEF 800/750ML,1
KIT ELSEVE SHAMPOO 375 +CO 170 GLYCOLIC GLOSS 2X1,1
KIT ELSEVE SHAMPOO 375 +CO 170 HIDRA HIALURONICO+SERUM 3X1,1
KIT ELSEVE SHAMPOO 375 +CO 170 LONGO DOS SONHOS 2X1,1
KIT ESCOVA MAMAD. C/ ESPONJA AZUL BUBA,1
KIT ESCOVA MAMAD. C/ ESPONJA ROSA BUBA,1
KIT EUDORA BABY SHAMPOO + COLONIA 2X1,1
KIT EUDORA INSTA SABON BARRA FRUTAS VERMELHA 3X85GR,1
KIT EUDORA INSTANCE COLONIA + HIDRATANTE KARITE 2X1,1
KIT EUDORA INSTANCE HIDRATATE CORPORAL+MAOS FRUTAS VERM 2X1,1
KIT EUDORA INSTANCE SABONETE BARRA C/4,1
KIT EUDORA INSTANCE SABONETE BARRA CASTANHARIA 5X85GR,1
KIT EUDORA INSTANCE SABONETE BARRA KARITE 5X85GR,1
KIT EUDORA NIINA SECRETS COLONIA + HIDRATANTE 2X1,1
KIT EUDORA SIAGE CICA-THERAPY EUDORA,1
KIT EUDORA SIAGE MASCARA+POTENCIALIZADO PROCRONOLOGY 3X1,1
KIT EUDORA SIAGE PRO CRONOLOGY MASC.+POTENCIALIZADORES,1
KIT EUDORA SIAGE SH.+MASC.CICA-THERAPY,1
KIT EUDORA SIAGE SHAMPOO + COND + LEAVE-IN NUTRI ROSE 3X1,1
KIT EUDORA SIAGE SHAMPOO + COND CICA THERAPY 2X1,1
KIT EUDORA SIAGE SHAMPOO + COND GLOW EXPERT 2X1,1
KIT EUDORA SIAGE SHAMPOO + COND HAIR PLASTIA 2X1,1
KIT EUDORA SIAGE SHAMPOO + COND HIDRATACAO MICELAR 2X1,1
KIT EUDORA SIAGE SHAMPOO + COND LISO INTENSO 2X1,1
KIT FACIAL MACRILAN LOVE CARE KP10-4,1
KIT FAIXAS HFS FARMA M - MULTICATEGORIA - 2324 1X1,1
KIT FIONA MAM 240 +120+50ML AZUL,1
KIT FLORACYD L3 P2 SAB.INT.BRISA 200ML,1
KIT FLORACYD L3 P2 SAB.INT.FEMME 200ML,1
KIT FLORACYD L3 P2 SAB.INT.SENSITI.200ML,1
KIT FOREVER LISS SHAMPOO BANHO DE VERNIZ 250 + MASCARA 2X1,1
KIT GEL ESC HOT WHEELS,1
KIT GIOVANNA BABY AZUL 3X1,1
KIT GIOVANNA BABY BLANC VANILLA 3X1,1
KIT GIOVANNA BABY DES ROL BLUE C/2 50ML,1
KIT GIOVANNA BABY DES ROL CANDY C/2 50ML,1
KIT GIOVANNA BABY DES ROL LILAC C/2 50ML,1
KIT GIOVANNA BABY ROSA 3X1,1
KIT GIOVANNA BABY ROSA COLONIA+LOCAO+SABONETE CLASSIC 3X1,1
KIT GIOVANNA BABY ROSA LOCAO + 2 SABONETES 90GR CLASSIC 3X1,1
KIT GOTA DOURADA SHAMPOO FORTALECIMENTO +CO 2X1,1
KIT GOTA DOURADA SHAMPOO FORTALECIMENTO +CO DESAMAREL 2X1,1
KIT HAIRSKIN + DERMUP ( KIT GRAZI MASSAFERA) VEM BRINDE COQUETELEIRA,1
KIT HASKELL MANDIOCA SH.300ML+COND.300ML,1
KIT HASKELL MURUMURU SH.300ML+COND.300ML,1
KIT HEADESHOUL 2 SHAMPOO 200 MEN PREVEN QUEDA 2X1,1
KIT HEADESHOULD 2 SHAMPOO 200 CRESCIMENTO RAIZ 2X1,1
KIT HEADESHOULDERS 2 SHAMPOO 200 MEN OLD SPICE 2X1,1
KIT HEADESHOULDERS SHAMPOO 200 +SHAMPOO 3EM1 2X1,1
KIT HIGIENIZADOR DE MMD AZUL PIMPOLHO,1
KIT HIGIENIZADOR DE MMD ROSA PIMPOLHO,1
KIT IMECAP HAIR L90 P60CPS,1
KIT IMEDIA 8 LURO CLARO + COND. EXTRA,1
KIT INF LOLLY ALIMENTAC + 6 ( AZUL E ROSA),1
KIT INFANTIL ACESSORIOS P CABELO MK1643,1
KIT INFANTIL ACQUA KIDS SHAMPOO CABELOS CACHEADOS +CO 2X1,1
KIT INFANTIL ACQUA KIDS SHAMPOO CABELOS FINOS+CO 2X1,1
KIT INFANTIL ACQUA KIDS SHAMPOO MARSHMALLOW +CO 2X1,1
KIT INFANTIL BARUEL BABY SAB LIQUIDO 210ML +CR PREV 45G 2X1,1
KIT INFANTIL BARUEL BABY SABONETE LIQ 400ML +SH 210ML 2X1,1
KIT INFANTIL BARUEL BABY SHAMPOO 400ML +CO 210ML SONO T 2X1,1
KIT INFANTIL BARUEL BABY SHAMPOO 400ML +CO 210ML SUAVE 2X1,1
KIT INFANTIL BARUEL BABY SHAMPOO 400ML +SAB LIQ 210ML 2X1,1
KIT INFANTIL BEBE NATUREZA SHAMPOO SUAVE +CO+COLONIA 3X1,1
KIT INFANTIL ELASTICOS P CABELO MK1636,1
KIT INFANTIL HIGIENICO CEFISA 303 UN-0001-UN,1
KIT INFANTIL KANECHOM KIDS SH +COND 300ML 2X1,1
KIT INFANTIL MURIEL KIDS GRAAC MENINA SH+CO 300ML 2X1,1
KIT INFANTIL MURIEL KIDS GRAAC MENINO SH+CO 300ML 2X1,1
KIT INFANTIL MURIEL SHAMPOO BABY AZUL + CO 2X1,1
KIT INFANTIL MURIEL SHAMPOO BABY ROSA + CO 2X1,1
KIT INFANTIL MURIEL SHAMPOO BABY ROSA +CO+SABONETE 3X1,1
KIT INFANTIL ON KIDS SHAMPOO MIX OLEOS ESSENCIAIS+CO 50 2X1,1
KIT INFANTIL SALON LINE HIDRA KIDS SHAMPOO CACHINHOS +C 2X1,1
KIT INFANTIL SKALINHA SHAMPOO +CO 200ML SALVIA 2X1,1
KIT INFANTIL TOKBOTANICO SHAMPOO +CO 300ML 2X1,1
KIT INFANTIL TRA LA LA BABY SHAMPOO +SAB 250ML HIDRATA 2X1,1
KIT INFANTIL TRA LA LA BABY SHAMPOO +SAB 250ML SUAVE 2X1,1
KIT INFANTIL TRA LA LA SHAMPOO HIDRAKIDS +CO 2X1,1
KIT INFANTIL TRA LA LA SHAMPOO HIDRAKIDS +CO+BRINDE 3X1,1
KIT INFANTIL TRA LA LA SHAMPOO LITLE PONY CACHOS +CO 2X1,1
KIT INFANTIL TRA LA LA SHAMPOO NUTRIKDS +CO 2X1,1
KIT INFANTIL TRA LA LA SHAMPOO NUTRIKIDS 480ML +CO 250 2X1,1
KIT INFANTIL TRA LA LA SHAMPOO S/EMBARACO +CO 2X1,1
KIT INFANTIL TRA LA LA SHAMPOO S/EMBARACO +CO+BRINDE 3X1,1
KIT J JANINE HAIRCARE CURLS 450/440ML,1
KIT KANECHOM SHAMPOO +CO DOMINA CACHOS 2X1,1
KIT KANECHOM SHAMPOO +CO EFEITO LISO 2X1,1
KIT KANECHOM SHAMPOO +CO HIDRATA E REPARA 2X1,1
KIT KANECHOM SHAMPOO +CO RESTAURA E PROTEGE 2X1,1
KIT KAT CHOCOLATE BRANCO 41.5G,1
KIT KAT CHOCOLATE DARK 41.5G,1
KIT KNUT CABELO PERFEITO SH.750ML+COND.550ML,1
KIT KRONEL SAB LIQ INT 250+80ML,1
KIT LA RIVE CUTE FEM 100ML+DES.150ML,1
KIT LABOTRAT DIA DIA CEREJA C/2 340ML,1
KIT LABOTRAT DIA DIA MARACUJA C/2 340ML,1
KIT LABOTRAT DIA DIA MELANCIA C/2 340ML,1
KIT LABOTRAT DIA DIA MORANGO C/2 340ML,1
KIT LABOTRAT DIA DIA PESSEGO C/2 340ML,1
KIT LABOTRAT DIA DIA PITAYA C/2 340ML,1
KIT LABOTRAT HID+ESFOLIANTE MORANGO,1
KIT LAVADOR NASAL BUBA,1
KIT LAVITAN ENER FI ME 20CP,1
KIT LIFE B VIAGEM NECESSAIRE+SABONETEIRA+SHAMPOO+COND 1X1UN,1
KIT LOIRO PERFEITO PROFISSIONAL BIO INSTINTO,1
KIT LOLA DANOS VORAZES C/4,1
KIT MANICURE AZUL NEOPAN,1
KIT MANICURE BABY BUBA,1
KIT MANICURE INF C/ 3 ITENS- AZUL MK1070,1
KIT MANICURE INF C/ 3 ITENS- ROSA MK1063,1
KIT MANICURE ISABABY BRANCO,1
KIT MANICURE ROSA NEOPAN,1
KIT MASC DABELLE CRONOG CAP C/3 400G,1
KIT MEDIDOR DE GLICOSE G-TECH LITE,1
KIT MINIONS SH+SAB LIQ 250ML+ADESIVOS,1
KIT MINNIE CACHOS SH250ML COND230ML,1
KIT MONT ANNE PERFUME GIFT SET 3PCS REF:89000-5,1
KIT MULT CRONOGRAMA CAPILAR 30 ML,1
KIT MURIEL BABY BB(SH+COND) CAMOMI 100ML,1
KIT MURIEL BABY BB(SH+COND) LAVAN 100ML,1
KIT MURIEL BB(SH+COND+SB) MENINO 100ML,1
KIT MURIEL LOC+CR PMANCHAS,1
KIT NASOAR FRASCO C/30 ENV,1
KIT NIELLY COMPRODOS MAIS FORTES,1
KIT ON KIDS MIX DE ERVAS,1
KIT OX LONGOS 375ML + 170ML 2X1,1
KIT OX SHAMPOO 200ML + CO 170 GLICOLICO 2X1,1
KIT OX SHAMPOO 200ML + CO 170 HIALURONICO 2X1,1
KIT OX SHAMPOO 200ML + CO 170 MICELAR 2X1,1
KIT OX SHAMPOO 375 +CO 170 LISOS 2X1,1
KIT OX SHAMPOO 375ML + CO 170 HIDRATA 2X1,1
KIT OX SHAMPOO 375ML + CO 170 NUTRE 2X1,1
KIT OX SHAMPOO 375ML + CO 170 RESTAURA 2X1,1
KIT P/VIAGEM COM 4 FRASCOS 80ML MK7993,1
KIT P/VIAGEM MK2790,1
KIT PANT SEC 50MG MLSOL 2FR 50ML,1
KIT PANT SEC 50MG MLSOL 3FR 50ML,1
KIT PANTENE SHAMPOO BAMBU 400 +CO 175ML 2X1,1
KIT PANTENE SHAMPOO BRILHO EXTREMO 400 +CO 175ML 2X1,1
KIT PANTENE SHAMPOO CACHOS 350 +CO 175ML 2X1,1
KIT PANTENE SHAMPOO COLAGENO 300 +CO 150ML 2X1,1
KIT PANTENE SHAMPOO EQUILIBRIO 300 +CO 150ML 2X1,1
KIT PANTENE SHAMPOO HIDRATACAO 350 +CO 175ML 2X1,1
KIT PANTENE SHAMPOO HIDROCAUTERIZACAO 350 +CO 175ML 2X1,1
KIT PANTENE SHAMPOO LISO EXTREMO 350 +CO 175ML 2X1,1
KIT PANTENE SHAMPOO MICELAR 400 +CO 175ML 2X1,1
KIT PANTENE SHAMPOO RESTAURACAO 350 +CO 175ML 2X1,1
KIT PARA VIAGEM 6 PECAS MK7986,1
KIT PENTES C/ 6 UN MK0592,1
KIT PINCEL MACRILAN DIAMOND ED003,1
KIT PRESENTE DIFUSOR ELETRICO PBT + BAMBOO + ALECRIM,1
KIT PRESENTE DIFUSOR ELETRICO PBT+ LAVANDA+FLOR DE CEREJEIRA,1
KIT PROM HASKELL CAVALO FORTE,1
KIT PROM HASKELL MURUMURU,1
KIT PROMO CRONOGRAMA CAPILAR MASCARAS 730GR,1
KIT PROMOCIONAL CACHOS 500ML - SH + CD 250 ML,1
KIT PROMOCIONAL CAMOMILA SH 250ML+CD 150ML,1
KIT PROMOCIONAL CRESPOS 500ML - SH + CD 250 M,1
KIT PROMOCIONAL FORCA 790G,1
KIT PROMOCIONAL JABORANDI - SH 250ML+CD150ML,1
KIT PROMOCIONAL JABORANDI 500 - SH 250 ML + CD 250 ML,1
KIT PROMOCIONAL MAIS BRILHO,1
KIT PROMOCIONAL MAIS HIDRA (SH/CD 350 + MASCARA 90),1
KIT PROMOCIONAL MEL,1
KIT PROMOCIONAL MEL 1230 - SH 500ML + CD 500 ML + BC 230 GR,1
KIT PROMOCIONAL POS QUIMICA,1
KIT PROMOCIONAL TUTANO 500 - SH 250ML + CD 250ML,1
KIT PROTETOR SOLAR NIVEA PROTEHID FPS30 200 GTS 100 2X1,1
KIT REFEICAO AZUL NEOPAN,1
KIT REFEICAO INFANTIL,1
KIT REFEICAO ROSA NEOPAN,1
KIT RESSACA 6 EM 1,1
KIT RESSACA 7 EM 1 /SIMPLES,1
KIT RESSAKA,1
KIT RICOSOL - FPS 70 - 180 G + FACIAL FPS 70-50G,1
KIT RICOSOL PROT. SOLAR FPS50-180G+KIDS FP50-100G,1
KIT S CASA (SH+COND) CRONO PRO 800/750ML,1
KIT S CASA (SH+COND) HID INTEN 800/750ML,1
KIT S LINE T CACHO (SH+COND) MARAC 200ML,1
KIT S LINE T CACHO (SH+COND) MELAN 200ML,1
KIT S LINE T CACHO (SH+COND) UVA 200ML,1
KIT SAB MURIEL,1
KIT SABONETE+DESODORANTE INTIMO VAGISIL TRADICIONAL PH 2X1,1
KIT SALON LINE SH+COND SOS BOMBA ANTIQUEDA 200ML/SAL,1
KIT SCUDO P MATA PIOLHO TRATA E PREVINE NÃO TOXICO ARRUDA E CITRONELA,1
KIT SH 250ML + COND 230ML MINIONS,1
KIT SH 250ML+COND 125ML SIAGE,1
KIT SH TRESEMME B LAMELAR 350ML+CD 175ML UNILEVER .,1
KIT SH+CO DABELLE ABACATE NUTRITIV 425ML UN/0001,1
KIT SH+CO DABELLE MILAGRES DO MEL 425ML UN/0001,1
KIT SH+CO SEDA CACHOS DEFINIDOS 325ML UN/0001,1
KIT SH+CO SEDA LISO PERFEITO 325ML UN/0001,1
KIT SH+COND NIELY GOLD AGUA COCO 500ML UN/0001,1
KIT SH+COND SKALA 325ML (CONSULTA FRAGRANCIAS DISPONIVEIS),1
KIT SH+COND SKALINHA BEBÊ (GLICERINADO OU SALVIA),1
KIT SHAMP.230ML+COND.200ML MORANGUINHO,1
KIT SHAMPOO TRESEMMÉ,1
KIT SKALA (SH+COND) 2 EM 1 CACAU 325ML,1
KIT SKALA (SH+COND) ACACHONADOS 325ML,1
KIT SKALA (SH+COND) AMIDINHO MILHO 325ML,1
KIT SKALA (SH+COND) AMOR PODEROSO 325ML,1
KIT SKALA (SH+COND) BOMBA BIOTINA 325ML,1
KIT SKALA (SH+COND) BOMBA DE VITAM 325ML,1
KIT SKALA (SH+COND) CRESPO DIVINO 325ML,1
KIT SKALA (SH+COND) JABORANDI PLUS 325ML,1
KIT SKALA (SH+COND) MAIS CACHINHOS 325ML,1
KIT SKALA (SH+COND) MAIS CACHOS 325ML,1
KIT SKALA (SH+COND) MAIS CRESPINHO 325ML,1
KIT SKALA (SH+COND) OLEO COCO 325ML,1
KIT SKALA (SH+COND) RAIZ DO MORRO 325ML,1
KIT SKALA (SH+COND) VINAGRE MACA 325ML,1
KIT SKALA SHAMPOO BOMBA BANANA +CO 350ML 2X1,1
KIT SKALINHA (SAB+HID) BEBE LAVAND 200ML,1
KIT SKALINHA (SH+COND) CAMOMILA 200ML,1
KIT SUAVE NEUTRO BEBE LOVE SH 100ML+COND 100ML+BICH CO,1
KIT TENYS PE 1 PO ORIGINAL 100G + 1 JATO SECO ORIGINAL 2X1,1
KIT TENYS PE 1 PO WOMAN 100G + 1 JATO SECO WOMAN 92G 2X1,1
KIT TIN IMEDIA 7.1 LO ACI + COND EXT P LOREAL .,1
KIT TONALIZANTE 9.0 135GR,1
KIT TOY STORY SHAM 250ML+COND 230ML,1
KIT TRANSFORMACAO PARA EXPOSITOR,1
KIT TRESEMME HIDRATACAOSH E COND,1
KIT UNICORNIO BRANCO SH 250MLCOND 230ML,1
KIT UNICORNIO SHAMPOO 250ML COND230ML,1
KIT UNICORNIO WISH SH 250MLCOND 230ML,1
KIT VIAGEM DENTIL AZUL (GEL FRESH MINT+ FIO + ESCOVA)$,1
KIT VULT SHAMPOO + CONDICIONADOR RECARGA DE HIDRATACAO 2X1,1
KIT WHEY NUTRATA 900GR + CREATINA 300GR + GARRAFA 500ML,1
KIT.CAROL.HERR.CH FEM EDT 100ML+10ML+ L.C 100ML,1
KITAPEN 25MG C/30CP,1
KLARICID 25 MG/ML EQ. 125MG/5ML SUSP 60ML,1
KLARICID 50 MG/ ML SUSP 60ML,1
KLASSIS EMULGEL FPS 20 FR C/ 30G,1
KLASSIS SPECIALLE SERUM CLAREADOR DA PELE 50G,1
KLASSIS TX+ PUMP 30GR,1
KLAVIE CLINICAL CR HID POTE 440G,1
KLAVIE CLINICAL CREME 150G,1
KLAVIE CLINICAL LOCAO HID 190GR,1
KLAVIE CLINICAL LOCAO HID 390G,1
KLAVIE CLINICAL SAB LIQ 150G-DEMAIS PROD,1
KLEV 10MG C 10 COMP,1
KLEV 10MG C 30 COMP,1
KLEV 15MG C 14 COMP,1
KLEV 15MG C 28 COMP,1
KLEV 20MG C 14 COMP,1
KLEV 20MG C 28 COMP,1
KLINSE SH 140ML,1
KNORTEX CR BG 30 GRS MULTILAB,1
KOIDE D XPE 120ML,1
KOIDE ELIXIR 120ML,1
KOLI D3 50.000UI C 10 COMP REV,1
KOLLAGENASE COM CLORANFENICOL POM 15G,1
KOLLAGENASE COM CLORANFENICOL POM 30G,1
KOLLAGENASE COM CLORANFENICOL POM 50G,1
KOLLIS GOTAS 8ML,1
KONDUZ 150MG C 30 CAPS DURAS,1
KONDUZ 35MG C/28 CAPS DURAS,1
KONDUZ 75MG C 56 CAPS DURAS,1
KOPREXX 5MG C 30 COMP,1
KRONEL BABY SAB LIQ 250MLHEBR,1
KRONEL MAN NATURAL SAB C/250ML,1
KRONEL SAB LIQ BABY 250ml,1
KRONEL SAB LIQ INF 250ML,1
KRONEL SAB LIQ INTIMO 80ML-DEMAIS,1
KRONEL SAB.LIQ.250ML,1
KRONEL TEEN PINK SAB INT 250ML-DEMAIS PROD,1
KTRIZ 06U/G+001G/G POM 15G,1
KTRIZ GINO POM 30G C/ 6 APLICADORES,1
KUK 2281 CH DECOR NEON T.2 AZUL B.UNIVE,1
KUK 2366 CH PLUS AZUL T.1 B.UNIVER,1
KURAMED SEPT SOL TOP FR SPRAY 50 ML,1
KURAMED SPRAY 50ML,1
Kit Colgate 3 Cr Dental + Enxaguante Bucal Luminous White,1
Kit Shampoo 200ml + Condiccionador 200ml Vult Reconstrução,1
Kit elseve shampoo 375ml + condicionador 170ml,1
Kit sab Dove 6 unidades 90g cada,1
Kronel 250Ml Sab Liq Infantil,1
L CARN 2000MG LARANJA 480 ML,1
L CARN 2000MG UVA 480 ML,1
L-CAPS C/60 CAPS MOLE,1
L-CAPS D+ 60 CAPS A GENOM .,1
L-TIROSINA 1500MG C/60SOFTGELS,1
LA IMMUNITA 150ML,1
LA KESIA 30 ML,1
LA KESIA CR HIDRAT 10% 50ML,1
LA KESIA ESMALTE 7ML-DEMAIS PROD,1
LA KESIA KERA-FORT 100MG C 30 CP,1
LAB ESFOLIANTE PITAYA ROSTOCORPO 300G,1
LAB SAB FAC VITAMINA C 100ML,1
LAB SERUM P OLHEIRAS E BOLSAS 15ML,1
LABCAINA GELEIA 30G TOPICURET LIDOCAINA,1
LABCAINA POMADA 25GR LIDOCAINA,1
LABIRIN 16MG 30CPR,1
LABIRIN 24MG 30CPR,1
LABIRIN 24MG C/60 COMP,1
LABIRIN XR 32MG C/30 COMP REV,1
LABIRIN XR 48MG C/30 COMP REV,1
LABOTRAT ESFOLIANTE PARA OS PES 100G,1
LABOTRAT KIT BANHO MORANGO,1
LABOTRAT KIT BANHO PITAYA,1
LABOTRAT KIT FACIAL ANTIACNE,1
LABOTRAT PARAFINA 90G CR BETERRABA,1
LABOTRAT PARAFINA 90G CREME ATIVADORA,1
LABREA 10MG C/30 CPR,1
LABREA 5MG C/ 30 CPR,1
LABREA DUO 10+10MG C 7 CPR,1
LABREA DUO 10MG+20MG 30CPR,1
LAC 0 COMP MAST C/10,1
LACASS C/14 COMP REV,1
LACDAY C/60 MASTIGAVEL,1
LACDAY TAB 1X30-DEMAIS PROD,1
LACOTEM 100MG C/28 COMP REV,1
LACOTEM 50MG C/14 COMP REV,1
LACRIBELL COLIRIO 15ML,1
LACRIFILM COLIRIO 10ML,1
LACRIFILM COLIRIO 15ML,1
LACTANON(LACTASE) C/30TABS DISPERSIVEIS,1
LACTASE (LACLIZE) 10.000UFCC 10CPR MAST,1
LACTO PURGA 5MG C/12 COMP REV,1
LACTO PURGA 6CPR,1
LACTOCARE 10000 FCC 30CPR LACTASE KLEY,1
LACTOFOS 15 SACHES C 6G,1
LACTOSIL 10.000 C/30 SACHES,1
LACTOSIL 10.000 C/30 TABLETS,1
LACTOSIL 4500FCC ALU 30CPS SN,1
LACTOSIL 4500FCC ALU 30SACH 2G SN,1
LACTOSIL FLORA C/30 CAPS-DEMAIS PROD,1
LACTOSIL FLORA C/8 CAPS,1
LACTULONA XPE SALADA FRUTA 120ML,1
LACTULOSE 667MG/ML SOL120ML BIOL-DEMAIS PROD,1
LADY MILLION PACO RABANNE EAU DE PARFUM FEMININO -80 ML,1
LAKEMED SOL TOP FR 30ML,1
LAKESIAPES CREM ANTIFUNG 20G,1
LAKOS 100MG C 30 COMP REV,1
LAKOS 150 MG C/60,1
LAKOS 50MG C 30 COMP REV,1
LAMICTAL 25MG C/30,1
LAMINA DE SERRA MANUAL STARRETT,1
LAMINA FIAT LUX FLEXOR INOX,1
LAMITOR 100MG 30CPR,1
LAMITOR 25MG C/30CPR,1
LAMITOR 50MG 30CPR,1
LAMITOR CD 100MG C/ 30 COMP,1
LAMITOR CD 100MG C/ 60 CPR,1
LAMITOR CD 25MG C/30 COMP,1
LAMITOR CD 50MG C/ 30 CPR,1
LAMOTRIGINA 100MG 30CP BIOSINTETICA,1
LAMOTRIGINA 100MG 30CP RANBAXY,1
LAMOTRIGINA 100MG C/ 30 CPR GEN EUROFARMA,1
LAMOTRIGINA 100MG C/ 30 CPR GEN TEUTO,1
LAMOTRIGINA 25MG C/30 CP GEN EUROFARMA,1
LAMOTRIGINA 25MG C/30 CPR GEN RANBAXY,1
LAMOTRIGINA 50MG C/30 CPR BIOLAB,1
LAMOTRIGINA 50MG C/30CP GEN EUROFARMA,1
LAMOTRIGINA 50MG C/30CP GEN RANBAXY,1
LAMP KIAN LED 9W 6500K UN/0001,1
LANCETA 50 UNID G-TECH,1
LANCETA AUTOMATICA N 28G C/100,1
LANCETAS ACCU CHEK SAFE T PR UNO 200,1
LANCETAS AUTOMATICA C/100UNI 23G AZUL,1
LANCETAS P/LANCETADOR C/100 28G,1
LANCETAS P/LANCETADOR C/100 30G G-TECH,1
LANICO 400 / 57 MG SUSP 70ML,1
LANICO 875/125MG C/ 14 CPR,1
LANICO 875MG+125 MG C/ 20 CPR,1
LANOCARE 30GR,1
LANSOPRAZOL 30MG 28 CAPS / PRATI,1
LANSOPRAZOL 30MG C 28 CAPS GERMED,1
LANSOPRAZOL+CLARITROMICINA+AMOXICILINA TRI-HIDRATADA 30/500/,1
LANTUS 100UI 1 FRASCO AMP 10ML,1
LANTUS SOLOSTAR 1X3 ML,1
LANZ 30MG C/28 CAPS,1
LANZOPEPT 30MG 28CAPS (LANSOPRAZOL),1
LAPIS DE OLHOS RETRATIL FEELS MOODHB-514,1
LAPIS LABIAL L-852 PINK21- BELLA FEMME,1
LAPIS OLHOS MARROM C/APONTADOR BELLAFEMME,1
LAPIS OLHOS PRETO C/APONTADOR BELLAFEMME,1
LAPIS PARA OLHOS RETRATIL PRETO BELLA FEMME,1
LAPIS PRETO C/ APONTADOR,1
LAPIS SOBRANCELHAS MELU C/24 RR-2403-2,1
LARANJA MORO -90 CAPS,1
LARC 500MG C/14 COMP,1
LARINGEX C/16 PAST,1
LATIKA POWDER FPS 27 BEGE CLARO,1
LATIKA POWDER FPS 27 BEGE MEDIO,1
LATIKA POWDER REFIL FPS 27 BEGE CLARO,1
LATIKA POWDER REFIL FPS 27 BEGE ESCURO,1
LATIKA POWDER REFIL FPS 27 BEGE MEDIO,1
LATIKA SUN STICK PROTETOR SOLAR FPS 50,1
LATOLISE 10.000 FCC C/30 CPR NEO QUIMICA,1
LATUDA 20MG C/30 CPR,1
LATUDA 40MG C/30 COMP,1
LAUTON FIBERLIV 7 FIBRAS 250G,1
LAV ALTA PRESSAO AGIL 1300LBS 220V WAP,1
"LAVA ROUPA MINUANO 1,6KG",1
LAVADOR NASAL BUBA,1
LAVADOR NASAL SERINGA DINO ROSA BUBA,1
LAVADOR NASAL SERINGA DINO VERDE BUBA,1
LAVANDA FLORA NENEM 100ML,1
LAVANDA FLORA NENEM 200ML,1
LAVITAN A-Z MULHER 60CP REV,1
LAVITAN AZ +MULHER 60CPS,1
LAVITAN AZ MAIS 90DRG,1
LAVITAN BCAA 2400 CAPS FR C/100 CIMED,1
LAVITAN C.D.Z.S.E,1
LAVITAN C.D.Z.S.E COM 30 COMPRIMIDOS,1
LAVITAN CABELO E UNHA 30 COMPRIMIDOS CIMED,1
LAVITAN CAFEINA 200MG CAPS 100 CIMED,1
LAVITAN CALCIO+D 60CP,1
LAVITAN COL TIPO II 40MG 30,1
LAVITAN COLAGENO VERISOL+AC.H PO PT300G,1
LAVITAN CRANBERRY 30CAP,1
LAVITAN CREATINA PO PT 300G,1
LAVITAN DETOX C/16,1
LAVITAN ESPORTE COMP REV FR X 60,1
LAVITAN KIDS 240ML SABOR LARANJA +IMUNIDADE,1
LAVITAN LUTEINA CAPS FR C/ 60,1
LAVITAN MAIS BEAUTY 60 CAPS,1
LAVITAN MASTIGÁVEL LARANJA 60 COMPRIMIDOS,1
LAVITAN MASTIGÁVEL TUTTI-FRUTTI 60 COMPRIMIDOS,1
LAVITAN MELATONINA 021MG C/150 CAPS MORANGO,1
LAVITAN MELATONINA C/90CPR MASTIGAVEL MORANGO,1
LAVITAN MEMO NEURO 60 CAPS,1
LAVITAN MULHER CPR C/60 CIMED,1
LAVITAN OMEGA 3 60CAP,1
LAVITAN SENIOR 60 DRAGEAS,1
LAVITAN SHAKE E VITAMINAS 210 GRAMAS,1
LAVITAN SUPER FORMULA A-Z + MULHER COM 60 COMPRIMIDOS,1
LAVITAN SUPER FORMULA A-Z HOMEM COM 60 COMPRIMIDOS,1
LAVITAN TONICO SOL OR FR 400ML SABR TRAD,1
LAVITAN VIT AZ MULHER COMP REV FR C/ 90,1
LAVITAN VIT C CP MAS FR X 60 MACA,1
LAVITAN VIT C CP MAS FR X 60 MELANCIA,1
LAVITAN VIT C CPAS C/60 MELANCIA,1
LAVITAN VIT INF CBF COMP MAST FR C/60,1
LAVITAN VIT INF COMP MAST FR 60 TUT FRUT,1
LAVITAN VITAMINA D 1.000 UI X 30 CPRV,1
LAVITAN ZMA FEMME 30 COMPRIMIDOS - CIMED,1
LAVITAN ZMA PERFORMANCE 30 COMPRIMIDOS,1
LAXIME 015% SOL OFT FR 10ML,1
LAXTAMARIL GELEIA POTE 130G,1
LAXTAMARIL GELEIA POTE 250G,1
LC NIVEA COCO E OLEO MONOI 200ML,1
LC NIVEA FIRM Q10 VITC 400ML,1
LC NIVEA FLOR DE LARANJEI 200ML,1
LEAVE HASKELL CACHOS 300ML,1
LEAVE IN HASKEL CAVALO FORTE 150G,1
LEAVE IN HASKELL AMETISTA 150 G,1
LEAVE IN HASKELL ARGAN 150 G,1
LEAVE IN HASKELL BLINDA 100 ML,1
LEAVE IN HASKELL CACHOS SIM 500 ML,1
LEAVE IN HASKELL HIDRANUTRE 150 GR,1
LEAVE IN HASKELL INFUSAO DE OLEOS 150 GR,1
LEAVE IN HASKELL MANDIOCA 150 GR,1
LEAVE IN HASKELL MANDIOCA 240G,1
LEAVE IN HASKELL POS PROGRESSIVA 150 G,1
LEAVE IN HASKELL QUERATINA 240 GR,1
LEAVE IN HASKELL QUINA ROSA 300G,1
LEAVE IN HASKELL S.O.S VERAO 240 GR|,1
LEAVE-IN DOVE BOND INTENSE REPAIR 1X50ML,1
LEAVE-IN EUDORA SIAGE CAUTERIZACAO DOS LISOS 1X100ML,1
LEAVE-IN EUDORA SIAGE CICA-THERAPY 1X100ML,1
LEAVE-IN EUDORA SIAGE GLOW EXPERT BALM DISCIPLIN1X100ML,1
LEAVE-IN EUDORA SIAGE HIDRATACAO MICELAR 1X100ML,1
LEAVE-IN EUDORA SIAGE LISO INTENSO 1X100ML,1
LEAVE-IN EUDORA SIAGE OLEOS PODERO ELIXIR OVERNIGHT 1X150,1
LEAVE-IN EUDORA SIAGE PRO CRONOLOGY 1X100ML,1
LEAVE-IN EUDORA SIAGE RESGATE IMEDIATO 1X100ML,1
LEAVE-IN SEDA SERUM LUMINOUS UV GLYCOL 6% + VITA C 1X110ML,1
LEAVEIN AMEND POWER CRESPOS 250G/AME,1
LEFOR 5MG C 30 COMP,1
LEIBA 1 BI X12 CAP DURA,1
LEIBA 1 BILHAO C/06 SACHE,1
LEIBA 1 BILHAO C/20 CAPS MASTIGAVEL,1
LEIBA 20 CP MASTIGAVEIS,1
LEIBA CAP BLISTER 12CAPS,1
LEICTOSE 10.000 FCC C/30 CPS VITAMEDIC,1
LEINERT SB EVOLUTION BRANCO GELO 18L,1
LEINERT SB EVOLUTION CHAMPAGNE 18L,1
LEINERT VIVACOR AREIA 18L,1
LEINERT VIVACOR BRANCO NEVE 18L,1
LEINERT VIVACOR LONDRES 18L,1
LEITBOM CHOCOBOM 200ML,1
LEITE APTAMIL 1 400G,1
LEITE APTAMIL 1 800G,1
LEITE APTAMIL 1 PREMIUM 800G,1
LEITE APTAMIL 1 SOJA 400G,1
LEITE APTAMIL 2 800GR,1
LEITE APTAMIL 2 PREMIUM 800G,1
LEITE APTAMIL 2 SOJA 400G,1
LEITE APTAMIL 3 800GR,1
LEITE APTAMIL ACTIVE 800G,1
LEITE APTAMIL AR 400G,1
LEITE APTAMIL AR 800G,1
LEITE APTAMIL HA 800 GR,1
LEITE APTAMIL PEPTI 800G,1
LEITE APTAMIL PRE 400G,1
LEITE APTAMIL PRO EXPERT PEPTI 400GR,1
LEITE APTAMIL PROFUTURA 1 800G,1
LEITE APTAMIL PROFUTURA 2 800GR,1
LEITE APTAMIL S LACTOSE 400G,1
LEITE APTAMIL SEM LACTOSE 800GR,1
LEITE APTAMIL SOJA 2 800GR,1
LEITE APTANUTRI 3 PREMIUM 800G,1
LEITE APTANUTRI PROFUTURA 3 800GR,1
LEITE DE AVEIA CLASSICO 180ML DAVENE,1
LEITE DE MAGNESIA ENO TRAD 350ML,1
LEITE ENSURE LATA 400G SB BANANA,1
LEITE ENSURE PLUS ADVANCE 220ML-DEMAIS PROD,1
LEITE ENSURE PO BAUNILHA PO 400G,1
LEITE ENSURE PO CHOCOLATE 400G,1
LEITE ENSURE PO MORANGO 400G,1
LEITE ENSURE PROTEIN BAUNILHA 220ML,1
LEITE FORTINI BAUNILHA 400G,1
LEITE GLUCERNA SR (DIABETES) BAUNILHA 400ML,1
LEITE INF KABRIMIL 400G,1
LEITE KABRITA 1 400G,1
LEITE KABRITA 2 400G,1
LEITE MAG ENOMAGNO TRAD 12SACH 10ML SN,1
LEITE MAGNESIA ENO TRAD 120ML-OUTROS,1
LEITE MAGNESIA PHIL 350ML,1
LEITE MAGNESIA PHIL HORT 120ML,1
LEITE MAGNESIA PHIL HORT 350ML,1
LEITE MILNUTRI 800GR,1
LEITE MILNUTRI COMPLETE VIT DE FRUTAS 800G,1
LEITE MILNUTRI PROFUTURA 800MG,1
LEITE MILNUTRI SOJA 800GR,1
LEITE NAN A.R. 800G,1
LEITE NAN COMFOR 0A6MESES 800G,1
LEITE NAN COMFOR 1 800GR,1
LEITE NAN COMFOR 2 800GR,1
LEITE NAN COMFOR 6A12MESES 800G,1
LEITE NAN CONFORT 1 800G,1
LEITE NAN CONFORT 2 800G,1
LEITE NAN CONFORT 3 800G,1
LEITE NAN H.A 800GR,1
LEITE NAN S L (SEM LACTOSE) 400G,1
LEITE NAN S/LACTOSE 400G.,1
LEITE NAN SENSITIVE 800 G,1
LEITE NAN SOJA NESTLE 800G,1
LEITE NAN SUPREME 1 800G,1
LEITE NAN SUPREME 2 - 800G,1
LEITE NANLAC COMFOR 1A3ANOS 800G,1
LEITE NEOCATE ADVANCE 400G,1
LEITE NEOFORTE BAUNILHA 400G,1
LEITE NESLAC COMFOR 800G,1
LEITE NESLAC SUPREME 800G,1
LEITE NESTOGENO 1 800 GRAMAS,1
LEITE NESTOGENO 1 SEMESTRE 800G,1
LEITE NESTOGENO 2 800 GRAMAS,1
LEITE NESTOGENO 2 SEMESTRE 800G,1
LEITE NESTONUTRI PO 800GR,1
LEITE NINHO 1 + CRESC 800 GR,1
LEITE NINHO 1 A 3 ANOS 800G NESTLE,1
LEITE NINHO 1+ 800G,1
LEITE NINHO FASES PREBIO 1 800G,1
LEITE NINHO FIBRAS 380G,1
LEITE NINHO INSTANT 380G,1
LEITE NINHO INTEGRAL 380G,1
LEITE NINHO PREBIO 1 400G,1
LEITE NINHO ZERO LACTOSE 380G,1
LEITE NINHO ZERO LACTOSE 700G,1
LEITE NOVAMIL AC 2 400 GR A BIOLA,1
LEITE NOVAMIL AO 2 400 GR A BIOLA,1
LEITE NUTREN ACTIVE BAUNILHA 400G,1
LEITE NUTREN BEAUTY DARK CHOC 400G,1
LEITE NUTREN BEAUTY VANILLA 400GR,1
LEITE NUTREN KIDS BAUNILHA 350G,1
LEITE NUTREN KIDS CHOCOLATE 350G,1
LEITE NUTREN KIDS MORANGO 350G,1
LEITE NUTREN PROTEIN CHOCOLATE PO 400G-DEMAIS PROD,1
LEITE NUTREN SENIOR BAUNILHA 370GR,1
LEITE NUTREN SENIOR BAUNILHA 740GR,1
LEITE NUTREN SENIOR CAFE COM LEITE 370,1
LEITE NUTREN SENIOR CHOCOLATE 370GR,1
LEITE NUTREN SENIOR PO 740G,1
LEITE NUTREN SENIOR PO CHOCOLATE 740G,1
LEITE NUTREN SENIOR SEM SABOR 370GR,1
LEITE NUTRISON SOYA LATA 800 G,1
LEITE PEDIASURE PO BAUNILHA 400G,1
LEITE PEDIASURE PO CHOCOLATE 400G,1
LEITE PEDIASURE PO MORANGO 400G,1
LEITE PO APTAMIL 1 PROFUTURA GOLD 800GR,1
LEITE PO APTAMIL 2 PROFUTURA GOLD 800GR,1
LEITE PO NESTOGENO 2 400G,1
LEITE PO NINHO 3+ PBIO3 FASES 800G/NEST,1
LEITE PO NINHO 380GR INTEGRAL INSNTANTÂNEO UN/0001/UN,1
LEITE PO NINHO 380GR INTEGRAL INST UN/0001/UN,1
LEITE PO NINHO 380GR INTEGRAL INSTANT,1
LEITE PO NINHO IDADE ESCOLAR 750GR,1
LEITE PO NINHO INTEG 1X380G,1
LEITE PO NINHO INTEG.380G,1
LEITE PREGOMIN PEPTI 400G,1
LEITE SUSTAGEN CHOCOLATE PO 400G,1
LEITE SUSTAGEN KIDS BAUNILHA 380G,1
LEITE SUSTAGEN KIDS CHOCOLATE 380G,1
LEITE SUSTAGEN KIDS MORANGO PO 380G,1
LEITE SUSTAGEN MORANGO PO 400G,1
LEMONT 10+5MG 14CPR,1
LEMONT 10+5MG 7CPR,1
LENC UME BABIES EX CAR 120UN,1
LENCO DE PAPEL RICCA C80 UNDS,1
LENCO DEMAQUILANTE MELAO MELU HB-207,1
LENCO DEPILATORIO DEPI ROLL FALSO TECIDO BRANCO 1X100UN,1
LENCO DEPILATORIO DEPI ROLL FALSO TECIDO BRANCO 1X20UN,1
LENCO DEPILATORIO DEPI ROLL FALSO TECIDO BRANCO 1X50UN,1
LENCO DEPILATORIO DEPIL EASY FALSO TECIDO BRANCO 100X1,1
LENCO DEPILATORIO DEPIL EASY FALSO TECIDO BRANCO 20X1,1
LENCO DEPILATORIO DEPILBELLA FALSO TECIDO 1X100UN,1
LENCO DEPILATORIO DEPILBELLA FALSO TECIDO 1X20UN,1
LENCO DEPILATORIO DEPILBELLA FALSO TECIDO 1X50UN,1
LENCO DEPILATORIO DERMACREAM TNT 20 FOLHA1,1
LENCO INTIMO PRUDENCE INTIMA L20 P16 PROMO 1X20UN,1
LENCO KLEENEX ORIG BOX LV100PG80,1
LENCO PAPEL KLEENEX SORTIDO 50UN,1
LENCO PAPEL KLEENX LEVE 4 PAGUE 3,1
LENCO UMD CLIN OFF REFIL C/75,1
LENCO UMED BABY BEPANTOL 48UNID,1
LENCO UMED BEPANTOL BABY L96P80-DEMAIS PROD,1
LENCO UMED BIGFRALL 40 UND,1
LENCO UMED FREE WIPES,1
LENCO UMED HUGGIES MONICA C96,1
LENCO UMED HUGGIES TRIPLA PROTEÇÃO (AZUL) C/96,1
LENCO UMED LOVE CARE 50 UN,1
LENCO UMED LOVE CARE C/50 UN,1
LENCO UMED MAMYPOKO 50,1
LENCO UMED PAMPERS CAMOMILA 48 UNID,1
LENCO UMED QUICK BABY SOFT 100 UNID UN/0001,1
LENCO UMED.BEBE LOVE C/100,1
LENCO UMEDECIDO BEPANTOL BABY 1X48UN,1
LENCO UMEDECIDO BIKE 15UN(35039),1
LENCO UMEDECIDO CLIN OFF BALDE AZUL 1X400UN,1
LENCO UMEDECIDO CLIN OFF POTE AZUL 1X75UN,1
LENCO UMEDECIDO CLIN OFF POTE ROSA 1X75UN,1
LENCO UMEDECIDO CLIN OFF REFIL 1X75UN,1
LENCO UMEDECIDO INTIMUS HIPOALERGENICO 1X16UN,1
LENCO UMEDECIDO PAMPERS,1
LENCO UMEDECIDO PAMPERS ALOE VERA 1X48UN,1
LENCO UMEDECIDO PAMPERS ALOE VERA 1X96UN,1
LENCO UMEDECIDO PAMPERS ALOE VERA P,1
LENCO UMEDECIDO PAMPERS CAMOMILA 1X48UN,1
LENCO UMEDECIDO PAMPERS CUIDADO DE BEBE L4P3 PROM 4X48UN,1
LENCO UMEDECIDO PAMPERS HIGIENE COMPLETA L4P3 PROM 4X48UN,1
LENCO UMEDECIDO PAMPERS HIGIENE COMPLETA LV04 PG03,1
LENCO UMEDECIDO PAMPERS LAVANDA 1X48UN,1
LENCO UMEDECIDO PAMPERS PREMIUM LIMPEZA DELICADA 1X48UN,1
LENCO UMEDECIDO PAMPERS SPLASH 1X48UN,1
LENCO UMEDECIDO REPELENTE ANTIMOS UNICHARM 1X16UN,1
LENCO UMIDECIDOS MEU BEBE MINHA VIDA 90 LENÇOS,1
LENCOS MUMU BABY LV120 PG100,1
LENÇO UMEDECIDO HUGGIES TRIPLA PROTEÇÃO PCT 88UND COM 10% DE DESCONTO,1
LENÇO UMEDECIDO MEU BEBE MINHA VIDA PCT 90UND,1
LENÇO UMEDECIDO MEU BEBÊ MINHA VIDA PCT 90UND,1
LEPS ER 250MG C/30COMP,1
LERCANIDIPINO 10MG 30CP EMS,1
LERCANIDIPINO 10MG 30CPR NOVA QUIMICA,1
LERCANIDIPINO 20MG 30CPR NOVA QUIMICA,1
LESTER 2MG 30 CPR,1
LEUCOGEN 80MG 90CPS,1
LEUCOGEN 80MG C/30 CAPS,1
LEUCOGEN XP 120ML,1
LEVEDO DE CERVEJA 120CP 500MG NATULORE,1
LEVEDO DE CERVEJA 450MG 120 CPS,1
LEVEDURA DE CERVEJA 500MG 280CPR LAPON,1
LEVEL 21CPR,1
LEVERCTIN 6MG 2CPR,1
LEVERCTIN 6MG 4CPR,1
LEVETIRACETAM 250 MG C/30 CPR GEN EUROFARMA,1
LEVETIRACETAM 250MG 30 CPR NEO QUIMICA,1
LEVETIRACETAM 250MG 30CPR REV TORRENT,1
LEVETIRACETAM 750 MG 30CPR EUROFARMA,1
LEVETIRACETAM 750MG 30CPR REV TORRENT,1
LEVITRA 10MG C/1 COMP,1
LEVOCETIRIZINA 5MG 10CPR EUROFARMA,1
LEVOCETIRIZINA 5MG 10CPR RANBAXI,1
LEVOCETIRIZINA DIC 5MG 10CPR GERMED,1
LEVOFLOXACINO 500 MG C/ 7 CPR GEN PRATI,1
LEVOFLOXACINO 500MG C/ 10CPR GEN EUROFARMA,1
LEVOFLOXACINO 500MG C/ 10CPR TEUTO DESMARCADOS,1
LEVOFLOXACINO 500MG C/ 7 CPR GEN BIOSINTETICA,1
LEVOFLOXACINO 500MG C/ 7CPR GEN EUROFARMA,1
LEVOFLOXACINO 500MG C/07CPR CELLERA DESMARCADOS,1
LEVOFLOXACINO 500MG C/10 CPR GEN BIOSINTETICA,1
LEVOFLOXACINO 500MG C/3 COMP EMS-GENERICO,1
LEVOFLOXACINO 750 MG C/ 5 CPR GEN BIOSINTETICA,1
LEVOFLOXACINO 750 MG C/ 5 CPR GEN EUROFARMA,1
LEVOFLOXACINO 750 MG C/ 7 CPR GEN EUROFARMA,1
LEVOFLOXACINO 750MG C 7COMP BIOSINTETICA,1
LEVOFLOXACINO 750MG C5 SANDOZ,1
LEVOFLOXACINO 750MG C7 SANDOZ,1
LEVOID 100MCG 30CPR,1
LEVOID 150MCG 30CPR,1
LEVOID 200 MCG 30CPR,1
LEVOID 25MCG 30CPR,1
LEVOID 50MCG 30CPR,1
LEVOID 75MCG 30CPR,1
LEVOTIROXINA 100MCG 30CPR MERCK,1
LEVOTIROXINA 112MCG 30CPR MERCK,1
LEVOTIROXINA 112MG BL C 30CP MER,1
LEVOTIROXINA 125MCG 30CPR MERCK,1
LEVOTIROXINA 150MCG 30CPR MERCK,1
LEVOTIROXINA 175MCG 30CPR MERCK,1
LEVOTIROXINA 25MCG 30CPR MERCK,1
LEVOTIROXINA 50MCG 30CPR MERCK,1
LEVOTIROXINA 75MCG 30CPR MERCK,1
LEVOTIROXINA 88MCG 30CPR MERCK,1
LEVOTIROXINA SODICA 88MCG 30CP MERCK,1
LEVOXIN 250MG 3CPR,1
LEVOXIN 250MG 7CPR,1
LEVOXIN 250MG 7CPR DESMARCADOS,1
LEVOXIN 500MG 10CPR,1
LEVOXIN 500MG C /14 CPR,1
LEVOXIN 500MG C/ 3CPR,1
LEVOXIN 500MG C/ 7CPR,1
LEVOXIN 750MG C/ 7 CPR,1
LEVOXIN 750MG C/5 CPR,1
LEVTY 10.000U.FCC C/30 COMP MAST,1
LEVTY 10.000U.FCC C/8 COMP MAST,1
LEXAPRO 10MG C 60 COMP,1
LEXAPRO 10MG C/ 30 CPR,1
LEXAPRO 15 MG C/ 30 CPR,1
LEXAPRO 20MG C 30 CPR,1
LEXOTAN 3MG C/ 30 CPR,1
LEXOTAN 6MG C/ 30 CPR,1
LIBERFEM 2MG C/21 COMP,1
LIBERFEM 2MG C/63 COMP,1
LICOPENO SUPLEMENTOA BASE DE TOMATE ANTIOXIDANTE E ANTIFLAMATORIO 60 CAPSULAS,1
LIDE 400MG C/10 COMP,1
LIDOCAINA 50MG POM C/25G PHARLAB,1
LIDOCAINA GEN GEL 30GR/PHARLAB,1
LIDOPASS 50MGG LARANJA POM BG 25G,1
LIDOSPORIN SOL OTOLOG 10ML,1
LIFTACTIV AOX CONCENTRATE 10ML-DEMAIS PROD,1
LIFTACTIV SUPREME HA FILLER 30ML-DEMAIS PROD,1
LIFTACTIV VICHY PEPTIDE-A 30ML,1
LIL 4062R12 ESC DENTAL MASSAGEADORA,1
LIL 604831 MMD PRIMPASS N2 ORT 240ML RS,1
LIL 612450 CH MAGIA ORT N1 LILAS,1
LIL 624001 MORDEDOR BORBOLETA DIVERTIDO,1
LIL 624101 MORDEDOR PEIXE DIVERTIDO,1
LIL 625921 MMD BICO SIM SIL RAP 300ML AZ,1
LIL 629031 COPO EVOL SEREIA 240ML RS SIL,1
LIL 630931 CHUP SOFT COMF 100% SIL N2 RS,1
LIL MORDEDOR FRUTAS CHOCALHO,1
LIMA UNHAS MERHEJE BASIC ROSA BLISTER 1X1,1
LIMA-C 500MG 30CPR REV. (VITAMINA C,1
LIMBITROL C/ 20 CAPS,1
LIMIAR 150MG 30CPS C1,1
LIMIAR 75 MG C/ 30 CPS,1
LIMP LENT SOLUCAO 470ML,1
LIMPADOR DE LINGUA POWER DENT,1
LINADIB 5MG C 60 CPR,1
LIND 30MG C/30 CAPSULAS,1
LIND 50MG C/30 CAPSULAS,1
LIND 70MG C 30 CAPS (A3),1
"LINOFEME 016G - CLOR SODIO"",",1
LIP BALM BELLE ANGEL 1x1,1
LIP GLOSS LATIKA NO 12,1
LIP GLOSS LATIKA NO 15,1
LIP GLOSS LATIKA NO 25,1
LIP GLOSS LATIKA NO 52,1
LIP GLOSS LATIKA NO. 16 LATIKA FRASCO 4 ML,1
LIP GLOSS LATIKA NO. 41 LATIKA FRASCO 4 ML,1
LIP GLOSS MANT BONFIRE,1
LIP GLOSS MANT CARITE VIT E C/36 HB-8234,1
LIP GLOSS MANT FIREFLY,1
LIP GLOSS MANT FLAME,1
LIP GLOSS MANT FLASHIGHT,1
LIP GLOSS MANT SHOOTIN,1
LIP GLOSS MANT SHOOTING STAR,1
LIP GLOSS PRINCESS LUA&NEVE,1
LIP LATIKA GLOSS 48 ROSA,1
LIP MAGIC DA VOVO COLOR 4ML,1
LIP MATTE LATIKA 34,1
LIP MATTE LATIKA NO 05,1
LIP MATTE LATIKA NO 20,1
LIP MATTE LATIKA NO 26,1
LIP MATTE LATIKA NO 32,1
LIP MATTE LATIKA NO 35,1
LIP MATTE LATIKA NO. 40 LATIKA FRASCO 4 ML,1
LIP MATTE LATIKA NO. 42 LATIKA FRASCO 4 ML,1
LIP OIL BALA DE COCO 3ML,1
LIP OIL BAUNILHA COCO BLUEBC/24 HB-562-A,1
LIP OIL CUPCAKE DE BLUBERRY 3ML,1
LIP OIL MELU C/36 RR-7300,1
LIP OIL MELU PITANGA,1
LIP OIL MELU PITAYA,1
LIP OIL MELU UVA VERDE,1
LIP OIL OBISIDIAN,1
LIP OIL SORVETE DE BAUNILHA 3ML,1
LIP TINT DAY MELU C/24 RR-7501-G1,1
LIP TINT DAY MELU C/24 RR-7501-G2,1
LIP TINT DAY ORANGE DAY MELU BY RUBYROSE 6ML,1
LIP TINT DAY PRPLE DAY MELU BY RUBYROSE 6ML,1
LIP TINT MELU PINK DAY,1
LIP TINT MELU RED DAY,1
LIP TINT ROSA S FRAG 10ML,1
LIP'SMILE MENTOS 10G RED FRUIT,1
LIPANON RETARD 250MG 30CPS,1
LIPANON RETARD 250MG/ 60CAPS,1
LIPIBLOCK 120MG C/42 CAPS-,1
LIPIDIL 160MG C/30 CPR,1
LIPIDIL 160MG C/60 COMP REV-REFERENCIA,1
LIPIDIL 160MG C/90 COMP REV,1
LIPIKAR BAUME AP+ 200ML-DEMAIS PROD,1
LIPIKAR BAUME AP+400ML,1
LIPIKAR BAUME AP+75ML,1
LIPIKAR BAUME AP+M CARTON 200ML,1
LIPIKAR CLEANSING OIL AP+ 400ML,1
LIPIKAR CREME AOX FPS60 200ML,1
LIPIKAR LOCAO BISNAGA 200ML,1
LIPIKAR SURGRAS LIQ 400ML,1
LIPIKAR SURGRAS SAB 150G,1
LIPISTATINA 20MG 30CPR,1
LIPITOR 80MG C/30 COMPRIMIDO,1
LIPLESS 100MG 30CPR PBM,1
LIPLESS 100MG 90 CPR BIOLAB (PORTAL DROGARIA),1
LIQUIDIFICADOR. 220V$,1
LIRIS 5MG/ML SOL OFT 10ML,1
LISADOR 16CPR,1
LISADOR 25X8 COMP,1
LISADOR C/24 COMP,1
LISADOR COLICA 10+250MG 20COMP,1
LISADOR DIP 1G C 10 COMP,1
LISADOR DIP 1G C 20 COMP,1
LISADOR DIP 500MG/ML GTS 20ML,1
LISDEV 50MG C/30 COMPRIMIDO,1
LISDEV 70MG C/30 COMPRIMIDO,1
LISDEXANFETAMINA 30MG C/30 CPS,1
LISDEXANFETAMINA 50MG C/30 CPS,1
LISDEXANFETAMINA 70MG 30CAPS DURA NOVA QUIMICA,1
LISDEXANFETAMINA 70MG 30CPR PHARLAB,1
LISSIDRAT HASKELL MANDIOCA,1
LISTERINE COOL MINT 1 LITRO,1
LISTERINE COOL MINT 250ML AZ,1
LISTERINE COOL MINT HORTELA 250ML,1
LISTERINE COOL MINT L500 P350ML,1
LISTERINE COOL MINT ZERO 1 LITRO,1
LISTERINE CUIDADO TOTAL ZERO 500ML-DEMAIS PROD,1
LISTERINE HORTELA LV500ML PG350ML,1
LISTERINE MELAN E HORT 250ML,1
LISTERINE MELANCIA E HORTELA 250 ML,1
LISTERINE PRO GENGIVA EXP 500ML,1
LISTERINE PRO GENVIVA EXP 250ML,1
LISTERINE TART CONT MENTA SUAVE 500ML,1
LISTERINE ZERO 500ML,1
LISTO 4MG C/10CPR,1
LISTO 8MG C/10CPR,1
LISTOGAS 250MG 10CPS BIOLAB,1
LISTOGAS 250MG 30CPS BIOLAB,1
LISVENX 30MG 30CPS,1
LISVENX 50MG C/30 CAPS,1
LISVENX 70MG C/30 CAPS,1
LITOCIT 15MEQ CX C/60CP OR-OUTROS,1
LITOCIT 5MG 60CPR,1
LIVALO 2MG C/30CPR,1
LIVALO 2MG C/60 COMP,1
LIVALO 4MG C/30CPR,1
LIVEPAX 500MG C/ 3 CPR,1
LIVEPAX 500MG C/ 7 CPR,1
LIVEPAX 500MG C/10 CPR,1
LIVEPAX 750 MG 5 CPR,1
LIVEPAX 750MG C/7 COMP REV,1
LIVIAL 3X28 COMP.,1
LIXA ANATOMICA COLOR NOVO VISUAL,1
LIXA DE MADEIRA P/ PES MK5814,1
LIXA DE UNHA ECONOMICA RASKALO,1
LIXA E POLIDOR 6 FACES MK2608,1
LIXA MASSA 150,1
LIXA MASSA 220,1
LIXA P PES ANATOMICA RASKALO,1
LIXA P/PES ELETRICA FLAWLESS BD613,1
LIXA P/PES MK2639,1
LIXA P/UNHA CANARIO 1X1,1
LIXA PES NOVO VISUAL ANATOMICA COLORIDA 1X1,1
LIXA PES NOVO VISUAL ANATOMICA PRETA 1X1,1
LIXA PES NOVO VISUAL PVC 1X1,1
LIXA UNHA MERHEJE BLOCO 4 FACES,1
LIXA UNHAS MARCO BONI BLOCO 1X1,1
LIXA UNHAS NOVO VISUAL BANANA PRETA 1X6UN,1
LIXA UNHAS NOVO VISUAL BIG CANARIO 24X1,1
LIXA UNHAS NOVO VISUAL MINI PARDA 100X1,1
LIXA UNHAS NOVO VISUAL PARDA 1X1UN,1
LIXIANA 30MG C/30 COMP REV-REFERENCIA,1
LIXIANA 60MG C/30 COMP,1
LO HID CHEIRINHO DE BEBE 1X160GR,1
LO HID MONANGE FLORA DE LAVANDA (CARINHO 1X200ML,1
LO HID PAIXAO INSPIRADORA (ONLY YOU) 1X200ML,1
LO HID PAIXAO RADIANTE 1X200ML,1
LO HID PAIXAO ROMANTICA 1X200ML,1
LO HIDRAT GIOVANNA BABY ROSA,1
LO HIDRAT MONANGE PELE SECA,1
LO HIDRAT. GIOVANNA BABY BLUE,1
LO HIDRAT. GIOVANNA BABY CANDY,1
LO HIDRAT. GIOVANNA BABY CHERRY,1
LO HIDRAT. GIOVANNA BABY LILAC,1
LO HIDRAT. GIOVANNA BABY PEACH,1
LOC HID CHEIRINHO BEBE AZUL 200G,1
LOC HID CHEIRINHO BEBE ROSA 160G,1
LOC HID CHEIRINHO BEBE ROSA 200G,1
LOC J&J BABY HIDRAT 200ML L10,1
LOCAO ADSTRINGENTE DEPILBELLA PRE-DEPILACAO HORTELA 1X140ML,1
LOCAO ANTICASPA 55 ML - NOVA VOLUMETRIA,1
LOCAO CRESCE E APARECE 55ML - CHIKAS,1
LOCAO FORCA PIMENTA 100 ML,1
LOCAO HIDR PAIXAO INSPIRAD ROSA BRANCA BISNAGA 1X200ML,1
LOCAO HIDR. MONANGE FIRMQ10 VIT C+E NORMAL 1X200ML,1
LOCAO HIDRA. MONANGE FIRMA; Q10 VIT C+E EXTRASECA 1X20,1
LOCAO HIDRAT CORPORAL UREIA 200ML,1
LOCAO HIDRAT DERMAC 10% UREIA AVEIA E ELASTINA 1X200,1
LOCAO HIDRAT DERMAC 10% UREIA FLOR DE AMEIXA 1X200ML,1
LOCAO HIDRAT INFAN. BEBE VIDA PRIMEIROS MESES 1X200ML,1
LOCAO HIDRAT INFANTIL DERMACRBABY LOVE&CARE C.BEBE 1X250ML,1
LOCAO HIDRAT INFANTIL DERMACREAM BABY LOVE&CARE LAVANDA 1X25,1
LOCAO HIDRAT INFANTIL DERMACREAM BABY LOVE/CARE 1X250M,1
LOCAO HIDRAT NIVEA BELEZA RADIANTE CUIDADO INTEN 1X200ML,1
LOCAO HIDRAT PIELSANA 200ML,1
LOCAO HIDRAT. HIDRAMAIS CHEIRINHO DE BEBE 1X500ML,1
LOCAO HIDRAT. HIDRAMAIS COLAGENO 1X500ML,1
LOCAO HIDRAT. PAIXAO BIG INSPIRADORA ONLY YOU 1X400ML,1
LOCAO HIDRATA PAIXAO INSPIR ROSA BRANCA POTE 1X300ML,1
LOCAO HIDRATA. PAIXAO IRRESISTIVEL FLOR LIS BISNAGA 1X200M,1
LOCAO HIDRATANTE 10% UREIA + 5% GLICERINA + 5% PRINCIPIA,1
LOCAO HIDRATANTE BEBE LOVE SUAVE 220ML,1
LOCAO HIDRATANTE DOVE BABY HIDRATACAO RELAXANTE 1X200ML,1
LOCAO HIDRATANTE EPILE ROSA MOSQUETA RUGOL 1X200ML,1
LOCAO HIDRATANTE GIOVANNA BABY 10+ ESFERAS BLUE 1X200ML,1
LOCAO HIDRATANTE GIOVANNA BABY 10+ ESFERAS BLUEB 1X200ML,1
LOCAO HIDRATANTE GIOVANNA BABY 10+ ESFERAS CHERRY 1X200ML,1
LOCAO HIDRATANTE GIOVANNA BABY 10+ ESFERAS CLASSIC 1X200ML,1
LOCAO HIDRATANTE GIOVANNA BABY BLANC VANILLA 1X200ML,1
LOCAO HIDRATANTE HIDRAMAIS ALGODAO E OMEGA 1X500ML,1
LOCAO HIDRATANTE HIDRAMAIS AMEIXA NEGRA 1X500ML,1
LOCAO HIDRATANTE HIDRAMAIS AMENDOAS 1X500ML,1
LOCAO HIDRATANTE HIDRAMAIS AVEIA 1X500ML,1
LOCAO HIDRATANTE HIDRAMAIS ERVA DOCE E CAMOMILA 1X500ML,1
LOCAO HIDRATANTE HIDRAMAIS FLOR DE LARANJEIRA 1X500ML,1
LOCAO HIDRATANTE HIDRAMAIS FRUTAS VERMELHAS 1X500ML,1
LOCAO HIDRATANTE HIDRAMAIS ROSA MOSQUETA 1X500ML,1
LOCAO HIDRATANTE INFANTIL BEBE NATUREZA SUAVE 1X230ML,1
LOCAO HIDRATANTE INFANTIL BEBE VIDA 1X200ML,1
LOCAO HIDRATANTE INFANTIL EUDORA BABY POS BANHO 1X200ML,1
LOCAO HIDRATANTE INFANTIL GRANADO BEBE TRADICIONAL 120ML,1
LOCAO HIDRATANTE INFANTIL JOHNSONS BABY DERMA PROTECT 1X200M,1
LOCAO HIDRATANTE INFANTIL MURIEL BABY AZUL 1X100ML,1
LOCAO HIDRATANTE INFANTIL MURIEL BABY ROSA 1X100ML,1
LOCAO HIDRATANTE INFANTIL PAMPERS BABYTOPIA GIRASSOL 1X200ML,1
LOCAO HIDRATANTE INFANTIL PAMPERS GIRASSOL 1X200ML,1
LOCAO HIDRATANTE INFANTIL PAMPERS GIRASSOL 1X400ML,1
LOCAO HIDRATANTE INFANTIL SKALINHA LAVANDA 1X200ML,1
LOCAO HIDRATANTE JOHNSONOLEO DE AMENDOAS ARGAN E KARI 1X400M,1
LOCAO HIDRATANTE MONANGE BIG EXTRA SECA 1X400ML,1
LOCAO HIDRATANTE MONANGE BIG FIRMADOR Q10 EXTRASSECA 1X400ML,1
LOCAO HIDRATANTE MONANGE BIG FIRMADOR Q10 NORMAL 1X400ML,1
LOCAO HIDRATANTE MONANGE BIG FLOR DE LAVANDA TOQ CAR 1X400ML,1
LOCAO HIDRATANTE MONANGE BIG FRUTAS VERM DESEJO AMAR 1X400ML,1
LOCAO HIDRATANTE MONANGE BIG HIALURONICO ANTISSINAIS 1X400ML,1
LOCAO HIDRATANTE MONANGE BIG HIDRATACAO INTENSIVA SECA 1X400,1
LOCAO HIDRATANTE MONANGE DETOX 1X200ML,1
LOCAO HIDRATANTE MONANGE HIALURONICO ANTISSINAIS 1X200ML,1
LOCAO HIDRATANTE MONANGE HIDRATACAO INTENSIVA 1X200ML,1
LOCAO HIDRATANTE NIVEA BELEZA RADIANTE PELE UNIFORME 1X200ML,1
LOCAO HIDRATANTE NIVEA BIG BELEZA RADIANTE CUIDADO INTE 1X40,1
LOCAO HIDRATANTE NIVEA MILK EXTRA SECA 200ML,1
LOCAO HIDRATANTE PAIXAO AVELA 1X200ML,1
LOCAO HIDRATANTE PAIXAO BIG IRRESISTIVEL PARIS 1X400ML,1
LOCAO HIDRATANTE PAIXAO BIG TENTADORA 1X400ML,1
LOCAO HIDRATANTE PAIXAO FLOR DE BAUNILHA 1X200ML,1
LOCAO HIDRATANTE PAIXAO FLOR DE BAUNILHA POTE 1X300ML,1
LOCAO HIDRATANTE PAIXAO FRAMBOESA NEGRA 1X200ML,1
LOCAO HIDRATANTE PAIXAO FRAMBOESA NEGRA C/HIBISCO 1X200ML,1
LOCAO HIDRATANTE PAIXAO TENTADO. AMEIXA RUBI 1X200M,1
LOCAO HIDRATANTE SKALA ACAI 1X400ML,1
LOCAO HIDRATANTE SKALA AMENDOAS DOCES 1X400ML,1
LOCAO HIDRATANTE SKALA ERVA DOCE 1X400ML,1
LOCAO OLEO DE GIRASSOL DERSSOL 100ML,1
LOCAO OLEO DE GIRASSOL DERSSOL 200ML,1
LOCAO POWERDENT ZERO DOIS LAVANDA 60 ML,1
LOCAO PROTEX BABY P.DELIC 200ML,1
LOGNIS C/60 COMP REV-DEMAIS PROD,1
LOIRA DE FARMACIA MASCARA 230G,1
LOIRA DE FARMACIA SHAMPOO 250ML,1
LOL 1167501 MAM BIG COLOR 330ML R AZ,1
LOL 704101 MORDEDOR CLEAN CESTRELA RS,1
LOL 705401 KIT CABELO OCEANO AZUL,1
LOL 710900 COPO CLEAN C ALCA 150ML ROSA,1
LOL 7173-01 RESPIREBEM (ASP NASAL SUCCAO,1
LOL 722501 TIRA LEITE,1
LOL CHOCALHO TRICOLOR SQ 1UN,1
LOLY COLHER COMPONTA SILICONE COLHER ( ROSA E AZUL ),1
LOLY CONCHA P/ MAMILOS OBS: 1 PAR,1
LOLY NENNY PRENDEDOR DE CHUPETA ( ROSA E AZUL ),1
LONA PLASTICA 04M AMARELA,1
LONA PLASTICA 08M PRETA 36KG,1
LONA PRETA 1X4 METROS,1
LONGFLEX 60CAPS,1
LONGIVIT SOL. ORAL 240ML,1
LONGIVIT X 30 COM MAST,1
LONIUM 40MG 60CPR,1
LOPERAMIDA 2 MG 12 CP G SANDOZ,1
LOPERAMIDA 2MG 12CPRS,1
LOPERAMIDA 2MG C/12 PHARMASCIENCE,1
LOPERAMIDA GEN 2MG 12CPR PHARLAB,1
LOR 0901 GAR PROT HID FAC MORE FPS50 40G,1
LOR 0901 GAR PROT HID FAC NEGRA FPS50 40G,1
LOR 60400 DEF PROT UV INV FAC FPS60 40GR,1
LOR 60800 GARN SERUM BOOSTER VITA C 30ML,1
LORASLIV 10MG 12CPR LORATADINA/VITAMEDIC,1
LORASLIV 10MG CX 12COMP,1
LORATADINA 01MG XPE 100 ML PHARLAB,1
LORATADINA 10 MG C/12 COMP,1
LORATADINA 10 MG C/12 UNIAO QUIMICA,1
LORATADINA 10 MG COMP 12 CIMED,1
LORATADINA 10MG C/12 CPR GEOLAB,1
LORATADINA 1MG/ML XPE FR 100 ML,1
LORATADINA 1MG/ML XPE FR 100ML,1
LORATADINA XAR 100ML AIRELA,1
LORATAMED 10MG 12CPR,1
LORATAMED D XPE FR 60 ML,1
LORATAMED XPE 100ML,1
LORAX 1MG 30CPR,1
LORAX 2MG 30CPR,1
LORAZEPAM 2MG C/30 GEN TEUTO,1
LOREDON 100MG C/30 CPR,1
LOREDON 50MG C/60 CPR,1
LORENZETTI CHUVEIRO FUTURA ELETRONICA 6800WTS,1
LORITIL 1MG/ML VD C/100ML/GEO,1
LOSARTANA + HIDROCLOROTIAZIDA 100/25MG C/30 TEUTO,1
LOSARTANA 50 MG C/ 30 COMP REV,1
LOSARTANA 50MG 30CP COMP NEO QUIMICA,1
LOSARTANA 50MG CX 30 COMP REV NEO QUIMICA,1
LOSARTANA 50MG CX 30 COMP REV NEO QUIMICA - LEVE 4 PAGUE 3,1
LOSARTANA POT+HCTZ 100+25MG 30CPR EMS,1
LOSARTANA POT. + HIDROCLOROTIAZIDA 50+125MG 60CP EUROFARMA,1
LOSARTANA POTAS+HCT 10025MG 30CPR EUROFARMA,1
LOSARTANA POTASSICA 50 MG EUROFARMA,1
LOSARTANA POTASSICA 50MG 30CP BIOSINTETICA,1
LOSARTANA POTASSICA 50MG 30CPR BIOSINTETICA,1
LOSARTANA POTASSICA 50MG 30CPR EMS,1
LOSARTANA POTASSICA 50MG 30CPR GERMED,1
LOSARTANA POTASSICA 50MG 30CPR TEUTO,1
LOSARTANA POTASSICA 50MG C/30 COMP GERMED,1
LOSARTANA POTASSICA NEO QUIMICA 50MG 30CPR,1
LOSEC MUPS 10MG 14CPR,1
LOSEC MUPS 10MG 28CPR,1
LOSEC MUPS 20MG 14CPR,1
LOSEC MUPS 20MG 28CPR,1
LOTAR 5/100MG 30CPR,1
LOTAR 5/50MG 30CPR (PORTAL DROGARIA),1
LOXONIN FLEX 100MG ENV C 7ADESIV,1
LOZAN 200MG CX 30 COMP,1
LOZEPREL 20MG 56CPS,1
LOZEPREL 40MG 28 CPS (OMEPRAZOL)MULTILAB,1
LOÇAO FACIAL BOZZANO NIGHT BLUE 100 ML,1
LOÇÃO FACIAL BOZZANO MENTOLADA 1X100ML,1
LRP LIPIKAR BAUME AP+ M 75ML-DEMAIS PROD,1
LUBRIF K-MED GEL 100G,1
LUBRIF K-MED GEL 2 EM 1 50G,1
LUBRIF K-MED HOT 200G,1
LUBRIF K-MED ICE 200G,1
LUBRIF K-MED ICE 50G,1
LUBRIF K-MED PREL. CHUPA QUE DE UVA 50G,1
LUBRIF K-MED PRELIMINAR CHUPE FRUTTI 50G,1
LUBRIFICANTE RILEX DE SILICONE 50G,1
LUBRIFICANTE RILEX TOY LEITE CONDENSADO 100G,1
LUBRIFICANTE RILEX TOY MENTA 100G,1
LUBRIFICANTE RILEX TOY MORANGO 100G,1
LUFBEM GTS 15ML (SIMETICONA),1
LUFTA GASTRO PRO SACHE 24X10 ML,1
LUFTA GASTRO PRO SACHET 12X10 ML,1
LUFTAL GEL 125MG C 20 CAPS GEL,1
LUFTAL INFANT S/COR 75MG/ML 30ML,1
LUFTAL INFANTIL 15ML,1
LUFTAL MAX CEREJA GTS 15ML,1
LUFTY 75 MG/ML EMUL GTS 30ML,1
LUFTY 75MG/ML EMUL GTS 15ML,1
LUGANO 60 CAPS P/ INALAÇÃO,1
LUITEIMAX 20MG 60 CÁPSULAS,1
LUMIER AGE SACHE 12G X 30 (AL),1
LUMIER AOX 30 CAPSULAS,1
LUMIER FORCE 30 CAPSULAS,1
LUMIGAN RC SOL ESTERIL 3ML,1
LUMIGAN RC SOL ESTERIL 5ML,1
LUMINOUS 15ML+MICELAR 7EM1 200ML,1
LUMINOUS SERUM 30ML+DIA F50 40ML,1
LUMINOUS SERUM 30ML+SAB GEL145G,1
LUMIXYL 30ML LOCAO,1
LUNAH 1MG ML SOL OFT GOT 10ML,1
LUNAH 2MG/ML SOL OFT GOT 10ML,1
LUNE 10MG C/30 CPR,1
LUNE SL 5MG C/30 CPR,1
LUNERA SOL OFT C/1 FRASC 10ML,1
LUR 5MG C 10 COMP REV,1
LUTAB 20 MG 30 CP,1
LUTAB 40MG C/30 COMP REV,1
LUTAB 80MG C/30 COMP REV,1
LUVA CIRURGICA ESTERIL 6.5,1
LUVA CIRURGICA ESTERIL 7.0,1
LUVA CIRURGICA ESTERIL 7.5,1
LUVA CIRURGICA ESTERIL 8.5,1
LUVA CROSS PRETA (M),1
LUVA DE PROCEDIMENTO PROF G C/100,1
LUVA DE PROCEDIMENTO PROF M C/100,1
LUVA DE PROCEDIMENTO PROF P C/100,1
LUVA ESGOTO 50MM,1
LUVA ESGOTO 75MM - PLASTILIT,1
LUVA FLEXVINIL PROCEDIMENTO VINIL DESCAR SEM PO M 1X100,1
LUVA LATEX DESCARTAVEL G,1
LUVA LATEX M 50X2 NM PROC. TALGE,1
LUVA LATEX P 50X2 NM PROC. TALGE,1
LUVA LATEX PP 50X2 NM PROC. TALGE,1
LUVA NITRILICA AZUL (G) S/PO C/100 UN,1
LUVA NITRILICA AZUL (M) S/PO C/100 UN,1
LUVA NITRILICA AZUL (P) S/PO C/100 UN,1
LUVA NITRILICA PRETA M S/PO 100 UN - TALGE,1
LUVA NITRILICA PRETA P S/PO 100 UN - TALGE,1
LUVA PROC C/PO PP CX 20UNID DESCARPACK,1
LUVA PROCED LATEX PROF G 100UND ANVISA,1
LUVA PROCEDIM TOP QUALITY TAM M 100UN,1
LUVA PROCEDIMENTO *M* C/PO C/100 UNID,1
LUVA PROCEDIMENTO LATEX G C/100 C/PO,1
LUVA PROCEDIMENTO M C/100,1
LUVA PROCEDIMENTO PROF PP C100 UN,1
LUVA SIMPLES ESGOTO DN 100 MM PLAS/KRONA,1
LUVA SIMPLES ESGOTO DN 150 MM PLAS/KRONA,1
LUVA SOLDAVEL 25MMX3/4,1
LUVA VABENE MULTI USO FLEX AMARELA G PT/0012/UN,1
LUVA VINIL *G* S/PO C/100 UNID,1
LUVA VINIL *M* S/PO C/100 UNID,1
LUVA VINIL *P* S/PO C/100 UNID,1
LUVA VOLK LATEX M 100U,1
LUVIS GOLD C/60 CAPS MOLES,1
LUVIS S C/30 CAPS-DEMAIS PROD,1
LUVIS S C/60 CAPS-DEMAIS PROD,1
LUVOX 100MG C/30 CPR,1
LUVOX 100MG C/60 COMP C1-REFERENCIA,1
LUVOX 50MG C/30 CPR,1
LYBERDIA 30MG C/30 CAPS,1
LYBERDIA 40MG ML GOTAS 50ML (DESCONTO PORTAL DROGARIA),1
LYBERDIA 50MG C 30 CAPS,1
LYBERDIA 70MG C/30 CAPS,1
LYNAX GEL BISNAGA 30G+10 APLIC-DEMAIS PROD,1
LYSOFORM AEROSOL LAVANDA 360ML,1
Leite Nan Comfor 1 800g,1
Leite Nan Comfor 2 800g,1
Leite Nanlac comfor 3 800g,1
Leite Ninho Fases 1 a 3 anos 800g,1
Listerine 1L (todos os sabores),1
Loção Hidratante Nivea 5 em 1 200ml,1
Loção Hidratante Nivea Milk 200ml,1
M KENDALL MC MASC 1812 MD PRETA 1X1,1
M-LIX CREME 1MG/G 20G,1
MACA PERUANA + ZMA BLACK 2200MG C/300CPS,1
MACA PERUANA 1600MG 60 CAPS,1
MACA PERUANA 500MG 60CPR MAXINUTRI,1
MACA PERUANA 500MG C/100 CPSULAS,1
MACA PERUANA PREMIUM 2000MG - 120 CAP,1
MACA PERUANA PREMIUM C/120 CAPS,1
MACA PERUANA PREMIUM C/60CAPS (FARMADI),1
MACA PERUANA+ ZMA 2200MG C/300CPS,1
MACA PERUANA+TRIB + ZMA 2200MG C/120CPS,1
MACA TRIBULUS GINSENG 120CAPS,1
MACA ULTRA PO 100G MAXINUTRI EM PO,1
MACRODANTINA 100MG C/ 144 CAPS,1
MACRODANTINA 100MG C/ 28 CPS,1
MAG B C/60 COMP REV,1
MAG B CX C/30 COMP REV,1
MAG+QUELATUS 60CPR REV,1
MAGNALIV 130 MG C/30,1
MAGNAZIA COMP MAST 3 BL X 10 FARMA,1
MAGNAZIA COMP MAST C/20 PASTILHA,1
MAGNAZIA SUS OR FR 240 ML,1
MAGNEN B6 30CPR,1
MAGNEN B6 C/60 COMP REV-OUTROS,1
MAGNEN FEMME C/30 COMP,1
MAGNESIA BISURADA 20 X 10 PASTILHAS T ASPEN .,1
MAGNESIA BISURADA MENTA C/10,1
MAGNESIO DIMALATO C/60CPS DUOM,1
MAGNESIO L-TREONATO 500G C/30CPS,1
MAGNESIO MALATO 60CAPS DUOM,1
MAGNESIO QUELATO C/60CPS,1
MAGNESIO+TREONINA 421MG SUPRA 60CAPSULAS,1
MAGNOSTASE 2MG COMP C/12,1
MAL DE DEXCLORFENIRAMINA XPE 120ML NEO QUIMICA,1
MALACAL MDK 30CPR CALCIO MALATO MAG K2 D3 BRASTERAPICA,1
MALE DEXC+BETAMET XPE 120ML EMS,1
MALEATO DE DEXCLORFENIRAMINA 2MG/5ML SOL OR FR,1
MALEATO DE MIDAZOLAM 15 MG 30CPR GEN MEDLEY,1
MALTO DEXTRIN GUARANA 1KG,1
MALTO DEXTRIN LARANJA 1KG,1
MALTO DEXTRIN LIMAO 1KG,1
MALTO DEXTRIN MACA VERDE 1KG,1
MALTO DEXTRIN UVA 1KG,1
MALVATRIKIDS F 85G GRATIS 15G,1
MALVATRIKIDS JUNIOR GEL DENTAL,1
MALVONA PROPOLIS SPRAY 30ML,1
MAM BABY REDONDA 240ML,1
MAM BIG CLEAN 340ML SIL ORTO AZ BL LOLLY,1
MAM BIG CLEAN 340ML SIL ORTO RS BL LOLLY,1
MAM BIG ZOO 300 ML SIL RED AZ BL LOLLY,1
MAM BIG ZOO 300 ML SIL RED RS BL LOLLY,1
MAM COLOR 240ML SIL RED BL AZUL LOLLY,1
MAM COLOR 240ML SIL RED BL ROSA LOLLY,1
MAM TIP 240ML SIL ORTO BL AZUL LOLLY,1
MAM TIP 240ML SIL RED BL AZUL LOLLY,1
MAM TIP 240ML SIL RED BL ROSA LOLLY,1
MAM VIVA 250ML SIL ORTO BL AZUL/VD LOLLY,1
MAM VIVA 250ML SIL ORTO BL ROSA LOLLY,1
MAM VIVA 250ML SIL ORTO BL TRICOLOR LOLLY,1
MAM.COLORPAN 240ML AZUL B.SILIC.ORTOD.,1
MAM.COLORPAN 240ML ROSA B.SILIC.ORTOD.,1
MAM.COLORPAN 300ML AZUL B.SILIC.ORTOD.,1
MAM.COLORPAN 300ML ROSA B.SILIC.ORTOD.,1
MAM.CRIATIVA 250ML AZUL B.SIL.CONV.,1
MAM.CRIATIVA 250ML AZUL B.SIL.ORTOD.N.2,1
MAM.CRIATIVA 250ML AZUL C/ALCA B.SILIC O,1
MAM.CRIATIVA 250ML ROSA B.SIL.CONV.,1
MAM.CRIATIVA 250ML ROSA B.SIL.ORTOD.N.2,1
MAM.CRIATIVA 250ML ROSA C/ALCA B.SILIC O,1
MAM.CRIATIVA 300ML AZUL C/ALCA B.SILIC O,1
MAM.CRIATIVA 300ML ROSA C/ALCA B.SILIC O,1
MAM.CRIATIVA 70ML ROSA B.SILIC.ORTOD.,1
MAM.CRIATIVA BL 300ML AZUL B.SILIC.ORTO,1
MAM.CRIATIVA BL 300ML ROSA B.SILIC.ORTO,1
MAM.DECORADA 250ML B.SILIC.CONV.,1
MAM.PANFORME KIT C/3 AZUL B.SILIC.ORT.,1
MAM.PANFORME KIT C/3 ROSA B.SILIC.ORT.,1
MAMAD ACINTURADO LILLO SONHO AZUL / ROSA 240ML,1
MAMAD ANTI COL 260ML GIRAFA/SCF821/12,1
MAMAD ANTI COL 260ML MACACO/SCF821/11,1
MAMAD CRIATIVA ORTO 140ML AZUL NEOPAN,1
MAMAD CRIATIVA ORTO 140ML ROSA NEOPAN,1
MAMAD LOLLY TIP SIL O F 240ML/LOL,1
MAMAD LOLLY TIP SIL R F 150ML/LOL,1
MAMAD. C/ALCA 250ML RED RS NEOPAN,1
MAMAD. DECORADA 250ML ORTO AZ NEOPAN,1
MAMAD. DECORADA 250ML ORTO RS NEOPAN,1
MAMAD. DECORADA 250ML RED AZ NEOPAN,1
MAMAD. DECORADA 250ML RED RS NEOPAN,1
MAMAD. NEOTOP C/ALCA 250ML ORTO AZ NEOPAN,1
MAMAD. NEOTOP C/ALCA 250ML ORTO RS NEOPAN,1
MAMAD. NEOTOP C/ALCA 320ML ORTO AZ NEOPAN,1
MAMAD. NEOTOP C/ALCA 320ML ORTO RS NEOPAN,1
MAMAD. PANSUPER 300ML BIG RED AZ NEOPAN,1
MAMAD. PANSUPER 300ML BIG RED RS NEOPAN,1
MAMADEIRA CEFISA 240ML TAM. 2 BICO ASSIMETRICO,1
MAMADEIRA LOLY ROSA 220ML,1
MANDIOCA 700G,1
MANDIOCA KG,1
MANG CORRUGADA 25MM ROLO 10 METROS,1
MANIDIPINO 10MG C/30 COMP PHARLAB,1
MANITOL 20 250ML,1
MANITOL 500ML SISTEMA FECHADO,1
MANIVASC 10MG 28CPR,1
MANTEIGA CACAU C/PROPOLIS ROLL-ON C/20,1
MANTEIGA CACAU FLORA NECTAR,1
MANTEIGA CACAU ROLLON RIVKA,1
MANTEIGA CAP SOFTHAIR COCO/PRACAXI 220G,1
MANTEIGA CAP SOFTHAIR KARITE/CERAMI 220G,1
MANTEIGA DE CACAU,1
MANTEIGA DE CACAU MELU,1
MANTEIGA DE CACAU ROLL-ON C/20 UND,1
MANTEIGA DE SUCURI GEL MASSAGEADOR 130G,1
MANTEIGA DE TUTANO 150G,1
MANTEIGA EMOLIENTE GRANADO PINK 1X60GR,1
MANTEIGA HASKELL MURUMURU 250G,1
MANTEIGA HASKELL MURUMURU 300G,1
MANTEIGA HASKELL MURUMURU 500 GR,1
MANTEIGA HASKELL MURUMURU 900GR,1
MANTIDAN 100MG 30CP,1
MANTIDAN 100MG 30CP *R MOMENTA C1,1
MAPED GRAMPEADOR START MASTER 1HALF STRIP REF710 (26/6) 1X1$,1
MAPED GRAMPOS 26/6 CAIXA COM 1000$,1
MAPED GRAMPOS 26/6 CAIXA COM 5000$,1
MAPED TESOURA ESSENTIALS GREEN PASTEL 21 CM 1X1$,1
MAQ C/30 COMPRIMIDOS,1
MAQ DERMA 30 CAPS,1
MAQ SENIOR C/30 COMP-OUTROS,1
MAQ SENIOR SUPLEM VIT C/60CPR,1
MAQ SUPLEMENTO VIT C/60 COMP,1
MAQ VITAMINA EUROFARMA 30 CÁPSULAS,1
MARACUGINA KIDS 150ML,1
MARACUGINA MELATONINA FR 30ML,1
MARACUGINA PI 150ML,1
MARACUGINA PI 420MG C/20 COMP-OUTROS,1
MARACUGINA PI 840MG C/20COMP REV-OUTROS,1
MARACUJA HERB C/45 COMP,1
MARCHEZAN PARAFUSO VASO BUCHA S 10,1
MARESIS BABY SOL SPRAY FR 100ML,1
MARESIS HT 2% SOL SPRAY 100ML,1
MARESIS PROTECT SOL 100ML,1
MARGARINA DELICIA 1KG CREM 77% LIP CX/0012/UN,1
MARGARINA DELICIA 500G CREM 77% LIP CX/0012/UN,1
MAS BIOEXTRAT KIDS RESSEC 250G,1
MAS BIOEXTRAT QUERAVIT 1000G,1
MAS BIOEXTRAT SHITAKE 1 KG,1
MASC AMEND EXP MARULA 300G,1
MASC BIOEXT SPECIAL. MATIZA. VIOLETA 250G,1
MASC BIOEXT SPECIALISTA MATIZANTE CINZA 250G,1
MASC BIOEXT SPECIALISTA RESGATE 300ML,1
MASC BLOND 300G TERRANATIVA,1
MASC CACHOS 300G TERRANATIVA,1
MASC CAP AMEND CACHOS 250G/AME,1
MASC CAP EICO MANDIOCA 1KG,1
MASC CAP EICO PRO FORCA E CRESC 300G,1
MASC CAP EICO PRO OLEO SUBLIME 300G,1
MASC CAP FOREVER LISS BANHO MORANGO 1KG,1
MASC CAP LOLA ELA E CARIOCA 450G,1
MASC CAP LOLA XAPADINHA DISCIPLINA 100G,1
MASC CAP LOLA XAPADINHA DISCIPLINA 450G,1
MASC CAP SALON LINE #TDC PIGMENTANTE CASTANHO 150ML/SAL,1
MASC CAP SALON LINE #TDC PIGMENTANTE PRATA 150ML/SAL,1
MASC CAP SALON LINE #TDC PIGMENTANTE PRETO 150ML/SAL,1
MASC CAP SALON LINE #TDC PIGMENTANTE VERMELHO 150ML/SAL,1
MASC CAP SALON LINE MEU LISO MATIZAD. PRETO 300G/SAL,1
MASC CAP SALON LINE MEU LISO MATIZADORA CASTANHO 300G/SAL,1
MASC CAPILAR EUDORA SIAGE ACELERA CRESCIMENTO 1X250GR,1
MASC CAPILAR EUDORA SIAGE PRO CRONOLOGY 1X250GR,1
MASC CAPILAR SEDA BOOM PRO CURVATURA HIDRAT 1X500GR,1
MASC CRESC CAPILAR 300G CAPHAIR,1
MASC CRESPOS E RESSECADOS 300G TERRANATI,1
MASC DETOX 300G TERRANATIVA,1
MASC DOVE BOND INT REPAIR 250G,1
MASC FAC PO PEEL OFF 10GR,1
MASC GARNIER UN MATTE VIT C 28G,1
MASC HASKELL 3 MANTEIGA SE CURVE 500 GR,1
MASC HASKELL AMETISTA 300G,1
MASC HASKELL AMETISTA 500G,1
MASC HASKELL ARGAN 500G,1
MASC HASKELL BANANEIRA 250G,1
MASC HASKELL BANANEIRA 300 GR,1
MASC HASKELL BANANEIRA 500G,1
MASC HASKELL BENDITO LOIRO 300 GR|,1
MASC HASKELL BENDITO LOIRO 500 GR|,1
MASC HASKELL BENDITO SEJA 250 GR,1
MASC HASKELL BENDITO SEJA 500 GR,1
MASC HASKELL CACHOS SIM 250 GR,1
MASC HASKELL CACHOS SIM 300 GR,1
MASC HASKELL CACHOS SIM 500 GR,1
MASC HASKELL CAVALO FORTE 1K,1
MASC HASKELL CAVALO FORTE 250G,1
MASC HASKELL CAVALO FORTE 300G,1
MASC HASKELL CAVALO FORTE 500G,1
MASC HASKELL CAVALO FORTE 900G,1
MASC HASKELL CBA AMAZONICO 250 ML,1
MASC HASKELL CBA AMAZONICO 500 ML,1
MASC HASKELL DETOX THERAPY 200 GR,1
MASC HASKELL ENCORPA CABELO 250 GR,1
MASC HASKELL ENCORPA CABELO 500 GR,1
MASC HASKELL FANTASY CEREJA 250G,1
MASC HASKELL FANTASY COBRE 250G,1
MASC HASKELL FANTASY JEANS 250G,1
MASC HASKELL FANTASY MARSALA 250G,1
MASC HASKELL FANTASY ROSA 250G,1
MASC HASKELL HIDRA CAVALO FORTE 300 ML,1
MASC HASKELL HIDRA CAVALO FORTE 500 ML,1
MASC HASKELL HIDRANUTRE 250GR,1
MASC HASKELL HIDRANUTRE 300GR,1
MASC HASKELL HIDRANUTRE 500GR,1
MASC HASKELL HIDRATA 250 GR,1
MASC HASKELL HIDRONUTRI SE CURVE 500 GR,1
MASC HASKELL INFUSAO DE OLEOS 300 GR,1
MASC HASKELL INFUSAO DE OLEOS 500 GR,1
MASC HASKELL JABORANDI 250G,1
MASC HASKELL JABORANDI 500 GR,1
MASC HASKELL LIQUIDA LAMELAR 200 GR,1
MASC HASKELL LISO C FORCA 300 GR|,1
MASC HASKELL LISO COM FORÇA 250G,1
MASC HASKELL LISO FORCA 500 GR,1
MASC HASKELL MANDIOCA 250G,1
MASC HASKELL MANDIOCA 300G,1
MASC HASKELL MANDIOCA 500G,1
MASC HASKELL MANDIOCA 900GR|,1
MASC HASKELL MANDIOCA AFRO 250G,1
MASC HASKELL MANDIOCA AFRO 500G,1
MASC HASKELL MATIZA MAIS VIOLETA 300 GR,1
MASC HASKELL MATIZA ULTRA VIOLETA 300 GR,1
MASC HASKELL MATIZADORA RED 250G,1
MASC HASKELL MATIZADORA VIOLETA 250G,1
MASC HASKELL NUTRE 250 GR,1
MASC HASKELL OLEO DE ARGAN 250 GR,1
MASC HASKELL ORA PRO NOBIS 300GR|,1
MASC HASKELL ORA PRO NOBIS 500 GR|,1
MASC HASKELL PODER OLEOS SE CURVE 500 GR,1
MASC HASKELL POS PROGRESSIVA 300 GR|,1
MASC HASKELL POS PROGRESSIVA 500G,1
MASC HASKELL QUERATINA 250G,1
MASC HASKELL QUERATINA 300 GR,1
MASC HASKELL QUERATINA 500G,1
MASC HASKELL QUINA ROSA 250G,1
MASC HASKELL QUINA ROSA 900GR,1
MASC HASKELL REPARA 250 GR,1
MASC HASKELL RESGAST TOTAL 250G,1
MASC HASKELL RESGAT TOTAL 500G,1
MASC HASKELL SOS VERAO 300 GR|,1
MASC HASKELL TUTANO 250G,1
MASC HASKELL TUTANO 300 GR,1
MASC HASKELL TUTANO 500 GR,1
MASC HASKELL TUTANO 900GR|,1
MASC HIDRATACAO OH MY EU AMO CRON 150 GR,1
MASC LISO 300G TERRANATIVA,1
MASC NUTRICAO 300G TERRANATIVA,1
MASC OH MY FORCA QUE ME FALTAVA 500GR,1
MASC OH MY VEM DE GLICOLICO 300G,1
MASC POS-QUIM 300G TERRANATIVA,1
MASC RECOSTRUCAO OH MY EU AMO 150 GR,1
MASC TRAT DOVE BRILHO 270G,1
MASC. ACORDA CACHOS ARIBA 450g (CHIKAS),1
MASC. BIO EXTRATUS POS COLORACAO 1KG,1
MASC. CAPILAR DOVE 1 MINUTO RITUAL REPA. POTE 1X500GR,1
MASC. CILIOS PEEL OFF CHALLENGE,1
MASC. CILIOS PEEL OFF LIKE,1
MASC. CILIOS PEEL OFF MELU,1
MASC. CILIOS PEEL OFF SELFIE,1
MASC. CILIOS TROPICO DEFINEEALONG HB-500,1
MASC. CILIOS TROPICO POWER VOLUME HB-501,1
MASC. CRESCE E APARECE CABELON 450g (CHIKAS),1
MASC. P/ CILIOS EPIC LASHES - HB-506,1
MASC. SALON LINE TO D. CACHO AMIDO DE MILHO MAION500GR,1
MASC. SERUM CILIOS SOBRANCELHAS,1
MASC.BIO EXTRATUS POS COLORACAO 500G,1
MASC.DELETA DANOS ADIOS 450g (CHIKAS),1
MASC.DESLIZA LISO MUY LISO 450g (CHIKAS),1
MASC.DESMAIA CABELO 450g (CHIKAS),1
MASCA. SALON LINE SOS CRON CAPILAR RECONSTR. 300G/SAL,1
MASCA. SALON LINE SOS CRON. CAPILAR FORCA CRESCIM 300G,1
MASCA. SALON LINE SOS CRONOCAPILAR HIDRATACAO 300G/SAL,1
MASCAR. SALON LINE SOS CRONOG CAPILAR NUTRICAO 300G/SAL,1
MASCARA ACORDA CACHOS 700GR - CHIKAS,1
MASCARA AMEND HAIR DRY 300G,1
MASCARA CAP DOVE TEXT REAIS ONDULA A CRESPOS 1X50,1
MASCARA CAPILAR DOVE 1 MINUTO RITUAL CRESCI POTE 1X500G,1
MASCARA CAPILAR DOVE 1 MINUTO RITUAL FORTALEC. POT 1X50,1
MASCARA CAPILAR DOVE PODER DAS PLANTAS NUTRICAO GERANIO 1X19,1
MASCARA CAPILAR DOVE POTE 2 EM 1 HIDRATACAO 1X500GR,1
MASCARA CAPILAR DOVE POTE 2 EM 1 NUTRICAO 1X500GR,1
MASCARA CAPILAR DOVE POTE 2 EM 1 RECONSTRUCAO 1X500GR,1
MASCARA CAPILAR EUDORA INSTANCE ABACATE E OLIVA 1X200GR,1
MASCARA CAPILAR EUDORA SIAGE CAUTERI. DOS LISOS 1X250GR,1
MASCARA CAPILAR EUDORA SIAGE CAUTERIZA DOS FIOS 1X250GR,1
MASCARA CAPILAR EUDORA SIAGE CAUTERIZACAO DOS FIOS 1X250GR,1
MASCARA CAPILAR EUDORA SIAGE CICA-THERAPY 1X250GR,1
MASCARA CAPILAR EUDORA SIAGE COMBATE O FRIZZ 1X250GR,1
MASCARA CAPILAR EUDORA SIAGE DERMOHAIR ANTIQUEDA 1X250GR,1
MASCARA CAPILAR EUDORA SIAGE EXP REGENER POS QUIMICA 1X250,1
MASCARA CAPILAR EUDORA SIAGE EXPERT REGENER POS QUIMICA 1X25,1
MASCARA CAPILAR EUDORA SIAGE GLOW EXPERT 1X250GR,1
MASCARA CAPILAR EUDORA SIAGE HAIR PLASTIA 1X250GR,1
MASCARA CAPILAR EUDORA SIAGE HIDRATACAO MICELAR 1X250GR,1
MASCARA CAPILAR EUDORA SIAGE LISO INTENSO 1X250GR,1
MASCARA CAPILAR EUDORA SIAGE LOIRO EXPERT MATIZA 1X250GR,1
MASCARA CAPILAR EUDORA SIAGE LOIRO EXPERT MATIZAD 1X250GR,1
MASCARA CAPILAR EUDORA SIAGE NUTRI DIAMOND 1X250GR,1
MASCARA CAPILAR EUDORA SIAGE NUTRI OURO 1X250GR,1
MASCARA CAPILAR EUDORA SIAGE OLEOS PODEROSOS 1X250ML,1
MASCARA CAPILAR EUDORA SIAGE RECONSTROI OS FIOS 1X250GR,1
MASCARA CAPILAR EUDORA SIAGE RESGATE IMEDIATO 1X250GR,1
MASCARA CAPILAR EUDORA SIAGE RESTAUR NUTRI ROSE 1X250GR,1
MASCARA CAPILAR EUDORA SIAGE RESTAURACAO ROSE 1X250GR,1
MASCARA CAPILAR EUDORA SIAGE REVELA OS CACHOS 1X250GR,1
MASCARA CAPILAR SEDA PREBIOTICOS + BIOTINA 1X300GR,1
MASCARA CAPILAR TRESEMME BRILHO LAMELAR 1X400GR,1
MASCARA CIRURGICA DESC.TRIPLA C/50 UNID,1
MASCARA CIRURGICA DESCARTAVEL TRIPLA C/ 50UND,1
MASCARA CIRURGICA TRIPLA DESC 50X1 BRANCA/LIFEPROTECT,1
MASCARA CRESPO PODEROSO 450 GR - CHIKAS,1
MASCARA DABELLE LISO ARRASADOR 1X800GR,1
MASCARA DABELLE MEU CRONO PERFEITO RECONSTRUCAO 400GR,1
MASCARA DABELLE MICELAR 1X800GR,1
MASCARA DE PROTECAO DESCAR N95 BRANCA,1
MASCARA DE PROTECAO N95 C1 PRETA,1
MASCARA DE TRATAMENTO ELSEVE LISO DOS SONHOS 300G,1
MASCARA DESC TRIPLA C/ELAST C/50 UN AZUL SAFEMASK,1
MASCARA DESC TRIPLA C/ELAST C/50 UN BRANCA MEDICAL,1
MASCARA DESC TRIPLA C/ELAST C/50 UN BRANCA TALGE,1
MASCARA DESC TRIPLA C/ELAST C/50 UN PRETA MUNDIAL FENIX,1
MASCARA DESC TRIPLA ELAST KIDS CX 25 ROSA,1
MASCARA DESC TRIPLA ELAST KIDS CX 50 AZU,1
MASCARA DESC TRIPLA ELAST KIDS CX 50 BRA,1
MASCARA DESC TRIPLA ELAST KIDS CX 50 ROS,1
MASCARA DESC TRIPLA ELASTICO CX 50 BRANC,1
MASCARA DESC TRIPLA ELASTICO CX 50 PRETA,1
MASCARA DESC TRIPLA ELASTICO CX 50 ROSA,1
MASCARA DESC TRIPLA INF AMARELO C/10 UN,1
MASCARA DESC TRIPLA INF AZUL C/25 UN,1
MASCARA DESC TRIPLA INF BRANCA C/25 UN,1
MASCARA DESC TRIPLA INF LILAS C/10 UN,1
MASCARA DESC TRIPLA INF PRETA C/25 UN,1
MASCARA DESC TRIPLA INF ROSA C/10 UN,1
MASCARA DESC TRIPLA INF ROSA C/25 UN,1
MASCARA DESC TRIPLA INF VERDE C/10 UN,1
MASCARA DESC TRIPLA INF VERDE C/25 UN,1
MASCARA DESC TRIPLA INF VERMELHA C/10 UN,1
MASCARA DESCART. TRIPLA LIONTEX C/50UNI,1
MASCARA DESCART.TRIPLA C/50UND PRETA,1
MASCARA DESCART.TRIPLA C/50UND ROSA,1
MASCARA DESCARTAVEL KN 95 1UND.,1
MASCARA FORCA PIMENTA 1KG,1
MASCARA FORCA PIMENTA 250GR,1
MASCARA FOREVER LISS ALHO 1X450GR,1
MASCARA FOREVER LISS ALINHA HAIR 4D 1X1L,1
MASCARA FOREVER LISS BANHO DE PEROLA 1X1KG,1
MASCARA FOREVER LISS BLINDAGEM BIOMETICA 1X500GR,1
MASCARA FOREVER LISS BOTOX ARGAN 1X250GR,1
MASCARA FOREVER LISS BOTOX CENOURA 160G,1
MASCARA FOREVER LISS CATIONICA 1X450GR,1
MASCARA FOREVER LISS OLIVE OIL 1X240GR,1
MASCARA FOREVER LISS POTE BOTOX ARGAN 1X1KG,1
MASCARA FOREVER LISS POTE BOTOX ORGANICO 1X1KG,1
MASCARA FOREVER LISS PRO MATIZ SILVER MASCARA 1X230ML,1
MASCARA FOREVER LISS S.O.S ANTIEMBORRACHAMENTO 1X300ML,1
MASCARA FOREVER LISS XO FRIZZ AMACIANTE CAPILAR 1X250GR,1
MASCARA GOTA DOURADA HIALURONICO 1X250ML,1
MASCARA GRISALHOS 250GR,1
MASCARA HIDRATA CABELO 450 GR - CHIKAS,1
MASCARA INVIGO COLOR BRILLIANCE WELLA 500ML,1
MASCARA KN95 BRANCA UNITARIA,1
MASCARA KN95 PCT 1 UND,1
MASCARA KN95 PFF2 - S BRANCA UNITARIA,1
MASCARA KN95 PRETA C/10 UN,1
MASCARA KN95 PRETA UNITARIA,1
MASCARA KN95 ROSA UNITARIA,1
MASCARA MAIS HIDRA 250GR,1
MASCARA MAIS LISO 250g (BIO EXTRATUS),1
MASCARA MAIS LISO 500g (BIO EXTRATUS),1
MASCARA MAIS NUTRICAO 250GR,1
MASCARA MAIS NUTRICAO 500GR,1
MASCARA MATIZA LOIRO 450 GR - CHIKAS,1
MASCARA MATIZA LOIRO 700GR - CHIKAS,1
MASCARA N95 KIDS PCT 2 UNIDADES,1
MASCARA NOVEX HIDRATACAO RECAR. NOT. OLEO ESSEN. 1X80,1
MASCARA NUTRI CACHOS 500GR,1
MASCARA OX MARI MARIA 1X190GR,1
MASCARA OX TRATAMENTO COLAGENO 1X300GR,1
MASCARA OX TRATAMENTO HIALURONICO 1X300GR,1
MASCARA OX TRATAMENTO RESTAURA 1X300GR,1
MASCARA PANTENE BOOSTER PROTECAO COLAGENO 1X90ML,1
MASCARA PANTENE HIDRATACAO 1X270ML,1
MASCARA PANTENE MIRACLES REPARA PROTEGE ANTIFRIZZ 1X270ML,1
MASCARA PANTENE NUTRIÇÃO UMECTANTE 1X270ML,1
MASCARA PANTENE POTAO CACHOS HIDRAVITAMINADOS 1X600ML,1
MASCARA PANTENE POTAO COLAGENO 1X550ML,1
MASCARA PANTENE POTAO HIDRATACAO 1X600ML,1
MASCARA PANTENE POTAO MANUTENCAO 3EM1 FIOS DANIFICADOS 1X550,1
MASCARA PANTENE RESGATE DANO QUIMICO COLAGENO 1X90ML,1
MASCARA PANTENE RESTAURACAO 1X270ML,1
MASCARA PARA CILIOS VULT EXTRA VOLUME,1
MASCARA REALINHAMENTO CAPILAR LISAHAIR BTX HIALURONICO 1X100,1
MASCARA SALON LINE ANTIPORISADE DE REPENTE PRONTA 1X500GR,1
MASCARA SALON LINE CONDICIONANTE MATIZ ROXA 1X300G,1
MASCARA SALON LINE MEU LISO ESCUDO ANTIPOROSIDADE 1X300GR,1
MASCARA SALON LINE MEU LISO MATIZ ANTICOBRE 1X300ML,1
MASCARA SALON LINE POTE SOS HIDRATA BIO RECONST 1X1K,1
MASCARA SALON LINE POTE SOS HIDRATACAO TURBINADA 1X1KG,1
MASCARA SALON LINE SOS BOMBA FORCA ENGROSSAMENTO 1X300GR,1
MASCARA SALON LINE SOS BOMBA HIDRAT RECONSTRUTORA 1X300GR,1
MASCARA SALON LINE SOS CACHO ARGININA 1X1KG,1
MASCARA SALON LINE SOS HIDRAT CACHOS TURBINADA 1X1KG,1
MASCARA SALON LINE TO D. CACHO . MAION. OLIVA 500GR,1
MASCARA SALON LINE TODEC MATIZ VERMELHO CEREJA 1X300GR,1
MASCARA SALON LINE TODECACHO HIDRATACAO PREENC 1X300GR,1
MASCARA SALON LINE TODECACHO MATIZ CHOCOLATE 1X300GR,1
MASCARA SALON LINE TODECACHO MATIZ RUIVO NATURAL 1X300GR,1
MASCARA SALON LINE TODECACHO NUTRICAO REPOSITORA 1X300GR,1
MASCARA SALON LINE TODECACHO REPARACAO FORTAL. 1X300GR,1
MASCARA SPEC COLORANTE CASTANHO 250GR,1
MASCARA SPEC COLORANTE COBRE 250GR,1
MASCARA SPEC COLORANTE COBRE 250GR - NOVA EMBALAGEM,1
MASCARA SPEC COLORANTE MARSALA 250GR,1
MASCARA SPEC COLORANTE MARSALA 250GR - NOVA,1
MASCARA SPEC COLORANTE PRETO 250GR,1
MASCARA SPEC COLORANTE PRETO 250GR - NOVA EMBALAGEM,1
MASCARA SPEC COLORANTE VERMELHA 250GR,1
MASCARA SPECIALISTE COLORANTE 250GR,1
MASCARA TRIPLA BLANC COM ELASTICO CX C/50 UND,1
MASCARA TRIPLA C/ELASTICO 5UNID,1
MASCARA TRIPLA DESC C/ ELASTICO PREMIUM CX 50 UN/MEDIX,1
MASCRA BLOND BIOREFLEX 500g (BIO EXTRATUS),1
MASK SHEET LATIKA KIWI LOVE,1
MASK SHEET LATIKA ORANGE PASSION,1
MASS TITAN.17500 24KG REFIL ZERO LAC.CH,1
MASS TITAN.17500 3KG REFIL BAUNILHA,1
MASS TITAN.17500 3KG REFIL MORANGO,1
MASS TITANIUM 17500 14KG REFIL BAUNILHA,1
MASS TITANIUM 17500 14KG REFIL CHOCOLAT,1
MASS TITANIUM 17500 3KG-REFIL CHOCOLATE,1
MASS TITANIUM 17500 3KG-REFIL COCO,1
MASS TITANIUM 17500 3KG-REFIL LEITE COND,1
MASS TITANIUM 17500 3KG-REFIL VIT. FRUTA,1
MASSAGEADOR DEMAZON ARNICOL 100ML/60G (SOLUCAO AEROSOL AR,1
MASSAGEADOR IR-MAGNET PLUS G-TECH BIVOLT,1
MASSAGEOL AEROSOL 120ML,1
MASSAGEOL POMADA 30G,1
MATER DHA C/30 CAPSULAS,1
MATERNA 30 COMP,1
MATIZ GOTA 3D GRAFITE 300ML,1
MATIZ GOTA 3D SUPER BLACK 300ML,1
MATIZADOR FOREVER LISS MEGA MARSALA 1X500ML,1
MATIZADOR SALON LINE MAIONESE MARSALA ROXO 1X300GR,1
MATIZADOR SALON LINE TO DE CACHO MASCARA MAIONESE VERM 500GR,1
MATIZADOR SALON LINE TODECACHO MAIONESE AZUL 1X300GR,1
MATIZADOR SALON LINE TODECACHO MAIONESE PRETA 1X300GR,1
MATIZADOR SALON LINE TODECACHO MAIONESE PRETA 1X500GR,1
MATRION L-METILFOLATO GLICOSAMINA 30CP A LIBBS,1
MAX BB CREAM FPS 30 MEDIO,1
MAX BLOND CONDICIONADOR 250 ML,1
MAX PROTETOR SOLAR FPS 30 220 ML,1
MAX PROTETOR SOLAR FPS 60 220 ML,1
MAX PROTETOR SOLAR FPS 75 120ML,1
MAX PROTETOR SOLAR FPS 75 220ML,1
MAX PROTETOR SOLAR FPS 75 KIDS 150ML,1
MAXALGINA 1G C/10 CPR NATULAB,1
MAXALGINA 500MG/ML GOTAS 20ML SABOR ABACAXI,1
MAXALGINA 500MG/ML GTS 10ML(DIPIRONA)NTL,1
MAXALGINA COM 1G C/20,1
MAXALGINA COM 500MG C/30CPR,1
MAXALGINA GTS 20ML,1
MAXALT 10MG 2CPR,1
MAXAPRAN 20MG C/ 28CPR,1
MAXAPRAN 20MG C/ 60 CPR,1
MAXIBELL COL 10ML,1
MAXIDRATE 6MG/G GEL NASAL APLIC 30G-OUTROS,1
MAXIFLOX COL 5ML,1
MAXIFLOX D POMADA OFTALMICA 35G,1
MAXIFLOX POMADA OFTALMICA 35G,1
MAXIFLOX-D COL 5ML,1
MAXIMUS A Z OMEGA 3 COM 30CPR,1
MAXIMUS A Z OMEGA 3 COM 90 CP,1
MAXINOM COLIRIO,1
MAXITROL COL 5ML,1
MAXITROL POMA,1
MAXSULID 400MG 10CPR,1
MAXSULID 400MG C/30 COMP,1
MAXXI D3 KIDS 10ML,1
MEBENDAZOL GEN 20MG/ML 30ML/BELFAR,1
MEBENIX 400MG C/01,1
MECICLIN 300 MG C/ 32 CAPS,1
MECLIN 50MG 15CPR,1
MECLIN JET 25MG C 10 COMP,1
MECLIN JET 50MG C 10 COMP,1
MECOBE 1000MCG C/ 90 CP SUBL,1
MECOBE 1000MCG C/30 CP SUB,1
MED ALGODAO CAIXA DENGO 25GR,1
MED ALGODAO CAIXA DENGO 50GR,1
MED ALGODAO HIDRO DENGO ROLO 500G,1
MEDATO 10MG C/30 COMP,1
MEDI VIT C 1GR + ZINCO 10MG 30CPR EFERV/HEALTH LABS MEDIBRAS,1
MEDICAPS OMEGA 3 1000MG 120CPS/NEOLIFE MEDIBRAS,1
MEDIDOR DE GLICOSE G-TECH FREE,1
MEDIDOR GLICOSE G-TECH FREE KIT,1
MEDLEY MULHER FRESH 200ML NEUTRA,1
MEDLEY MULHER NATURAL 200ML FEM,1
MEFEX 250MG C/ 14 CPR,1
MEFEX 250MG C/10 CPR,1
MEFEX 500MG C/ 10 CPR,1
MEFEX 500MG C/14 CPR,1
MEGA MATER C/30 CAPS GEL-DEMAIS PROD,1
MEGA PACK HARDCORE C/30 PACKS,1
MEGA SPRAY QUERAVIT 100 ML,1
MEGA SPRAY QYERAVIT 250ML (BIO EXTRATUS),1
MEGA WHEY PROTEIN 900 GRAMAS IRIDIUM,1
MEIA CALCA KENDALL ALTA COMPRESSAO GD S/P MEL 1862 1X1,1
MEIA CALCA KENDALL ALTA COMPRESSAO MD S/P MEL 1893 1X1,1
MEIA CALCA KENDALL MEDIA COMPRE EXG C/P MEL 1X1,1
MEIA CALCA KENDALL MEDIA COMPRESSA 3/4GD MASC PRETA1813 1X1,1
MEIA CALCA KENDALL MEDIA COMPRESSA GEST GD C/P MEL 1333 1X1,1
MEIA CALCA KENDALL MEDIA COMPRESSAO 3/4 MD C/P MEL 1672 1X1,1
MEIA CALCA KENDALL MEDIA COMPRESSAO GD C/P MEL 1633 1X1,1
MEIA CALCA KENDALL MEDIA COMPRESSAO MD C/P MEL 1632 1X1,1
MEIA CALCA KENDALL SUAVE COMPRESSAO GD S/P MEL 2263 1X1,1
MEIA CALCA KENDALL SUAVE COMPRESSAO MD S/P MEL 2262 1X1,1
MEIA K MC 78 SPONT RENDA 1943 G,1
MEIA K MC CALC C/PONT MEL P,1
MEIA K MC CALC SPONT 1701 MEL P,1
MEIA K MC CALC SPONT 1707 MEL GG,1
MEIA K MC CURTA 34 SPONT 1872 MEL M,1
MEIA K MC CURTA 34 SPONT 1873 MEL G,1
MEIA K MC GEST SPONT 1372 MEL M,1
MEIA K MC GEST SPONT 1373 MEL G,1
MEIA K P 3/4 SEM PONTEIRA,1
MEIA KENDALL ALTA COMPRESSAO 3/4 S/PONTEIRA MEL G,1
MEIA KENDALL ALTA COMPRESSAO 3/4 S/PONTEIRA MEL GG,1
MEIA KENDALL ALTA COMPRESSAO 3/4 S/PONTEIRA MEL M,1
MEIA KENDALL ALTA COMPRESSAO 7/8 S/PONTEIRA MEL G,1
MEIA KENDALL ALTA COMPRESSAO 7/8 S/PONTEIRA MEL M,1
MEIA KENDALL ALTA COMPRESSAO MEIA-CALCA S/PONTEIRA MEL,1
MEIA KENDALL ALTA COMPRESSAO MEIA-CALCA S/PONTEIRA MEL GG,1
MEIA KENDALL MASCULINA ALTA COMPRESSAO 3/4 MARROM G 1533,1
MEIA KENDALL MASCULINA ALTA COMPRESSAO 3/4 MARROM M,1
MEIA KENDALL MASCULINA ALTA COMPRESSAO 3/4 PRETA M 1,1
MEIA KENDALL MASCULINA ALTA COMPRESSAO PRETA G 3/4,1
MEIA KENDALL MASCULINA MEDIA COMPRESSAO BEGE 7/8 G,1
MEIA KENDALL MASCULINA MEDIA COMPRESSAO BEGE 7/8 M,1
MEIA KENDALL MEDIA COMPRESSAO 3/4 S/PONTEIRA MEL (1877) GG*,1
MEIA KENDALL MEDIA COMPRESSAO 7/8 C/ SILICONE MEL G,1
MEIA KENDALL MEDIA COMPRESSAO 7/8 C/ SILICONE MEL GG,1
MEIA KENDALL MEDIA COMPRESSAO 7/8 S/PONTEIRA MEL GG,1
MEIA KENDALL MEDIA COMPRESSAO GESTANTE S/PONTEIRA MEL,1
MEL BISNAGA 280 GR SMELL,1
MEL BISNAGA 500 GR SMELL **,1
MEL C/10 SACHE,1
MEL EM SACHES,1
MEL NATUS MINAS 280GR,1
MEL PURO 300GR ORGANICO,1
MEL PURO POTE 450GR,1
MEL ROSADO 30ML,1
MEL SACHE 10 UNID,1
MEL SACHE COMPOSTO DE MEL E PROPOLIS C/10 UNID,1
MEL SACHE COMPOSTO DE MEL E ROMA E ACEROLA C/10 UNID,1
MEL TIRAS SMELL,1
MEL+PROP+VIT C+ZINC (BROMEXAN) AD MENTA 120ML,1
MELAGRIAO SPRAY LARANJA 30ML CATARINENSE,1
MELAGRIAO SPRAY LIMAO 30ML CATARINENSE,1
MELAGRIAO SPRAY MENTA 30ML CATARINENSE,1
MELAGRIAO XPE 150ML,1
MELATONINA 20 ML SOLUCAO GOTAS,1
MELATONINA FRASCO 300 COM ORODISP (AL),1
MELATONINA GOTAS 20ML S/SABOR,1
MELATONINA SOL GOT MARAC 25ML,1
MELATONINA SOL GOT MENTA 25ML,1
MELATONIZE THERAPI MELATONINA 21MG 20 ML,1
MELATONUM COMPLETE C/30 CAPS,1
MELATONUM MAX SOL 30ML MENTA,1
MELATONUM SOL SABOR MENTA 30ML,1
MELATOSSIL IMUNE 150ML,1
MELEKA NEON C/ SURPRESA,1
MELIK 75MCG C/28 COMP REV,1
MELLERIL 10MG C 20 DRG,1
MELLERIL 25MG 20DRG,1
MELLERIL 50MG 20CPR REV,1
MELLERIL 50MG C/20 DRG,1
MELOCOX 15MG INJ 15ML C/5 AMPOLAS,1
MELOXICAM 15MG 10CPR EUROFARMA,1
MELOXICAM 15MG 10CPR NEO QUIMICA,1
MELOXICAM 15MG 10CPR PHARLAB,1
MELOXICAM 15MG 10CPR TEUTO,1
MELOXIGRAN 15MG 10CPR,1
MELYSSE 25MG/5ML XPE PED 120ML,1
MELYSSE 50MG/5ML XPE ADUL 120ML,1
MEMANTINA 10MG 60CPR REV NOVA QUIMICA,1
MEMOVA C 30 CAPS,1
MEMOVA C 90 CAPS,1
MENELAT 30MG C/ 30 CPR,1
MENELAT 45MG C/ 30 CPR,1
MENELAT ODT 15MG C/30 CPR,1
MENELAT ODT 30MG C 30 COMPRIMIDOS,1
MENELAT ODT 45MG C 30COMP ORO,1
MENSYVA 200MG C 30 COMP REV,1
MENSYVA 25MG C 30 COMP REV,1
MENTOS BALA STICK FRUT VERMELHAS 14PAST/MENT,1
MENTOS BALA STICK FRUTAS 16X14PAST/MENT,1
MENTOS BALA STICK FRUTAS NOVO RAINBOW,1
MENTOS BALA STICK MINT 14PAST/MENT,1
MENTOS BALA STICK TUTTI FRUTTI 16X24PAST/MENT,1
MENTOS GOMA BIG GARRAFA AZUL 92gr,1
MENTOS GOMA BIG GARRAFA TUTTI FRUTTI 1X92G/MENT,1
MENTOS GOMA GARRAFA MORANGO 6X56G/MENT,1
MENTOS GOMA GARRAFA UP2U,1
MENTOS GOMA GARRAFA UVA 6X56G/MENT,1
MENTOS GOMA MONO PECAS PURE FRESH SOR,1
MENTOS GOMA MONO PECAS PURE FRESH/WHITE SORT,1
MENTOS LATA KISS MENTA EXTRA FORTE 1X35G/MENT,1
MENTOS LATA KISS MINT 1X35G/MENT,1
MENTOS LATA KISS MINT MENT,1
MENTOS LATA KISS MORANGO 1X35G/MENT,1
MERCILON CONTI C 28 COMP,1
MERITOR 21000MG 30CPR,1
MERTHIOCORT SPRAY 45ML,1
MERTHIOLATE SPRAY 45ML B2,1
MES DOXAZOSINA 2MG C/30COMP/NOV,1
MESACOL 250MG 10SUP,1
MESACOL 500MG 10SUP,1
MESACOL 500MG C/15 SUP-REFERENCIA,1
MESACOL 800MG 30CPR,1
MESACOL MMX 1200MG 30CPR,1
MESALAZINA 1200MG C 30 CP RANBAXY,1
MESALAZINA 800MG 30CPR GERMED,1
MESALAZINA 800MG 30CPR LEGRAND,1
MESIGYNA 50MG/ML C/ 1 AMP,1
MESILATO DE DOXAZOSINA 2MG 30CPR TEUTO,1
MESTINON 60MG C/60 COMP,1
METAMUCIL LARANJA 10UNIDADES,1
METAMUCIL S. ORIGINAL 210GRX6IT-OUTROS,1
METAMUCIL SOLUVEL LARANJA 174G-OUTROS,1
METFORMINA 500MG 30CPR TEUTO,1
METFORMINA 500MG CX 30 COMP,1
METFORMINA 850 C/30 MG PRATI,1
METFORMINA 850MG 30CP TEUTO,1
METFORMINA CLD 850MG 60 CPS / GEN CLORIDRATO DE METFORMINA,1
METFORMINA CLD LP 500MG 30 CPS / GEN CLORIDRATO DE METFORMIN,1
METFORMINA CLD LP 500MG 60 CPS PRATI,1
METFORMINA LP 500MG 30 CPS,1
METICORTEN 5MG C/20 COMP,1
METILCOBALAMINA VITAMINA B12 60 CAPS DUOM,1
METILDOPA 250MG 30CPR EMS,1
METILDOPA 500MG C/ 30 COMP EMS,1
METILFENIDATO 10MG 30 CPR EUROFARMA,1
METILFENIDATO 10MG 30 CPR EUROFARMA DESMARCADOS,1
METILFENIDATO 10MG 60 CPR ALTHAIA DESMARCADOS,1
METILFENIDATO 10MG 60CPR (A3)(G) EUROFARMA,1
METILFENIDATO 10MG C/30 COMP EMS,1
METILFENIDATO 10MG C/60 EMS,1
METIOTRAT SPRAY FR 45 ML,1
METOPROLOL 50MG 30CPR PHARLAB,1
METRONIDAZOL + NISTATINA 100MG/G+20.000 UI/G GEN PRATI,1
METRONIDAZOL + NISTATINA TEUTO,1
METRONIDAZOL 100 MG/G GELEIA VAGINAL 50 G C/ 10 APLIC. GEN P,1
METRONIDAZOL 100MG GEL VAG BG 55G+10 APLIC,1
METRONIDAZOL 250 MG C/ 20 CPR GEN PRATI,1
METRONIDAZOL 250 MG C/ 20 CRP GEN TEUTO,1
METRONIDAZOL 400 MG C/ 24 CPR GEN TEUTO,1
METRONIDAZOL 40MG/ML SUSP 120ML GEN EMS DESMARCADOS,1
METRONIDAZOL GEL 50 G C/ 10 APL. GEN TEUTO,1
METRONIDAZOL GEL VAG 50G + 10 APLIC,1
METRONIDAZOL+NISTATINA CR VAG 50 GR+10AP GEOLAB,1
MEU CACHO MINHA VIDA CONDICIONADOR 500G,1
MEU CACHO MINHA VIDA CREME PENTEAR 500G,1
MEU CACHO MINHA VIDA JELLY GEL 500G,1
MEU CACHO MINHA VIDA MASCARA 450G,1
MEU CACHO MINHA VIDA SHAMPOO 500ML,1
MEU CRONOGRAMA PERFEITO 270 G,1
MICARDIS 40MG C/30 COMP (PORTAL DROGARIA),1
MICARDIS 80MG C 30 COMP,1
MICARDIS ANLO 80 5MG C 30 COMP (PORTAL DROGARIA),1
MICARDIS ANLO 80/10MG C/30 COMP,1
MICOLAMINA ESMALTE 6G+LIXAS,1
MICONAZOL 20MG CR VAG 80G+14 APLICADORES,1
MICONAZOL NIT CR 28G / GEN NITRATO DE MICONAZOL,1
MICONAZOL NIT CR VG 80G+14 APL / OUT NITRATO DE MICONAZOL,1
MICONIL LOCAO 30ML (MICONAZOL ),1
MICOPLEX POM 45G (TIABENDAZOL+NEOMICINA),1
MICPURE 50MG C/30 COMP REV,1
MICRODIOL 21CPR,1
MICROVLAR 21CPR,1
MICROVLAR C/63 DRG,1
MIFLONIDE 400MCG C 60CAPS+1INAL (PORTAL DROGARIA),1
MIGRALIV 12CPR (DIIDROERGOTAMINA+DIP+CAF,1
MILGAMA 150MG 30DGR,1
MILIMETRIC PROTETOR SOLAR 40G FPS 70,1
MILLAR BIS PLAST 30G,1
MILNUTRI PREMIUM 800G,1
MILNUTRI PREMIUM 800G PACK C/2,1
MINANCORA AC SAB FACIAL LIQ 80ML,1
MINANCORA ACTION CREME 30GR,1
MINANCORA POM 30G,1
MIND 10MG C/ 30 CPR,1
MIND 20MG C 30 COMPRIMIDO,1
MINEL 200MG C/30 COMP REV,1
MINERAL 89 50ML,1
MINERAL 89 CREME 40ML,1
MINEROVIT HOMEM C/60 COMPRIMIDOS,1
MINEROVIT MULHER C/60 COMPRIMIDOS,1
MINI CX SOM PORTATIL BLUETOOTH,1
MINI GALAO FUME - 1875ML,1
MINI MAM TIP 50ML SQ AZUL LOLLY,1
MINI MAM TIP 50ML SQ ROSA LOLLY,1
MINI MASC HASKELL CAVALO FORTE 50GR,1
MINI TALA TEC PUNHO AZUL GRANDE/DIREITO - LOTE: 101677111,1
MINI TALA TEC PUNHO AZUL GRANDE/ESQUERDO - LOTE: 094346110,1
MINI TALA TEC PUNHO AZUL MEDIO/DIREITO - LOTE: 092262115,1
MINI TALA TEC PUNHO AZUL MEDIO/ESQUERDO - LOTE: 101677113,1
"MINIAN 015MG+0,02MG CX 63 COMP REV"",",1
MINIMA 72CPR EMBALAGEM ECONOMICA,1
MINOXIDIL 50MG ML SL CAP 50ML RANBAXY,1
MINOXIDIL 50MG ML SOL 50ML BIOSINTETICA,1
MINOXIDIL 50MG SOL CAP 100ML NEO,1
MINOXIDIL 600MG C/60CPS,1
MINTI 20MG ML SUS 100ML,1
MINTI 20MG ML SUSP 45ML,1
MINTI 20MG SUSP 100ML SN,1
MINTI 20MG/ML SUSP 45 ML,1
MIOFIBRAX 10MG 30CPS,1
MIOGESIC LIS 5+125MG C 30 CP REV,1
MIOGESIC LIS 5+125MG C/15 CP REV,1
MIORRELAX 30 COMP,1
MIORRELAX 300+50+35MG C/20 COMP,1
MIOSAN CAF 10/60MG 15CPR,1
MIOSAN ODT 10MG C/10 COMP OROD,1
MIOSAN ODT 5MG C/10 COMP OROD,1
MIRACALCIO MDK 60CPR - CALCIO + ASS,1
MIRADOR 1G C/ 10 COMP,1
MIRANDELLA REF 411 ESCOVA ALMOFADA QUADRADA,1
MIRTAX 10 MG 15 CP S ACHE .,1
MIRTAX 10MG 30CPR,1
MIRTAX 5 MG 15 CP S ACHE .,1
MIRTAX 5 MG 30 CP S ACHE .,1
MIRTAZAPINA 15 MG C/ 28 CPR GEN NOVARTIS,1
MIRTAZAPINA 15MG C/30 CPR NOVA QUIMICA,1
MIRTAZAPINA 15MG C/30 GERMED,1
MIRTAZAPINA 15MG C/30 GERMED DESMARCADOS,1
MIRTAZAPINA 30 MG C/ 30 CPR GEN PRATI DONADUZZI,1
MIRTAZAPINA 30MG 30CPR TORRENT,1
MIRTAZAPINA 30MG C/30 COMPRIMIDO EMS,1
MIRTAZAPINA 30MG C/30 CPR GEN PHARLAB,1
MIRTAZAPINA 30MG C/30 CPR GERMED,1
MIRTAZAPINA 30MG C/30 GEN EMS,1
MIRTAZAPINA 45 MG C/ 30 CPR GEN PRATI DONADUZZI,1
MIRTAZAPINA 45MG 30 CPR TORRENT,1
MIRTAZAPINA 45MG C/28 SANDOZ,1
MITRUL 15MG C/10 CAPS,1
MITRUL 15MG C/5 CAPS,1
MIXCOR VEDAMIX FACHADAS 18KG,1
MIXER 220V$,1
MIZONOL 28G CR DERM MICONAZOL GEOLAB,1
MMD 1402 AQUARELA BIG 330 ORTO N2 ROSA,1
MMD 1503 NATURAL BRANCA 70ML BICO UNIV,1
MMD 1603 CHUQUINHA 50 ML BRANCA,1
MMD AQUARELA BIG 330 ML ORTO AZUL KUKA,1
MMD AQUARELA BIG 330 ML ORTO ROSA KUKA,1
MMD AQUARELA BIG 330 ML UNIVERSAL AZUL KUKA,1
MMD AQUARELA BIG 330 ML UNIVERSAL ROSA K,1
MMD BIG NATURAL 330 ML UNIVERSAL AZUL KUKA,1
MMD BIG NATURAL 330ML ORTO AZUL KUKA,1
MMD BIG NATURAL 330ML ORTO ROSA KUKA,1
MMD BIG PREMIUM COLOR 330ML UNIVERSAL BRANCA,1
MMD DIVERTIDA SIL N2 240ML AZUL LILLO,1
MMD DIVERTIDA SIL N2 240ML ROSA LILLO,1
MMD EASY ACTIVE 270ML NEUTRAL 4839 MAM,1
MMD EASY ACTIVE 330ML NEUTRAL 4832 MAM,1
MMD EASY START 130ML AZUL MAM,1
MMD EASY START 130ML MARFIM 4651 MAM,1
MMD EASY START 130ML ROSA MAM,1
MMD EASY START 320ML BOYS MAM,1
MMD EASY START 320ML GIRLS 4678 MAM,1
MMD EASY START 320ML MARFIM 4679 MAM,1
MMD EASY START GIFT SET MARFIM 4675 MAM,1
MMD EASY START STARTER SET DUP CINZA 4696MAM,1
MMD EASY START STARTER SET DUP NEUTRA 4695MAM,1
MMD EASY START STARTER SET DUPLA AZ 4693 MAM,1
MMD EASY START STARTER SET DUPLA ROSA 4694MAM,1
MMD ELEGANCE PLUS 150ML ORTO N1 CINZA KUKA,1
MMD ELEGANCE PLUS 320ML ORTO N2 AZUL KUKA,1
MMD ELEGANCE PLUS 320ML ORTO N2 CINZA KUKA,1
MMD ELEGANCE PLUS 320ML ORTO N2 ROSA KUKA,1
MMD ESSENTIAL 330ML BC BIG ORTO AZUL KUKA,1
MMD ESSENTIAL 330ML BC BIG ORTO ROSA KUKA,1
MMD ESSENTIAL 330ML BC BIG UNIVERSAL AZ KUKA,1
MMD ESSENTIAL 330ML BC BIG UNIVERSAL RS KUKA,1
MMD FIRST BOTTLE 160ML BOYS MAM,1
MMD FIRST BOTTLE 160ML MARFIM MAM,1
MMD FIRST BOTTLE 260ML BOYS MAM,1
MMD FIRST BOTTLE 260ML GIRLS MAM,1
MMD FIRST BOTTLE 260ML MARFIM MAM,1
MMD MINIFORM 1 PASSOS 50ML NEUTRA LILLO,1
MMD NATURAL COLOR 160ML UNIVERSAL AZUL KUKA,1
MMD NATURAL COLOR 160ML UNIVERSAL ROSA KUKA,1
MMD NATURAL COLOR 70ML ORTO RS KUKA,1
MMD SUPER EVOLUTION LTX 300ML - NEUTRA LILLO,1
MMD SUPER EVOLUTION MAGIA SIL 300ML ROSA LILO,1
MOBALE 75MG C 30 CAPS,1
MOBIFLEX HA C 60 CAPS DURA,1
MOCHILA SACO BODYSIZE,1
MODELADOR CACHOS HASKELL SE CURVE 500 GR,1
MODELADOR GAMA CERAMIC NANO TOURMALINE NEW 25MM - BVT,1
MODELADOR SEIOS-EVA-TAM.46/GG C/03 PARES,1
MODELADORA DE CACHOS HASKELL GELATINA 200G,1
MODIK 50MG CR DERM C 12 250MG,1
MODIK 50MG CR DERM C 6 250MG,1
MOLICO FIBRAS 260G 12408826,1
MOLICO ZERO LACTOSE COMPOSTO 260G,1
MOLIERI 20 3+002MG 30CPR SN,1
MOLIERI 20 CPR 1X24-SIMILAR,1
MOLIERI 30 3+003MG 63CPR-SIMILAR,1
MOLIERI 30 CPR REV 1X21-SIMILAR,1
MOLIERI 30 SEM PARAR 28CPR,1
MOMETASONA 01% CREME 20G GERMED,1
MOMETASONA FUROATO 50MCG SPR NAS 60DS G EUROFARMA .,1
MOMETASONA FUROATO 50MG SPR NAS 120DS G EUROFARMA .,1
MONALIZ - MEU CONTROLE C/30CPR,1
MONAX SUSP SPRAY NASAL C 120ACIO,1
MONESSA 90 CAPS (PORTAL DROGARIA),1
MONESSA POS PARTO 14G C 30 SACHE,1
MONONITRATO DE ISOSSORBIDA 20MG 0CP BIOSINTETICA,1
MONTA TUDO 86PCS LOLLY,1
MONTELAIR 10MG 30CPR,1
MONTELAIR 10MG C 60 COMP,1
MONTELAIR 4MG 30SACHES,1
MONTELAIR 4MG C 60 SACHES,1
MONTELAIR 4MG C/60 COMP MAST,1
MONTELAIR 4MG CPR MAST C/30,1
MONTELAIR 5MG C/30 COMP,1
MONTELAIR 5MG C/60 COMP MAST-SIMILAR,1
MONTELUCASTE 4 MG GRAN 30 ENV G EUROFARMA .,1
MONTELUCASTE DE SODIO 4MG 60CPR,1
MONTELUCASTE MAST 5MG 30COMP BIOSINTETICA,1
MONTELUCASTE SOD 10MG 60COMP EUR,1
MONTELUCASTE SOD 10MG CPR 1X30 EUROFARMA,1
MONTELUCASTE SOD 4MG 30COMP EUROFARMA,1
MONTELUCASTE SOD 5MG 30COMP EUROFARMA,1
MONTELUCASTE SOD 5MG 60COMP EUR,1
MONTELUCASTE SODICO 10MG 30CPR,1
MONTELUCASTE SODICO 4MG 30CPR,1
MONURIL GRANULADO C/ 1 ENV,1
MONURIL GRANULADO C/ 2 ENV 8G,1
MOOD GEL TINT RUBY ROSE 3ML,1
MOOD GEL TINT RUBY ROSE 3ML NATURAL PEACH,1
MOOD GEL TINT RUBY ROSE 3ML NATURAL RED,1
MOOD SECANTE DE ESMALTE 400ML,1
MORATUS 20MG C/30CPR,1
MORDEDOR CHOCALHO PETTY 7049-01-M,1
MORDEDOR CHOCALHO PETTY 7049-01-N,1
MORDEDOR DE AGUA CAVALINHO BUBA,1
MORDEDOR DE AGUA MAOZINHA BUBA,1
MORDEDOR DE AGUA PEZINHO BABY BUBA,1
MORDEDOR DE AGUA URSINHO BUBA,1
MORDEDOR E CHOCALHO COELHO AZ VILATOY,1
MORDEDOR E CHOCALHO COELHO RS VILATOY,1
MORDEDOR E CHOCALHO ELEFANTE AZ VILATOY,1
MORDEDOR E CHOCALHO ELEFANTE RS VILATOY,1
MORDEDOR E CHOCALHO GATA AZ VILATOY,1
MORDEDOR E CHOCALHO GATA RS VILATOY,1
MORDEDOR E CHOCALHO ZEBRA AZUL VILATOY,1
MORDEDOR E CHOCALHO ZEBRA ROSA VILATOY,1
MORDEDOR MAOZINHA AZUL VILATOY,1
MORDEDOR MAOZINHA ROSA VILATOY,1
MORDEDOR PEIXE C/PENDURICALHOS BL AZ LOLLY,1
MORDEDOR PEIXE C/PENDURICALHOS BL RS LOLLY,1
MORDEDOR PEZINHO AZUL VILATOY,1
MORDEDOR PEZINHO ROSA VILATOY,1
MORDEDOR SOFT AZUL CARTELA C/1,1
MORDEDOR SOFT ROSA CARTELA C/1,1
MORDEDOR TRICOLOR BL LOLLY,1
MORIALE ODT 10MG 30CPR OROD,1
MORIALE ODT 5MG C/30COMP OROD,1
MORO TERMO HERBAMED C/60 COMPRIMIDOS,1
MOROBIO BK C/60 500MG,1
MOROSIL 120 CAPS 500MG - BIOVIDA,1
MOROSIL 60 CPS 500MG,1
MOROSLIM 60 CÁPSULAS,1
MORTE SUBITA CONDICIONADOR 250G,1
MORTE SUBITA MASCARA 450G,1
MORTE SUBITA REPARACAO TOTAL 250ML,1
MORTE SUBITA SHAMPOO LIQUIDO 250ML,1
MORTE SUBITA SHAMPOO SOLIDO 100G,1
MORTRAZ 50MG 60CP,1
MOTILEX C 30 CAPS,1
MOTILEX C 60 CAPS,1
MOTILEX HA C 30 CAPS,1
MOTILEX HA C 60 CAPS,1
MOTILEX HA+MSM C 30 COMP REV,1
MOTILIUM 10MG 30CPR,1
MOTILIUM 10MG 60CPR,1
MOTILIUM 10MG 90CPR,1
MOTILIUM 10MG C 30 COMP,1
MOTILIUM SUSP 100ML,1
MOTILIUM SUSP 200ML,1
MOTIX C/ 50COMP,1
MOTIX INJ C 10 AMP,1
MOTIX POM 50G,1
MOTORE 250MG C/ 60 CAPS,1
MOTRAZ 100MG 30CP,1
MOUSSE LIM NIVEA AQUA ROSE 150ML,1
MOUSSE MIC ANTIACNE 150ML PHALLEBEAUTY,1
MOUSSE ROSA MOSQUETA 150ML (DEMAZON),1
MOVIMENT C 12G SCH 1X30-DEMAIS PROD,1
MOVINAU SOL OR GOT 4MGML 20ML,1
MOVYDIA 200MG 10CPS,1
MOVYDIA 200MG 30CPS,1
MOXIFLOXACINO 400MG C/ 7 CPR GEN EUROFARMA,1
MROSE BATOM MATTE 1x1,1
MTL BALANCA DIG. 180K HEALTH PRATA,1
MTOR 1G C 90 COMP EURO,1
MTS GF PURE FRESH WHITE 01 UN -0130,1
MTS GOMA STICK MINT DP14UN -2432,1
MTS GOMA STICK W.GREEN DP,1
MTS LATA 30MIN P.MINT DP 1X1,1
MTS LATA 30MIN W.GREEN DP 1X1,1
MTS LATA C.B ORANGEMINT DP 12 UN -2729,1
MTS PURE MONO FRESH SORT.DP UND,1
MTS PURE MONO TUTTIFRUTTI DP UND,1
MTS STICK FANTA LARANJA DP 16 UN - 8443,1
MTS STICK MORANGO IOG DP 16 UN -3088,1
MTS TRIPLA 3+ COOLWHITE BLUEBERRY 1UN,1
MTS TRIPLA 3+ COOLWHITE P.MINT 1,1
MUCILON ARROZ 180G,1
MUCILON ARROZ 400G,1
MUCILON ARROZ E AVEIA 400G,1
MUCILON DE ARROZ AV.SAC.1X360G,1
MUCILON DE ARROZ SACH.1X360G,1
MUCILON DE CEREAIS SACH.9X360G,1
MUCILON MILHO 400G,1
MUCILON MILHO SACHET 360GR,1
MUCILON MULTICEREAIS 180G,1
MUCILON MULTICEREAIS 400G,1
MUCILON MULTICEREAIS 600 G,1
MUCILON MULTICEREAIS SACHET 230G/NEST,1
"MUCILON SACHÊ 360G (ARROZ, MULTICEREAIS, MILHO, ARROZ E AVEIA)",1
MUCOFAN XP INF 100ML,1
MUCONAT XPE 120ML INFANTIL NATIVITA,1
MUD CR 10G,1
MUD CREME 10G,1
MUD ORAL POM 10G,1
MULETA CANAD STAR APOIO FIXO INJ ADULTO/PRETO - LOTE: 103534,1
MULTI-BI 335 MG 10 CAP A SUPERA .,1
MULTI-BI 335 MG 30 CAP HM SUPERA .,1
MULTI-BI 335 MG 5 CAP A SUPERA .,1
MULTIFUNCIONAL EPSON ECOTANK L3250,1
MULTIGRIP 20CPS,1
MULTIGRIP C/04 COMPRIMIDOS,1
MULTISORO ADULTO 30ML,1
MULTISORO INF FR 30 ML,1
MUNHEQUEIRA AJUSTAVEL,1
MUNHEQUEIRA NEO AJUSTAVEL PUNHO E DEDO CREMER,1
MUNHEQUEIRA REGULAVEL,1
MUNHEQUEIRA ULTRA FIT,1
MUPIROCINA 20 MG/G POMADA C/ 15 G GEN PRATI,1
MURIEL AGUA DE BANHO ACQUA ESSENCE FLOR DE LARANJEIRA 250ML,1
MUSCULARE 10MG 15CPR,1
MUSTELA CALMANTE HIDR CR 200ML,1
MUSTELA CICASTELA CR 40ML,1
MUSTELA CR ASSAD VITA 123 110G,1
MUSTELA DERMO LAVANTE GEL 500ML,1
MUSTELA DERMO LAVANTE GEL 750ML,1
MUSTELA HIGIENE AREAS DELICADA GEL 200ML,1
MUSTELA HYDRA BEBE CORPO 300ML,1
MUSTELA HYDRA BEBE CORPO 500ML,1
MUSTELA LAVANTE APAIS GEL 300ML,1
MUSTELA MATERNITE OIL PREV ESTRIAS 105ML,1
MUSTELA MATERNITE PREV ESTRIAS CR 250ML,1
MUSTELA OLEO DE MASSAGEM 100ML,1
MUSTELA PHYSIOBEBE AGUA LIMP 300ML,1
MUSTELA SERUM ESTRIAS 45ML,1
MUSTELA STELAKER CROSTA LACTEA CR 40ML,1
MUSTELA STELATOPIA BALSAMO CR 200ML,1
MUSTELA STELATOPIA EMOLIENTE CR 200ML,1
MUSTELA STELATOPIA GEL LAVANTE 500ML,1
MUVINLAX 20SACHES 14G,1
MYDRIACYL 1% COLIRIO 5ML,1
MYLANTA PLUS MORANGO 240ML,1
MYLUS 0075 MG C/28 COMP REV,1
MYRAFER 400MG C 30 COMP REV,1
MYRAFER C 30+80MG 30CPR,1
MYRAFER GOTAS 100MG/ML 30ML,1
MYRAFER GOTAS 400MG/ML 30ML-OUTROS,1
MYRBETRIC 50MG C 30 COMP REV,1
MYRBETRIC 50MG C/10 COMP REV-REFERENCIA,1
MYTEDON 10MG C/ 20 CPR,1
MYTEDON 5MG C/20 COMP A1-REFERENCIA,1
MYTEDON 5MG C/20 COMP DESMARCADOS,1
Metronidazol 100Mg Gel Vag 50G 10Ap*,1
Máscara Capilar Truss Specific Mask 180g,1
N VIGORA PLUS MELATONINA 021MG/GOTA SOL / NEU MELATONINA /,1
N VIGORA PURA-VITAMINA E / NEU ACETATO DE RACEALFATOCOFEROL,1
NACTALI 75MCG 3X28 COMP,1
NAIRE 20MG 30CPR (BILASTINA),1
NAIRE 20MG C 15 CPR,1
NALDECON MULTI 16UN,1
NALDECON MULTI DSP 4 CPS,1
NALDECON NOITE 24CPR,1
NALDECON NOITE 4CPR,1
NALDECON NOITE C/4 COMP,1
NAN COMFOR 1 400G,1
NAN COMFOR 2 800G,1
NAN CONFOR 1 E 2 800G,1
NANLAC 1-3 800G,1
NANLAC CONFOR 1 A 3 ANOS 800G,1
NANLAC SUPREME 800G,1
NAPRIX 10MG 30CPR,1
NAPRIX 10MG C/90 COMP,1
NAPRIX 5MG 30CPR,1
NAPRIX 5MG C 90 COMP,1
NAPRIX A 10/10MG C/30 COMP,1
NAPRIX A 10/5MG 30CPR,1
NAPRIX A 5/5MG 30CPR,1
NAPRIX D 5/25MG C/30 CAPS,1
NAPRONAX 550MG 10CPR,1
NAPROX 500MG 20CPR,1
NAPROXENO 500MG C/10 UNIAO QUIMICA,1
NAPROXENO 550MG 10CPR NEO QUIMICA,1
NAPROXENO 550MG 20CPR NEO QUIMICA,1
NAPROXENO 550MG C 10 COMP GERMED,1
NAPROXENO 550MG C/10 CPR NEO QUIMICA,1
NAPROXENO 550MG C/20 COMP GERMED,1
NAPROXENO SODICO 550MG 10 CPR REV (GERMED),1
NARIDRIN 12HS 30ML,1
NARIDRIN ALTO VOLUME KIT 30 ENV X 216G + FRASCO 240ML,1
NARIDRIN ALTO VOLUME SACHE 30 ENV X 2,1
NARIDRIN BEBE 30ML,1
NARIX ADULTO 30ML,1
NASAL FREE SPRAY MEDQUIMICA 50ML,1
NASALIV 60 ML,1
NASOAR INF REFIL C/15 ENV,1
NASOAR INFANTIL C/15 ENV,1
NASOAR REFIL C/30 ENV,1
NASOAR XT 5% FR APLIC C/15ENV,1
NASOAR XT 5% REFIL C/15ENV,1
NASOJET KIDS 9MG AERO 100 ML NATULAB (S),1
NASOJET KIDS SOL AEROSSOL 9MGML X 100ML - 15000218,1
"NASONEW AR 0,9% ENV C/30",1
NASONEW SPRAY 50 ML,1
NASONEW SPRAY 50ML (CLORETO DE SODIO),1
NASONEX SPRAY NASAL 120DOSES (PBM),1
NASONEX SPRAY NASAL 60DOSES,1
NASONEX SPRAY NASAL S CH 120 DO,1
NASORIM 9 MG/ML SOL 100ML / OUT CLORETO DE SODIO,1
NASORIM 9 MG/ML SOL 100ML KIDS / OUT CLORETO DE SODIO,1
NATAZY DHA 30 CPS,1
NATELE GESTACAO C 28 CAPS,1
NATELE GESTACAO C 56 CAPS,1
NATELE PRE-CONCEPCAO C 28 CAPS,1
NATHY CURATIVOS TRAD BEGE CX C10 UN,1
NATHY DISCO ALGODAO C100,1
NATIFA 28CPR,1
NATIFA PRO 28CPR,1
NATIFA PRO UBD C/28COMP REV-REFERENCIA,1
NATIGLOS 45G,1
NATURETTI 400MG 16CPS,1
NATURETTI GELEIA 130GR,1
NATUS GERIN 50CPS,1
NATUS VIRON C+D+ZINCO 600MG 60CAPS,1
NATUS VIRON CABELO &AMP; BARBA 500MG 60CAPS,1
NATUS VIRON CALCIO D3 60CAPS - NUM. LOTE: 0000004836 - VALID,1
NATUS VIRON HOMEM 500MG 60CAPS,1
NATUS VIRON IMUNE 600MG 60CAPS,1
NATUS VIRON KIDS 250ML,1
NATUS VIRON MAGNESIO 4X 500MG 60 CAPS,1
NATUS VIRON MULHER 500MG 60CAPS,1
NATUS VIRON RENOFORCE 30CPS 500MG,1
NATUS VIRON RENOFORCE C/60CPS 500MG,1
NATUS VIRON RENOFORCE GUARANA POWER 500MG C/60 CAPS,1
NATUS VIRON SENIOR 500MG 60CAPS,1
NAUSEDRON 8MG C 10 COMP,1
NAUSICALM 25MG C/10 CAPS GEL,1
NAUSICALM 50MG C/10 CAPS GEL,1
NAUSILON B6 GTS 20ML,1
NAUTEX 8MG C 10 COMP REV,1
NAUTEX ODG 4MG GRAN C 10 ENV,1
NAUTEX ODG 8MG GRAN LAR C 10 ENV,1
NAVALHA MUNDIAL FLEX BC 980 1X1,1
NAVALHA SOBRAN LIFE B FLAMINGO DOBRA C/2,1
NAXOTEC 500MG COM X 10,1
NAXOTEC 500MG X 24 COMP,1
NAZZO ALT VOL INF 30 SAC+FR120ML,1
NAZZO NEBULIZE 50ML,1
NAZZO OTO 20ML,1
NEBACETIN BABY CREME PREVEN 120G,1
NEBACETIN BABY CREME PREVENT 30G,1
NEBACETIN BABY CREME PREVENT 60G,1
NEBACETIN BABY CREME REGENE 30G,1
NEBACETIN BABY CREME REGENE 60G,1
NEBACETIN POMADA 15G,1
NEBIDO 250MG/ML 1AMP 4 ML,1
NEBILET 5MG 30CPR (PBM),1
NEBILET 5MG 60CPR (PBM),1
NEBIVOLOL 5MG 30 CPR EMS,1
NEBIVOLOL 5MG C/28COMP/NEO,1
NEBIVOLOL 5MG C/30 CPR GERMED,1
NEBIVOLOL CLOR 5 MG 30 CP G BIOLA,1
NEBIVOLOL GEN 5MG 60CPR/PHARLAB/02010349,1
NEBLOCK 5MG 30 COMP,1
NEBLOCK 5MG C 100 COMPRIMIDOS,1
NEBLOCK 5MG C/ 60 COMP,1
NEBULIZADOR G-TECH COMPACT DC1,1
NEBULIZADOR INALADOR G TECH COMPACT DC2,1
NECESSAIRE HASKELL PVC LARANJA,1
NECESSAIRE LIFE B TRAVEL PRINT C/GANCHO REF:0485,1
NECTAR HASKELL MURUMURU 35 ML|,1
NECTAVITA HASKELL BANANEIRA 35 ML,1
NECTAVITA HASKELL BANANEIRA 40 ML,1
NECTAVITA HASKELL JABORANDI 35 ML,1
NECTAVITA HASKELL JABORANDI 40 ML,1
NECTAVITA HASKELL MANDIOCA 35 ML,1
NECTAVITA HASKELL MANDIOCA 40 ML,1
NECTAVITA HASKELL QUERATINA 35 ML,1
NECTAVITA HASKELL QUERATINA 40 ML,1
NEGRA ROSA BLEND CAPILAR ROSA MOSQUETA 1X100ML,1
NEGRA ROSA BLEND CORPORAL ROSA MOSQUETA 1X100ML,1
NEGRA ROSA OLEO ROSA MOSQUETA CONCENTRADO.FACIAL 1X30ML,1
NEGRA ROSA SABONETE ESFOLIANTE FACIAL 1X150GR,1
NENE DENT GEL 10G,1
NENÊ CREME 45 GRAMAS,1
NEO B 5000MCG+100+100MG C 60CPR,1
NEO B C 30 COMP REV,1
NEO BRASIL COLIRO NEO QUIMICA 20ML,1
NEO CEBETIL COMPLEX 1A+1 IN B5,1
NEO FEDIPINA 20MG 30CPR,1
NEO LORATADIN 10MG 12CPR (LORATADINA),1
NEO PREMIUM ACETILCISTEINA XPE 20MG100ML,1
NEO PREMIUM BOLSA TERMICA GEL 300ML P,1
NEO PREMIUM BOLSA TERMICA GEL 600ML M,1
NEO PREMIUM MASCARA TRIPLA BR 10UN,1
NEO PREMIUM MASCARA TRIPLA KIDS AZ 20UN,1
NEO PREMIUM MASCARA TRIPLA KIDS BR 20UN,1
NEO PREMIUM SPIRULINA 60CPS 500MG,1
NEOCATE LCP 400G,1
NEOCOFLAN 10MG/G GEL 60G (DICLOF DIETLAM,1
NEOCOFLAN AEROSOL 85ML,1
NEODIA 15MG 1CPR,1
NEOGERMINA 10 FLACONETES 5ML,1
NEOGERMINA 5FLACON 4BI - NEO QUIMICA,1
NEOLEFRIN 20 CPR NOITE (PARAC+MAL CARBI+FENIL),1
NEOLEFRIN DIA 20CPR (FENILEFRINA+PARAC),1
NEOLEFRIN DIA C/20 CPR,1
NEOLEFRIN XPE 60ML PARACETAMOLASSOC,1
NEOMAG C/60CAPS/ECO,1
NEOMICINA + BACITRACINA POMADA 15G MEDLEY,1
NEOMICINA SULF CR 20G / GEN SULFATO DE NEOMICINA,1
NEOMICINA+BACITRACINA POM 15G EMS,1
NEOMICINA+BACITRACINA POM 50G / GEN BACITRACINA ZINCICA,1
NEOPIRIDIN 12PASTILHAS,1
NEOPIRIDIN SPRAY 50ML,1
NEOPLEXUS 20CPR,1
NEORUB POTE 40GR - MENTOL + ASSOCIACOES,1
NEOSALDINA 1G C/4CPR,1
NEOSALDINA 20DRG,1
NEOSALDINA 30DRG,1
NEOSALDINA C/4 DRG,1
NEOSALDINA DIP 1G C 10 COMP,1
NEOSALDINA DIP 1G C/20 COMP,1
NEOSALDINA GTS 15ML,1
NEOSALDINA MUSC 20CP REV,1
NEOSALDINA MUSCULAR MAX C/04 COMPRIMIDOS,1
NEOSANI OLEO DE GIRASSOL 100ML NEO PREMI,1
NEOSANI OLEO DE GIRASSOL 200ML NEO PREMI,1
NEOSIL 50MG C/ 90 COMPRIMIDOS,1
NEOSIL ATTACK 100MG C 90 COMP,1
NEOSIL ATTACK C 30 COMP,1
NEOSIL ATTACK C 60 COMP,1
NEOSIL SHAMPOO ANTIQUEDA 200ML-DEMAIS PROD,1
NEOSORO,1
NEOSORO ADT SOL NASAL 30ML NEOQUIMICA,1
NEOSORO ADULTO 30ML,1
NEOSORO FLUID AV 30 SACHES + FR 240ML - CL DE SODIO,1
NEOSORO FLUID SPRAY 9% 50ML(CLORETO SODI,1
NEOSORO H SOL NASAL 60ML (CLORETO SODIO),1
NEOSORO SOL NASAL 30ML,1
NEOSTRATA MINE AOX F99 200ML-DEMAIS PROD,1
NEOSTRATA MINE C&AMP;R HID/ANTIOX FPS99120ML JOHNS,1
NEOSTRATA MINE F70 40G+F70 120ML,1
NEOSTRATA MINE OC F70+CLEANSER,1
NEOSTRATA MINE OIL CLARA F70 40G-DEMAIS PROD,1
NEOSTRATA MINE OIL CONTR F30 40G,1
NEOSTRATA MINE OIL MOR+ F70 40G,1
NEOSTRATA MINE OIL MOREN F70 40G-DEMAIS PROD,1
NEOSTRATA MINE OIL NEGRA F70 40G,1
NEOSTRATA MINE OIL SERUM F30 40G-OUTROS,1
NEOSTRATA MINE ROST CP F30 200ML-OUTROS,1
NEOSTRATA MINESOL FPS70 120ML,1
NEOSTRATA MINESOL OIL CONTROL FPS70 40G,1
NEOSTRATA MINESOL ROSTOCORPO FPS60 200ML,1
NEOSTRATA OIL INTENS CLEAN 150G,1
NEOSTRATA SKIN ACTIVE MATRIX SUPPORT SPF30 50G,1
NEOSULIDA 100MG C/12COMP/NEO,1
NEOTAREN 50MG 20CPR,1
NEOTIAPIM 100MG C/30 CPR,1
NEOTIAPIM 200MG C 30 COMP,1
NEOTIAPIM 25MG C/30 COMP,1
NEOTOSS XPE AD 100ML (DROPROPIZINA),1
NEOTOSS XPE INF 60ML (DROPROPIZINA),1
NEOTRICIN POM 50G,1
NEOTRICIN POMADA 15G,1
NEOVANGY MR 35MG C 30COMP,1
NEOVANGY MR 35MG C 60 COMP,1
NEOVITE MAX 30CAP BLPA,1
NEOVITE MAX 60CAP,1
NEOVLAR 21DRG,1
NEOZINE 100MG C/ 20 CPR,1
NEOZINE 25MG C/ 20 CPR,1
NEOZINE 40MG/ML 4% GTS 20ML,1
NERALGYN 20DRG,1
NEROLOM LIQ. 480ML LARANJA ZERO ACUCAR,1
NESINA 25MG C/60 CPR REV,1
NESINA 25MG COM 30CPR,1
NESINA PIO 25MG/30MG 30 CPRS,1
NESLAC COMFOR ZERO LACTOSE 700G,1
NESTA DIARIO 5MG C/30COMP,1
NESTOGENO 1 F.I 800G,1
NESTONUTRI 800G EDIÇÃO LIMITADA,1
NEULEPTIL 10 MG/ML 1% PED GTS 20ML,1
NEULEPTIL 10MG C/ 20CPR,1
NEULEPTIL 4% AD GTS 20ML,1
NEUMOSIN 400MG C/5 CPR,1
NEUMOSIN 400MG C/7 CPR,1
NEURAL 100 MG C/ 30 CPR,1
NEURAL 25 MG C/ 30 CPR,1
NEURAL 50 MG C/ 30 CPR,1
NEUREXAN 301 5MG C 50 COMP SBL,1
NEUTRALIZANTE LISAHAIR LIQUIDO 1X500ML,1
NEUTROFER 300MG 30CPR,1
NEUTROFER 500MG 30DRG,1
NEUTROFER FLAC 5ML,1
NEUTROFER FOLATO D C 30 CPR,1
NEUTROFER FOLATO D C/90 CPR,1
NEUTROFER FOLICO 30CPR,1
NEUTROFER GTS 30ML,1
NEUTROFER PREV 30 ML,1
NEUTROG ACNE PROOF ESFOL 100GR,1
NEUTROG ACNE PROOF GEL LIM 200ML-DEMAIS PROD,1
NEUTROG ANTISSINAIS REPARADOR 100GR,1
NEUTROG BOOST HYDR WAT GEL 400ML,1
NEUTROG BRIGHT BOOST FPS 30 40G,1
NEUTROG G LIMP GRAPEFRUIT 60G,1
NEUTROG HIDRA MATTE 3 EM 1 100G-DEMAIS PROD,1
NEUTROG HYDRO BOOST GEL 200ML,1
NEUTROG NORWEGIAN 200ML SEM FRAG-DEMAIS PROD,1
NEUTROG NORWEGIAN 400ML COM FRAG,1
NEUTROG NORWEGIAN 400ML SEM FRAG-DEMAIS PROD,1
NEUTROG NORWEGIAN CR MAOS 56G,1
NEUTROG PURIF GEL LIMPEZA 150G,1
NEUTROG PURIF GEL LIMPEZA 80G,1
NEUTROG PURIF SKIN ESFOL 100G,1
NEUTROG SUNFRE F50 200ML+120ML,1
NEUTROG SUNFRE F70 200ML+FAC F70,1
NEUTROG SUNFRES FPS50 S COR 40ML,1
NEUTROG SUNFRESH COR 2.0 FPS70,1
NEUTROG SUNFRESH COR 3.0 FPS70,1
NEUTROG SUNFRESH DRY COR F70 40G,1
NEUTROG SUNFRESH DRY F70 40G,1
NEUTROG SUNFRESH F70 40G+GEL 60G,1
NEUTROG SUNFRESH FAC F30 40G-DEMAIS PROD,1
NEUTROG SUNFRESH FAC F70 40G-DEMAIS PROD,1
NEUTROG SUNFRESH FAC OIL F70 40G-DEMAIS PROD,1
NEUTROG SUNFRESH OIL CLA F70 40G,1
NEUTROG SUNFRESH OIL MOR F70 40G,1
NEUTROG SUNFRESH OIL NEG F70 40G,1
NEUTROGENA BOOST WAT GEL FPS25 40G,1
NEUTROGENA BRIGHT BOOST 50G,1
NEUTROGENA CREME FACIAL ANTISSINAIS FPS22 100GR,1
NEUTROGENA LOCAO HIDRATANTE BODY CARE HIDRATA/REPARA 1X200ML,1
NEUTROGENA NORW HD CORP IN 500ML,1
NEUTROGENA NORWEGIAN LOÇAO INTENSIVA HIDRATANTE 400ml s/fragrancia,1
NEUTROGENA SUN FRESH FPS 30 200ML,1
NEUTROGENA SUN FRESH FPS 70 200ML,1
NEUTROGENA SUN FRESH FPS50 200ML-DEMAIS PROD,1
NEUTROGENA SUN FRESH FPS90 200ML,1
NEVANAC COL 5ML,1
NEVANAC UNO 3ML,1
NEVRALGEX COMP 3 BL X 10,1
NEVRALGEX COMP C/10,1
NEVRIX 100+100+5MG C 60 CPR,1
NEVRIX 100+100+5MG C 90COMP REV,1
NEVRIX IM INJ C/ 3 AMPOLAS,1
NEW SIZE 120 CAPS - FORHEALTH,1
NEXFLEN 550MG 10CPR - NAPROXENO,1
NEXIUM 40MG C 28 COMP PORTAL DROGARIA,1
NIACINAMIDA 97% 500MG C/60CPS FORTLIFE,1
NIACINAMIDE 10 SERUM 30ML,1
NICORETTE ICEMINT 4MG C/30,1
NIDUE 100+20MG C/12 COMP REV-SIMILAR,1
NIELY G ATIVADOR CACHOS 250ML,1
NIELY G CR PENT CACHOS DEF 250ML,1
NIFEDIPRESS RETARD 20MG 30CPR,1
NIGHT TRAIN PRE WORKOUT 300G,1
NIGHT TRAIN PRE WORKOUT 300G - FRUTAS VERMELHAS,1
NIKI 24COMP EMS,1
NIKI C 72 COMP,1
NIKI C/ 24 + 4 COMP REV (PORTAL DROGARIA),1
NIMEGON 100MG C 28 COMP REV (FUNCIONAL CARD MSD),1
NIMEGON MET 50/1000MG C/56 CPR-SIMILAR,1
NIMEGON MET 50/850MG C/56 CPR,1
NIMELIT 100MG 12CPR (NIMESULIDA) VTM,1
NIMELIT GTS 15ML,1
NIMESILAM 100 MG CX 12 COMP,1
NIMESILAM GTS 15ML EMS,1
NIMESULIDA 100 MG 12 COMP,1
NIMESULIDA 100 MG C/12 UNIAO QUIMICA,1
NIMESULIDA 100MG 12 CPR,1
NIMESULIDA 100MG 12 CPR EMS,1
NIMESULIDA 100MG 12CPR NEO QUIMICA,1
NIMESULIDA 100MG C/12 COMP CIMED,1
NIMESULIDA 100MG CX 12 COMP GLOBO,1
NIMESULIDA 100MG CX 12 COMP VITAMEDIC,1
NIMESULIDA 100MG X 12 COM DISP,1
NIMESULIDA 50 MGML SUS OR FR PLAS GOT X,1
NIMESULIDA GTS 15ML EMS,1
NINHO FASES 1+ 800G,1
NINHO FASES 1+ PREBIO 800G,1
NINHO FASES ZERO LACTOSE 700 G,1
NINHO NUTRIGOLD 800G,1
NIQUITIN 14MG 7 ADE TRANSP ETAP2,1
NIQUITIN 21MG C/7 ADES TRANSP,1
NIQUITIN 4MG 4 PAST,1
NIQUITIN 7MG ADES TRANSD 1X7-REFERENCIA,1
NISOFLAN GOTAS 15ML,1
NISTATINA,1
NISTATINA + OXIDO DE ZINCO POM BG 60 G,1
NISTATINA + OXIDO ZINCO 100.000UI + 200,1
NISTATINA 100.000UI/ML SUSP ORAL C/01 FR 50ML+COPO MED,1
NISTATINA 25000UIG CREM VAG BG 60G+14 APLIC,1
NISTATINA CR VAG 60G 14APLIC,1
NISTATINA CREME VAGINAL 60GR 14APL NEO QUIMICA,1
NISTATINA SUSP 50ML TEUTO,1
NISTATINA+OX ZINCO POM 60G MEDLEY,1
NISTATINA+OXIDO DE ZINCO 100MUI+200MG POM BG 60G NEO QUIMICA,1
NISTATINA+OXIDO DE ZINCO 100MUI9+200MG POM BG 60G NEO QUIMICA,1
NISTATINA+OXIDO DE ZINCO 100UI+200MG POM BG 60G GERMED,1
NISTATINA+OXIDO DE ZINCO 60GR NOVA QU,1
NISTATINA+OXIDO DE ZINCO POM 60G (G) MEDLEY,1
NISTATINA+OXIDO DE ZINCO POM 60G NOVA QUIMICA,1
NISTATINA+OXIDO ZINCO POM 60G EMS,1
NISTATINA+OXIDO ZINCO POM 60G GEN NEO,1
NISTATINA+OXIDO ZINCO POM 60G NEO QUIMICA,1
NISULID DISPERSIVEL 12CPR,1
NITAZOXANIDA 100ML EUROFARMA,1
NITAZOXANIDA 20 MG/ML FRS. 45 ML EUROFARMA,1
NITAZOXANIDA 20MG ML 100ML GMD,1
NITAZOXANIDA 20MG ML 45ML GMD,1
NITAZOXANIDA 500MG 6 CPR,1
NITAZOXANIDA 500MG 6 CPR GERMED,1
NITAZOXANIDA 500MG 6CPR REV (G),1
NITAZOXANIDA 500MG C/ 6 CPR GEN NEO QUIMICA,1
NITES 50MCG ATOM FR 18G 120 ATOM,1
NITRATO DE MICONAZOL 20MG CREME DERM BG 28G,1
NITRATO DE MICONAZOL 20MG LOC CREM FR GOT 30ML,1
NITRATO DE MICONAZOL 20MG/G CREME BG 28G,1
NITRATO DE MICONAZOL EMU FR 30ML,1
NITRATO MICONAZOL 20MG SOL 3ML NEO QUIMICA,1
NITRAZEPAM 5MG 20CPR GERMED,1
NITROFEN 100MG C/ 28 CPS,1
NITROFURANTOINA 100MG C/ 28 CPS GEN TEUTO,1
NIVEA ACNE CONTROL HIDRATANTE 50GR,1
NIVEA BODY LOTION FRESH P. NORM 200ML,1
NIVEA BODY MILK PEL EX SEC 200ML,1
NIVEA BODY SOFT MILK PEL SEC 400ML,1
NIVEA CELL LUMINOUS NOITE 50ML,1
NIVEA CREME FACIAL ANTISSINAIS AVAN NOITE EXPER LIF 1X50,1
NIVEA CREME FACIAL ANTISSINAIS AVAN. DIA EXPERT LIFT 1X50,1
NIVEA CREME FACIAL HIDRATANTE EM GEL 100GRS,1
NIVEA CREME FACIAL PELE NEGRA 1X100GR,1
NIVEA CREME FACIAL Q10 REVITALIZANTE NOTURNO 1X50GR,1
NIVEA CREME MAOS ANTIBACTERIANO 1X75GR,1
NIVEA CREME MAOS NUTRITIVO LOCAO 1X75GR,1
NIVEA CREME PELE 56GRS DECORADO 1X1,1
NIVEA DESODORANTE SPRAY FRESH ACTIVE 90ML,1
NIVEA DESODORANTE SPRAY FRESH NATURAL 90ML,1
NIVEA FLOR DE CEREGEIRA EX SEC 400ML,1
NIVEA HIDRATANTE EXT SECA MILK 400ML,1
NIVEA LOCAO BODY FLOR DE LARANJEIRA 400ML,1
NIVEA OLEO P BANHO RELAX 200ML L10,1
NIVEA PK PROT SOL ANT FPS70 + CREM ANTI 100G,1
NIVEA PREENCH Q10 EXT ANTIS 15ML,1
NIVEA SABO. HIDRATANTE PROTEINA DO LEITE 85GRS,1
NIVEA SABONETE INTIMO LIQUIDO FRESH 250ML,1
NIVEA TONICO FACIAL AQUA ROSE 1X200ML,1
NIVEA VIS Q10 ANT RUGAS DIURNO 49G,1
NIVUX 100MG+20MG C/12 COMP-OUTROS,1
NIZORAL CR 30G,1
NOCICLIN 21CPR,1
NOCTAL 2MG C /20 CPR,1
NOCTIDEN 10MG C/30 CPR,1
NOEX 100MCG NASAL 100 DOSES,1
NOEX 50MCG SPRAY NAS C/200 DOSES,1
NOEX 64MCG NASAL 120 DOSES,1
NOOTROPIL 800MG 30CPR,1
NOREGYNA 1AMP 1ML + SERINGA,1
NORFLOXACINO 400 MG C/ 14 CPR GEN SANDOZ,1
NORFLOXACINO 400MG 14 COMPRIMIDOS (MEG),1
NORFLOXACINO 400MG C 14 CP RANBAXY,1
NORFLOXACINO 400MG C/ 14 CPR GEN PHARMASCIENCE,1
NORFLOXACINO 400MG COMP C/14 GEN CIMED,1
NORIFER 50MG/ML GTS 30ML,1
NORIPURUM 30CPR,1
NORIPURUM FOLICO 30CPR,1
NORIPURUM GTS 30ML,1
NORIPURUM IV 5ML INJ CX C/5 AMPOLAS,1
NORMAD PHYTOSOLUTION GEL INT 60G-OUTROS,1
NORMAD PHYTOSOLUTION GEL INT150G-OUTROS,1
NORMAD PHYTOSOLUTION GEL INT300G-OUTROS,1
NORMADERM GEL 3 EM 1 125ML,1
NORMADERM GEL INT 150G PROMO 20%,1
NORMADERM GEL LIMP P 150G+GEL40gr,1
NORMADERM GEL LIMP PROF 300G,1
NORMADERM GEL LIMP PROFUN 150GR,1
NORMADERM GEL REFIL 240G-DEMAIS PROD,1
NORMADERM PHYTO REFIL 240G-DEMAIS,1
NORMADERM PHYTOSOLUTION 50 ML-OUTROS,1
NORMADERM SAB 40GR-DEMAIS PROD,1
NORMADERM SAB 70GR-DEMAIS PROD,1
NORMADERM SAB DERM 70G+GEL 40G,1
NORMADERM SKIN BALANCE 40G,1
NORMADERM SKIN CORRECTOR 30ML,1
NORMADERM SKIN CORRECTOR 50ML,1
NORMADERM TONICO ADTR 200ML,1
NORMADERM VICHY GEL LIMPEZA TB 60GR,1
NORMOLAX AMEIXA C/120ML,1
NORVASC 5MG C 30 COMP,1
"NOTUSS TSS PED 1,5MG/ML 120ML+SER",1
NOURKRIN MULHER C/60 COMP REV-DEMAIS PROD,1
NOUVE BIOTIN C/30 CAPSULAS,1
NOUVE SILICIO ORGANICO C/60CAPS-OUTROS,1
NOVA PERTUTTI CR 904006 ACAB REG 1/2 A 1,1
NOVACORT CR 30G,1
NOVAFIBRA POTE 225GR,1
NOVAFIBRA SACHES 10 X 5G,1
NOVALGINA 1G 10CPR,1
NOVALGINA 1G C 20 COMP,1
NOVALGINA 500MG C/10 COMPRIMIDO,1
NOVALGINA GOTAS 20ML,1
NOVALGINA GTS 10ML,1
NOVALGINA XPE 100ML,1
NOVAMOX 2X 400+57MG SUSP 100ML,1
NOVAMOX 2X 400MG+57MG/ML SUSP 70ML,1
NOVAMOX 2X 875MG+125MG C/ 14 CPR,1
NOVAMOX 2X 875MG+125MG C/ 20 CPR,1
NOVANLO 25MG 60CPR,1
NOVANLO 5MG C/90 COMP,1
NOVANOITE MELATONINA C 20 COMP,1
NOVANOITE MELATONINA C 40 COMP,1
NOVANOITE PASSIFLORA 320MG 30CPR SN,1
NOVOB 150MG C/30 COMP REV,1
NOVOCILIN 400MG/5ML SUSP 100ML,1
NOVOCILIN 875MG C/ 20 CPR,1
NOVORAPID 100U ML C 1FR 10 ML,1
NOVORAPID FLEXPEN 100U/ML 3ML,1
NOVOTRAM 100MG/ML 10ML,1
NOVOTRAM 50MG C/10 CAPS,1
NOVOTRAM 50MG C/20 CAPS,1
NOXX 60MG 10 AMPOLAS,1
NTF AMORA MIURA 60 CAPS,1
NTF BIOTINA PURA 450MG C/ 60 CPS 27G,1
NTT 100 WHEY SABOR BAUNILHA 900GR,1
NTT 100 WHEY SABOR CHOCOLATE 900GR,1
NTT 100 WHEY SABOR COOKIES CREAM 900GR,1
NTT 100 WHEY SABOR CREME DE COCO 900GR,1
NTT 100 WHEY SABOR MORANGO 900GR,1
NTT BAR WHEY GREGO BOLO FESTA 11GR,1
NTT BAR WHEY GREGO D. DE LEITE 40GR,1
NTT BAR WHEY GREGO HAVAN.D.LEITE,1
NTT BAR WHEY GREGO MORAN CHANT 40GR,1
NTT BAR WHEY GREGO MOUSS MARAC 40GR,1
NTT BAR WHEY GREGO TORTA LIMAO 40GR,1
NTT BAR YOPRO MORANCHOCO BRAN 55GR,1
NTT GARRAFA SLIM NUTRATA 600ML,1
NTX SUPLEM VITAM C LIGA DA JUSTICA 63G,1
NUANCE 1MG+2MG C/28 COMP REV-SIMILAR,1
NUIT FLASH 5 MG C/30 CPR,1
NUK 700392UV BOLSA TERMICA VERMELHA,1
NUK 7322-2G CH INFINITY CLASSI GIRL S1,1
NUK 7329-1N CH 100% SILIC NEUTRA S1,1
NUK 7329-2B CHUP SENS. SOFT 100% SILIC B,1
NUK 7333-1B CHUP SPACE SIL BOY S1,1
NUK 7333-2G CHUP SPACE SIL GIRL S2,1
NUK PA7900 ASPIRADOR NASAL,1
NUP CR ANTISSINAIS RETINOL 50G FIRMNESS,1
NUP CR FACIAL ANTIRRUGAS Q10 FPS8 50G,1
NUP CR. FACIAL LIFTING INSTANT 4 SACHES,1
NUP CREME VITAMINA C FIRMNESS 30GR,1
NUP GEL HIDRATANTE FACIAL 50GR,1
NUP GEL SECATIVO P ESPINHAS 22GR,1
NUP KIT D. CONTROL SAB.FACL.ADSTGEL.HI,1
NUP KIT FIRMNESS SAB.LIQTON.FACCR.HIDR,1
NUP LOCAO ADSTRIGENTE FACIAL 200ML,1
NUP MOUSSE LIMPEZA FACIAL DERME CO 150ML,1
NUP SAB. LIQUIDO FAC DERME CONTROL 200ML,1
NUP SAB. LIQUIDO FACIAL DERME CONTR 60ML,1
NUP SAB. LIQUIDO FACIAL FIRMNESS INTENSIVE 60ML,1
NUP SAB. LIQUIDO FACIAL FORM SUAVE 200ML,1
NUP SAB. LIQUIDO FACIAL VITAMINA C 200ML,1
NUSIRA 25+25MG 20CPR,1
NUSIRA 25+25MG 30CPR,1
NUTILIS 300GR,1
NUTRA SENIOR 400G BAUNILHA,1
NUTRA SENIOR 400G CAPPUCCINO,1
NUTRA SENIOR 400G CHOCOLATE,1
NUTRA SENIOR 800G BAUNILHA,1
NUTRA SENIOR 800G CAPUCCINO,1
NUTRA SENIOR 800G CHOCOLATE,1
NUTRA SENIOR DIABETICS CARE 800G BAUNILHA,1
NUTRA SENIOR DIABETICS CARE 800G NATURAL,1
NUTRA SENIOR PREMIUM 400G BAUNILHA,1
NUTRA SENIOR PREMIUM 400G CAPPUCCINO,1
NUTRA SENIOR PREMIUM 400G CHOCOLATE,1
NUTRA SENIOR PREMIUM 800G CAPPUCCINO,1
NUTRA SENIOR PREMIUM 800G CHOCOLATE,1
NUTRA SENIOR PREMIUM 800G NATURAL,1
NUTRADEICA FACIAL 50ML,1
NUTRAPLUS 20% CREME 60GR-REFERENCIA,1
NUTRASENIOR 400G NATURAL,1
NUTRASENIOR 800G NATURAL,1
NUTRASENIOR PREMIUM 400G NATURAL,1
NUTRASENIOR PREMIUM 800G BAUNILHA,1
NUTREL GEL LIMP SENSITIVE 150ML,1
NUTREN 1.0 BAUNILHA 400GR,1
NUTREN CONTROL BAUNILHA 200ML,1
NUTREN CONTROL BAUNILHA 380G,1
NUTREN CONTROL BAUNILHA 740G,1
NUTREN CONTROL CHOCOLATE 200ML,1
NUTREN MULTI TPM 10CPS SN,1
NUTREN PROTEIN BAUNILHA PO 400G,1
NUTREN SEM SABOR ZERO LACT 740G-DEMAIS PROD,1
NUTREN SENIOR 740 G,1
NUTREN SENIOR BAUNILHA 200ML,1
NUTREN SENIOR BAUNILHA 740G NESTLE,1
NUTREN SENIOR CAFE C LEITE 740GR,1
NUTREN SENIOR CHOC 200ML,1
NUTREN SENIOR MIX FRUT 200ML,1
NUTREN SENIOR PO ZERO BAUN 740G,1
NUTREN SENIOR PREMIUM 6EM1 370G,1
NUTRI WHEY POTE 900GR+CREATINA 300GR+COQUETELEIRA,1
NUTRI WHEY POTE 907G - INTEGRALMEDICA SABOR:COOKIES,1
NUTRI WHEY PROTEIN POTE 907G BAUNILHA,1
NUTRI WHEY PROTEIN POTE 907G CHOCOLATE,1
NUTRI WHEY PROTEIN POTE 907G MORANGO,1
NUTRI WHEY PROTEIN REFIL 907G BAUNILHA,1
NUTRI WHEY PROTEIN REFIL 907G CHOCOLATE,1
NUTRI WHEY PROTEIN REFIL 907G MORANGO,1
NUTRIDRINK PROTEIN PO BAUN 350G,1
NUTRIDRINK PROTEIN PO SEM SABOR 350G,1
NUTRIDRINK PROTEIN PO SEM SABOR 700G,1
NUTRIDRINK PROTEIN SENIOR PO CAFE LEITE LT 380G,1
NUTRIDRINK SENIOR CAFE LEIT 750G,1
NUTRIDRINK SENIOR CHOCOLATE 380G-DEMAIS PROD,1
NUTRIOL CICAMED 20G,1
NUTRIOL CICAMED 40G,1
NUTRIOL LOC HIDR S PERF 400ML,1
NUTRIOL LOC HIDR S/PERF 400ML,1
NUTRIOL LOCAO MED 100ML,1
NUTRIOL MED HID ANTICOCEIRA 100G,1
NUTRIOL MED HID ANTICOCEIRA 390G,1
NUTRIOL MED LOC 500ML-DEMAIS PROD,1
NUTRIWHEY CHOCOLATE 907G SACO,1
NUVARING 1 ANEL VAGINAL (GELADEIRA),1
NUVARING 1SCH C1ANEL VAG+1APLIC- GELADEIRA,1
NYPRAM 20MG C 30 COMP REV,1
Neutrogenas loç Hidrata & Repara 400ml,1
Nevralgex c/30 comp. Analgesico e relaxante muscular.,1
Ninho Adulto 700g (poucas unidades),1
Ninho Forti+ 350g sache,1
OAZ CASTANHA DA INDIA CR 200ML,1
OAZ CR DE UREIA 3% 150ML,1
OAZ CR PARA PES 120ML,1
OAZ CREME DE UREIA 10% 150ML,1
OAZ CREME DE UREIA 3% 300ML,1
OAZ ESCOVA BABY ULTRA FINA,1
OAZ FIO DENTAL PG 100M LV 125M,1
OAZ FIO DENTAL PG 50M LV 75M,1
OAZ LOCAO HID DE UREIA 10% 300ML,1
OAZ PERNAS CANSADAS CR 300ML,1
OAZ POS SOL AEROSSOL 200ML,1
OAZ POS SOL GEL BOB ESPONJA 120ML,1
OAZ PROT SOL BABY SHARK 50FPS 125ML,1
OAZ PROT SOL BABY SHARK 70FPS 125ML,1
OAZ PROT SOL BOB ESPONJA 60FPS 125ML,1
OAZ PROT SOL BOB ESPONJA 70FPS 125ML,1
OAZ PROTETOR SOL E REPELENTE FPS30 125ML,1
OAZ PROTETOR SOLAR CREME BOB ESPONJA 60FPS 125ML,1
OAZ PROTETOR SOLAR INF 30FPS 125ML (EUF),1
OAZ PROTETOR SOLAR INF 50FPS 125ML (EUF),1
OAZ REPELENTE 8H KIDS 100ML,1
OCUPRESS 2% COLIRIO 5ML,1
OCYLIN 500MG 21 CPS (AMOXICILINA),1
OCYLIN 500MG C/ 21 CPS (AMOXICILINA),1
OFF! BABY REPELENTE GEL 117ML(NOVO),1
OFLOX SOL OFTAL 5ML,1
OFOLATO C/ 30 CPR,1
OFOLATO C/90 COMP,1
OFOLATO D 2000UI C/30 COMP,1
OFOLATO D FER 1000UI C/30 COMP,1
OFOLATO D FER 2000UI C/30 COMP,1
OFOLATO SOP S TANGERINA C/30SACH,1
OFTALMOX 5MG/ML 5ML,1
OFTAN PROTETOR OCULAR ADULTO 20UNID,1
OFTPRED COL 5ML,1
OGESTAN GOLD C/30 CAPS,1
OGESTAN GOLD C/90 CAPS-OUTROS,1
OGESTAN PLUS 90 CAPS,1
OGESTAN PLUS-30 CAPSULAS MOLES,1
OHDE 15.000UI C/4 CAPS,1
OHDE 50.000UI C/4 CAPS,1
OHDE 7.000UI C/4 CAPS,1
OHDE CAPS D 7.000UI C 30 CAPS,1
OHDE D3 50.000UI C/4 COMP,1
OIL CONTROL PROT. SOLAR FACIAL 75FPS 75G ANASOL,1
OLANZAPINA 10MG 30CPR NEO QUIMICA,1
OLANZAPINA 10MG C/30 CPR GEN EUROFARMA,1
OLANZAPINA 5MG C/ 30 CPR GEN EUROFARMA,1
OLANZAPINA 5MG C/30 CPR NOVA QUIMICA,1
OLANZYS 5MG 30CP,1
OLEO ABSOLUTO DE COCO HASKELL 60 ML,1
OLEO AMENDOAS PAIXAO INSPI 200ML,1
OLEO BRONZEADOR FPS06 120ML,1
OLEO BRONZEADOR FPS15 120ML,1
OLEO CAP FARMAX ESPETACULAR 90ML,1
OLEO CAP LOLA PAPO RETO 50ML,1
OLEO CAP LOLA XAPADINHA DISCIPLINA 50ML,1
OLEO CAP. DOVE SERUM BIFASICO BOND INTENSE REPAIR 110ML,1
OLEO CAPILAR ATALAIA RESTAURADOR 1X120ML,1
OLEO CAPILAR CRESPOS 40ML,1
OLEO CAPILAR ELSEVE EXTRAORDINARIO 100ML,1
OLEO CAPILAR EUDORA SIAGE OLEOS PODEROSOS 1X90ML,1
OLEO CAPILAR MANT.KARITE+COCO 60ML,1
OLEO CAPILAR OX MARI MARIA REPARADOR 3EM1 1X60ML,1
OLEO CAPILAR OX NUTRE 120ML,1
OLEO CAPILAR OX NUTRITIVO PUMP 1X120ML,1
OLEO CAPILAR TRESEMME BRILHO LAMELAR 1X60ML,1
OLEO CONC HASKELL MURUMURU,1
OLEO CORP CHEIRINHO BEBE AMENDOAS 140ML,1
OLEO CORP FARMAX AMEIXA 100ML,1
OLEO CORP MURIEL AMEIXA NEGRA 150ML,1
OLEO CORP MURIEL AMEND C/ARGAN 150ML,1
OLEO CORP MURIEL AMEND DOCE 150ML,1
OLEO CORP MURIEL AMEND ERVA DOCE 150ML,1
OLEO CORP MURIEL AMEND FL CEREJA 150ML,1
OLEO CORP MURIEL BABY CAMOMILA 100ML,1
OLEO CORP MURIEL BABY LAVANDA 100ML,1
OLEO CORP MURIEL ROSA MOSQU COLAGE 150ML,1
OLEO CORP/CAP ROSA MOSQUETA 90G JEAN BRYAN,1
OLEO CORPORAL BIO-OIL 1X200ML,1
OLEO CORPORAL BIO-OIL 1X25ML,1
OLEO CORPORAL DEPIROLL AMENDOA DOCE POS BANHO/DEPIL 1X25,1
OLEO CORPORAL DERMACREAM ROSA MOSQUETA 1X10ML,1
OLEO CORPORAL INFANTIL PAMPERS GIRASSOL 1X110ML,1
OLEO CORPORAL MURIEL AMENDOAS COM AVELA 1X100ML,1
OLEO CORPORAL MURIEL AMENDOAS COM BAUNILHA 1X150ML,1
OLEO CORPORAL PAIXAO AMENDOA COM AVELA 1X100ML,1
OLEO CORPORAL PAIXAO FLOR DE BAUNILHA 1X100ML,1
OLEO CORPORAL PAIXAO FRAMBOESA NEGRA 1X100ML,1
OLEO CORPORAL PAIXAO INSPIRADORA ROSA BRANCA 1X100ML,1
OLEO CORPORAL PAIXAO IRRESISTIVEL FLOR DE LIS 1X100ML,1
OLEO CORPORAL PAIXAO TENTADORA 1X100ML,1
OLEO CORPORAL SOL TOP X 100 ML,1
OLEO CREMOSO UMECTANTE 55ML - FINALIZADOR,1
OLEO DABELLE ARGAN 45ML,1
OLEO DABELLE BABOSA E OLIVA 45ML,1
OLEO DABELLE ROSA MOSQUETA 45ML,1
OLEO DABELLE SPR MULTIPROTETOR 75ML,1
OLEO DE CARTAMO 1000MG 120CPS GEL VITALE,1
OLEO DE CARTAMO 60CAPS NATUNECTAR,1
OLEO DE COCO 60 CAPS FORHEALTH - NUM. LOTE : 190201,1
OLEO DE COCO COPRA EXT VIRGEM POTE 1X500ML,1
OLEO DE COCO COPRA EXTRA VIRGEM SACHE 1X100ML,1
OLEO DE COCO COPRA EXTRAVIRGEM SPRAY 1X100ML,1
OLEO DE COCO COPRA SEM SABOR COCO SHOW 1X200ML,1
OLEO DE COCO KATIGUA 200ML,1
OLEO DE COCO SHOW EXT VIRGEM POTE 1X500ML,1
OLEO DE COPAIBA 30ML,1
OLEO DE MELALEUCA BELLAPHYTUS 30ML,1
OLEO DE PRIMULA 500MG C/60 CAPS,1
OLEO DE RICINO 100 PURO 100ML,1
OLEO DE RICINO 30ML (RICINUS COMMUNIS),1
OLEO DE RICINO 30ML UNIPHAR,1
OLEO DE RICINO 60ML- COSM. C/1,1
OLEO DE RICINO FARMAX 30ML,1
OLEO DE ROSA MOSQUETA GOTAS 30 ML,1
OLEO DE ROSA MOSQUETA MULTYERVAS 30ML,1
OLEO DE ROSA MOSQUETA PURO 30ML,1
OLEO DE ROSA MOSQUETA SPRAY 30 ML,1
OLEO DE ROSA MOSQUETA SPRAY 30ML,1
OLEO DE TUTANO C/ VIT. E 100ML(BIO EXTRATUS),1
OLEO DOVE BANHO GLICERINA 240ML,1
OLEO E SERUM DOVE BIFASICO 110ML,1
OLEO ELSEVE EXTRAORDINARIO 100 ML,1
OLEO EM CREME DABELLE CACHOS ONDA 190ML,1
OLEO EM CREME DABELLE SOS CRESC 190ML,1
OLEO ESSENCIAL COM PERFUME THERAPI - FOLHAS SECAS - 10 ML,1
OLEO ESSENCIAL COM PERFUME THERAPI - MORADA - 10 ML,1
OLEO ESSENCIAL THERAPI - LARANJA DOCE - 10 ML,1
OLEO FARMAX DE BANANA 100ML,1
OLEO HASKELL CBA AMAZONICO 35 ML,1
OLEO J J BABY C/AMENDOAS 200ML,1
OLEO J&J BABY AMENDOAS 200ML,1
OLEO J&J BABY HORA SONO 200ML,1
OLEO J&J BABY PURO 200ML,1
OLEO LABOTRAT AMENDOAS C/COLAGENO 120ML,1
OLEO LABOTRAT ROSA MOSQUETA 120ML,1
OLEO MAIS NUTRICAO 40ML,1
OLEO MINERAL 100% C100 ML,1
OLEO MINERAL 100ML,1
OLEO MINERAL 100ML NATIVITA,1
OLEO MINERAL 100ML PHARMASCIENCE,1
OLEO MURIEL ABACATE 60ML,1
OLEO MURIEL BABY MENINA 100ML,1
OLEO MURIEL BABY MENINO 100ML,1
OLEO MURIEL CORPORAL CAPILAR ROSA MOSQUETA 1X80ML,1
OLEO NATUHAIR ABACATE 60ML,1
OLEO NATUHAIR BIOTINA 60ML,1
OLEO NATUHAIR D-PANTENOL 60ML,1
OLEO NATUHAIR JOJOBA 60ML,1
OLEO NATUHAIR KARITE 60ML,1
OLEO NATUHAIR MANDIOCA 60ML,1
OLEO NATUHAIR MURUMURU 60ML,1
OLEO NATUHAIR RICINO 60ML,1
OLEO NATUHAIR SEMENTE DE UVA 60ML,1
OLEO NIELY G SILICONE QUERA 42ML,1
OLEO NUTRIT HASKELL INFUSAO OLEOS 100ML,1
OLEO NUTRITIVO BIO EXTRATUS 40ML,1
OLEO PAIXAO TENTACAO 200ML,1
OLEO PARA BARBA 30ML TERRANATIVA,1
OLEO RECONST NUTRI 30ML TERRANATIVA,1
OLEO REPAR DABELLE MILAGRES DO MEL 75ML,1
OLEO ROSA MOSQUETA 100 PURO 30ML,1
OLEO ROSA MOSQUETA 100% PURO SPRAY 30ML SOBRAL,1
OLEO ROSA MOSQUETA 10ML MELTHEN,1
OLEO ROSA MOSQUETA 1X100ML FARMAX,1
OLEO ROSA MOSQUETA EPILE 10ML,1
OLEO ROSA MOSQUETA FARMAX PURO 30ML/FMX,1
OLEO ROSA MOSQUETA NATURAL C/10ML OLEUM,1
OLEO ROSA SELVAGEM ROSA MOSQ CLAR 100ML,1
OLEO SALON LINE MULTY EXTRAORDINARIO MORANGO 1X50ML,1
OLEO SALON LINE MULTY MARAVILHAS BANANA 1X50ML,1
OLEO SALON LINE MULTY MILAGRES MARACUJA 1X50ML,1
OLEO SALON LINE SOS CACHOS 10/1 MULTIBENEFICIO+PODEROSO 1X10,1
OLEO SALON LINE SOS CACHOS DE REPENTE PRONTA 1X42ML,1
OLEO SALON LINE SOS CACHOS SUPER OLEOS 1X100ML,1
OLEO SILITAN 120ML (BIO EXTRATUS),1
OLEO SILLITAN BIO EXTRATUS 40ML,1
OLEO SKAFE RICINO NATUTRAT (COND) 60ML REF637*,1
OLEO SPEC ARGAN CART 60 ML,1
OLEO SPEC ARGAN E CARTAMO 8ML,1
OLEO UMEC CRESPOS E RESSEC 30ML TERRANAT,1
OLEO UMECTANTE COCO 40ML,1
OLEO V SEIVA ALECRIM 30ML,1
OLEO V SEIVA ALECRIM 60ML,1
OLEPTAL 600MG C/30CPR,1
OLEUM ALECRIM ESSENCIAL C/10ML,1
OLEUM CAFE VERDE NATURAL C/10ML,1
OLEUM LARANJA DOCE ESSENCIAL C/10ML,1
OLEUM LAVANDA ESSENCIAL C/10ML,1
OLEUM LEMON GRASS CAPIM ESSENCIAL C/10ML,1
OLEUM LIMÃO SICILIANO ESSENCIAL C/10ML,1
OLEUM MELALEUCA TEA THREE ESSENCIA C/10M,1
OLLA GEL LUBRIF INTIMO 50GR,1
OLMECOR 20 MG C/ 30 COMP REV,1
OLMECOR 20 MG C/ 60 COMP REV-SIMILAR,1
OLMECOR 40 MG C/ 30 COMP REV,1
OLMECOR 40 MG C/ 60 COMP,1
OLMECOR HCT 20MG + 12.5MG 30CPR,1
OLMECOR HCT 40MG + 12.5MG 30CPR,1
OLMECOR HCT 40MG + 25MG 30CPR,1
OLMECOR TRIPLO 40+10+25MG 30CPR,1
OLMERSART+HCT 40/25MG 30CP EUROFARMA,1
OLMESA+ANLO 20+5MG C/30COMP GERMED,1
OLMESA+ANLO 40+10MG C/30COMP GERMED,1
OLMESA+ANLO 40+5MG C/30COMP GERMED,1
OLMESARTANA + HIDROCLOROTIAZIDA 40+25MG 30CP EUROFARMA,1
OLMESARTANA 20MG 30CP GERMED,1
OLMESARTANA 20MG CPR 30 TORENT,1
OLMESARTANA MEDOX 40MG 30CP EUR,1
OLMESARTANA+HIDROCL 40/25 MG 30CP GERMED,1
OLMETEC 20MG 30CPR,1
OLMETEC HCT 40MG/125MG 30CP REV-SIMILAR,1
OLMETEC HCT 40MG/25MG 30COMP REV-SIMILAR,1
OLMETECANLO 40+10MG C/30COMP,1
OLMY 20MG C 30 COMP REV,1
OLMY 20MG C/60 COMP REV,1
OLMY 40MG C 30 COMP REV,1
OLMY 40MG C/60 COMP REV GERMED,1
OLMY ANLO 20+5MG C 30 COMP REV,1
OLMY ANLO 20+5MG C/60 COMP REV,1
OLMY ANLO 20MG+5MG BLT 3X30-SIMILAR,1
OLMY ANLO 40+10MG C/30 COMP REV-SIMILAR,1
OLMY ANLO 40+5MG C 60 COMP REV,1
OLMY ANLO 40MG+10MG CPR 1X30-SIMILAR,1
OLMY ANLO 40MG+5MG BLT 3X30-SIMILAR,1
OLMY HCT 20/12.5MG 30 CPS,1
OLMY HCT 40+25MG C 30 COMP REV,1
OLSAR 40MG 30CPR,1
OMATER GEST C/30 CAPS-DEMAIS PROD,1
OMEGA 3 1000MG 120CAPS AROMA,1
OMEGA 3 1000MG 120CPS GEL VITALE,1
OMEGA 3 1000MG 60 CPS CATARINENSE,1
OMEGA 3 FISH OIL 120 CAPSULAS DUX,1
OMEGA 3 KIDS PEIXONIX DHA E EPA 60 CAPSULAS,1
OMEGA 3 TRIPLA FONTE 1000MG 120CAPSULAS KATIGUA,1
OMEGA 3 TRIPLA FONTE 1000MG 180CPS KATIGUA,1
OMEGA 3 TRIPLA FONTE 1000MG 240CPS KATIGUA,1
OMEGATIVE A-Z 1000MG C/30CAPS GEL,1
OMEPRAMIX 20/500/500 MG C/ 7BLISTERES,1
OMEPRAMIX 7 CARTELAS + 28 CPR,1
OMEPRAZOL 20 MG C/28 CAPS TEUTO,1
OMEPRAZOL 20MG 14CPR,1
OMEPRAZOL 20MG 14CPR (MD7-G)MEDL,1
OMEPRAZOL 20MG 28CPS TEUTO,1
OMEPRAZOL 20MG C/28CAPS/GEO,1
OMEPRAZOL 20MG CAP DURA BL X 28,1
OMEPRAZOL 20MG CX 56 COMP TEUTO,1
OMEPRAZOL 20MG X 28 CAPS CIMED,1
OMEPRAZOL 20MG X 56 CAPS,1
OMEPRAZOL 40MG C/30CAPS LR NQ-GENERICO,1
OMEPRAZOL 40MG C/7 CAPS GERMED,1
"OMEPRAZOL,20 MG 56 CPS (união quimica )",1
OMNARIS 50MCG 120DOSES,1
OMNIC OCAS 04MG 60 COM LIB PROL-SIMILAR,1
OMOPREL 40MG C/56 CPS BELFAR (S),1
OMOPREL 40MG CX 28 CAPSULA,1
ONAZ 10MG C/30 COMP REV,1
ONCILEG A ORABASE 10GR,1
ONCILEG CORT CREME 30GR (CETO+BETA+NEOMI),1
ONCILEG CREME 30GR LEGRAND,1
ONCILEG POMADA 30GR,1
ONDANSETRONA 4 MG 10 COMP,1
ONDANSETRONA 4 MG X 10 COM,1
ONDANSETRONA 4MG 10 CPR ORODISP NEO QUIMICA,1
ONDANSETRONA 4MG 10 CPS PRATI,1
ONDANSETRONA 4MG 10CPR GEOLAB,1
ONDANSETRONA 4MG 30 CPR ORODISP NEO QUIMICA,1
ONDANSETRONA 8 MG X 10 COM,1
ONDANSETRONA 8MG 10 COMP,1
ONDANSETRONA 8MG C/10 COMP GERMED,1
ONDANSETRONA CLD 8 MG 10 CPS ODT / GEN CLORIDRATO DE ONDAN,1
ONDAVON 4MG 10CPR ORODISP (ONDANSETRONA),1
ONDAVON 8MG 10CPR ORODISP (ONDANSETRONA),1
ONDIF 4MG C/10 FILMES-OUTROS,1
ONDIF 8MG C 10 FILMES,1
ONDSET 4MG/5ML SOL ORAL 100 ML GENOM,1
ONEGRIPE C/20 CAPSULAS,1
ONGLYZA 5MG C/28 COMP,1
ONICUT C/60 CAPS,1
OPTI FREE EXPRESS PROM 355+120GR,1
OPTI FREE PURE MOIST PROMOCIONAL,1
OPTI FREE REPLENISH 300ML+120ML-DEMAIS PROD,1
OPTI-FREE EXPRESS 2 FRA C 355ML,1
OPTILAR 5MG/ML SOL OFT 5ML,1
OPTILAR SOL OFTAM 4MG/ML 5ML,1
OPTILUTEIN C/60 CAPS,1
OPTIVE SOL COL 15ML,1
OPTIVE UD 30 FLACONETES 4ML-DEMAIS PROD,1
OPTOCARE UL SOL OFT 10ML,1
OPTOCARE UL15ML,1
ORA PRO NOB.120CAPS 500MG,1
ORA PRO NOBIS 120 CAPS 500MG - ERVAS GOIAS,1
ORA PRO NOBIS 60 CAPS,1
ORA PRO NOBIS 60 CAPS 500 MG,1
ORA PRO NOBIS 60CAPS NATUNECTAR,1
ORA PRO NOBIS 90CPS,1
ORA PRO NOBIS C/30,1
ORA PRO NOBIS C/60 UNILIFE,1
ORAL B ESCOVA DE DENTE ELETRICA (KIDS) DISNEP PIXAR CARS,1
ORAL Z 4MG ML SUS C SABOR 75ML,1
ORGANONEURO CEREBRAL C 25 DRG,1
ORGANONEURO CEREBRAL C/100 DRG,1
ORGASTIC CAPSULA,1
ORGASTIC GEL 17 ML,1
ORIGEM REP PONTAS ABACATE 30ML,1
ORLISTATE 120MG 42 CAP PRATI,1
ORLISTATE 120MG 84 CAPSULA PRATI DONADUZZI,1
ORLISTATE NEOQ GEN 120MG C/42 CPS,1
ORLISTATE NEOQ GEN 120MG C/84 CPS,1
ORO PRO NOBIS 60 CPS UNILIFE,1
ORTESE LINE 3 TIRAS DIR. ( G ),1
ORTESES PARA OMBRO/UMERO EXTRA-GRANDE/CINZA - LOTE: 04535700,1
ORTESES PARA OMBRO/UMERO GRANDE/CINZA - LOTE: 0476130019,1
ORTESES PARA OMBRO/UMERO MEDIO/CINZA - LOTE: 0458290001,1
OS-CAL D 500MG+1000UI C/60 CPR-OUTROS,1
OSCAL 500MG 60CPR,1
OSCAL D 500MG 60CPR,1
OSCILLOCOCCINUM C/ 30 DOSES,1
OSCILLOCOCCINUM C/6 DOSES,1
OSS FOR K MAG X 30 COM,1
OSS FOR K MAG X 60 COM,1
OSS FOR K MAG X 60 COM REV,1
OSSONE 30 COMP REVESTIDOS,1
OSSOPRO 30 CPS,1
OSSOPRO K2 30CPR ZERO ACUCAR HERTZ,1
OSSOPRO KM ZERO ACUCAR 30CPS,1
OSSOTRAT D 600MG 60CPR,1
OSTEOBAN 150MG 1CPR,1
OSTEOBAN 150MG C/3 COMP (PORTAL DROGARIA),1
OSTEONUTRI 600MG+400UI C/30 COMP,1
OSTEONUTRI 600MG+400UI C/60 COMP,1
OSTEOTEC 150MG C 3 COMP REV,1
OSTEOTEC 150MG CPR 1,1
OSTEOTRAT 35MG C/12 COMP (PBM - PORTAL DROGARIA),1
OSTEOTRAT 35MG C/4 COMP (PBM - PORTAL DROGARIA),1
OSTHEN K2 RENOFORCE C/60CAPS,1
OSTHENCAL K2 500 MG 60 CAPS,1
OTIBLOCK SPRAY 45 ML,1
OTO BETNOVATE 10ML,1
OTO XILODASE GTS 8ML,1
OTOCIRIAX GTS 5ML,1
OTOCIRIAX SUSP OTOL 5ML,1
OTODRAT SOL HIDRATANTE 4ML,1
OTOMIXYN GTS 5ML,1
OTOMIXYN GTS 5ML DESMARCADOS,1
OTOSPORIN GTS C/ 10 ML,1
OTOSPORIN GTS C/ 10 ML DESMARCADOS,1
OTOSYLASE SOL OTO 10ML,1
OXAL ESCITALOPRAM (C1) 15MG C/30CPRV/RANB,1
OXALATO DE ESCITALOPRAM 10MG 60CP GERMED,1
OXALATO DE ESCITALOPRAM 10MG 60CPR MEDLEY,1
OXALATO DE ESCITALOPRAM 10MG C/ 30 CPR GEN GERMED,1
OXALATO DE ESCITALOPRAM 10MG C/ 30 CPR GEN MEDLEY,1
OXALATO DE ESCITALOPRAM 10MG C/ 30 CPR GEN NOVA QUIMICA,1
OXALATO DE ESCITALOPRAM 10MG C/ 30 CPR GEN TEUTO,1
OXALATO DE ESCITALOPRAM 10MG C/30CPR GEN EUROFARMA,1
OXALATO DE ESCITALOPRAM 15MG C/ 30 CPR GEN GERMED,1
OXALATO DE ESCITALOPRAM 15MG C/ 30 CPR GEN MEDLEY,1
OXALATO DE ESCITALOPRAM 15MG GEN NOVA QUIMICA,1
OXALATO DE ESCITALOPRAM 20 MG C/30 CPR GEN EUROFARMA,1
OXALATO DE ESCITALOPRAM 20 MG C/30 CPR GEN NOVA QUIMICA,1
OXALATO DE ESCITALOPRAM 20MG 30 CPR GEN MEDLEY,1
OXALATO DE ESCITALOPRAM 20MG 30CP GERMED,1
OXALATO DE ESCITALOPRAM 20MG 30CPR RABANXY,1
OXALATO DE ESCITALOPRAM 20MG COMP REV C/30 TEUTO,1
OXCARBAZEPINA 300 MG C/ 30 CPR GEN UNIAO QUIMICA,1
OXCARBAZEPINA 300MG 60CP RANBAXY,1
OXCARBAZEPINA 300MG C/ 30CPR GEN MEDLEY,1
OXCARBAZEPINA 300MG C/30 CPR TORRENT,1
OXCARBAZEPINA 300MG C/30CPR GEN RANBAXY,1
OXCARBAZEPINA 60 MG/ML SUSP ORAL 100 ML GEN UNIAO QUIMICA,1
OXCARBAZEPINA 600 MG C/ 30 CPR GEN UNIAO QUIMICA,1
OXCARBAZEPINA 600 MG C/ 30 CPR GEN UNIAO QUIMICA DESMARCADOS,1
OXCARBAZEPINA 600MG C/ 30CPR GEN MEDLEY,1
OXCARBAZEPINA 600MG C/30 CPR TORRENT,1
OXCENE 10MG C 30 COMP,1
OXCENE 4MG C 30 COMP MAST,1
OXCENE 4MG GRAN C/30 SACHES,1
OXCENE 5MG C 30 COMP MAST,1
OXIMAX 400MCG 30CPS REFIL,1
OXIMAX 400MG + INAL C 30 CAPS,1
OXIMETRO DE PULSO G-TECH MODELO OLED GRAPH,1
OXIMETRO DE PULSO G-TECH MODELO OLED PEDIATRICO,1
OXIMETRO DE PULSO MULTILASER,1
OXIMETRO DE PULSO MULTILASER PRETO,1
OXIMETRO DE PULSO PORTATIL DE DEDO TELA LED,1
OXIMETRO G-TECH MODELO LED,1
OXIPELLE SOL 20ML,1
OXOTRON 60MG C/15 COMP,1
OXYCONTIN 10MG C/ 28 CPR,1
OXYCONTIN 20MG C/ 28 COMP,1
OXYPYNAL 10MG C 10COMP,1
OXYPYNAL 10MG C 30 COMP,1
OXYPYNAL 10MG C/ 28 CPR,1
OXYPYNAL 20MG C 30COMP,1
OZEMPIC 1MG + 4 AG NOVOFINE 4MM,1
P SOLAR ANASOL F30 200ML EROSOL,1
P SOLAR C&B KIT F6+F30 PROT110ML,1
P SOLAR C&B KITF30 200ML+F30 50G,1
P SOLAR CEN/B SPRAY FPS15 110ML,1
P SOLAR CICATRICURE F50 ANTI 40G,1
P SOLAR EXPER BBCREAM FPS50 50ML-DEMAIS PROD,1
P SOLAR EXPER F30 200+FACF30 25G,1
P SOLAR EXPERT 120ML+ANT F30 25G,1
P SOLAR EXPERT ANTIR COR F60 40G-DEMAIS PROD,1
P SOLAR EXPERT ANTIRRUGA F30 40G-DEMAIS PROD,1
P SOLAR EXPERT ANTIRRUGA F60 40G-DEMAIS PROD,1
P SOLAR EXPERT FPS50 120ML,1
P SOLAR EXPERT FPS70 120ML,1
P SOLAR EXPERT T LIM COR F70 40G-DEMAIS PROD,1
P SOLAR EXPERT T SECO F30 40G,1
P SOLAR EXPERT T SECO F60 40G,1
P SOLAR LOREAL BB CLARA F50 30ML,1
P SOLAR LOREAL BB MEDIA F50 30ML,1
P SOLAR LOREAL BB MOREN F50 30ML,1
P SOLAR NIV P&H F50 200ML+100ML,1
P SOLAR NIVEA ANTIACNE F50 40ML,1
P SOLAR NIVEA ANTISSIN FPS70+PROT SOLAR FACE TOQUE SECO ANT,1
P SOLAR NIVEA ANTISSINA F50 40ML,1
P SOLAR NIVEA F50 200ML+F60 KIDS,1
P SOLAR NIVEA FAC BE COR F50 50G,1
P SOLAR NIVEA FAC BE COR F60 50G,1
P SOLAR NIVEA FAC BE OLE F50 50G,1
P SOLAR NIVEA FAC BE SEC F50 50G,1
P SOLAR NIVEA FAC BE SEN F50 50G,1
P SOLAR NIVEA FAC F30 50ML+50ML,1
P SOLAR NIVEA FAC F60+CR ANTISS,1
P SOLAR NIVEA FACIAL FPS30 40 ML,1
P SOLAR NIVEA FACIAL FPS70 40ML,1
P SOLAR NIVEA FPS30 125ML,1
P SOLAR NIVEA FPS30 200ML,1
P SOLAR NIVEA FPS50 200ML,1
P SOLAR NIVEA FPS50+FAC FPS70,1
P SOLAR NIVEA P&B F30 200M+100ML,1
P SOLAR NIVEA P&B FPS 30 125ML,1
P SOLAR NIVEA P&H+P&B FPS30 125ML,1
P SOLAR NIVEA P&T AER FP50 200ML,1
P SOLAR NIVEA P&T FP30 200ML,1
P SOLAR NIVEA PELE RADI F50 40ML,1
P SOLAR SUND F50 200ML+F50 120ML,1
P SOLAR SUNDOWN ECON FPS 50 200ML,1
P SOLAR SUNDOWN F50 200M+GTS F30-DEMAIS PROD,1
P SOLAR SUNDOWN FPS 50 120ML,1
P SOLAR SUNDOWN FPS30 350ML-DEMAIS PROD,1
P SOLAR SUNDOWN KIDS FP60 150ML,1
P SOLAR SUNDOWN P MOLH F30 200ML,1
P SOLAR SUNDOWN PEL MO F50 200ML,1
PA+CAR+D.SOD+CAF-300+125+50+30MG CO/30,1
PACK APTANUTRI PREMIUM 800G,1
PACK ELS CACHOS SH 375ML+CD170ML,1
PACK ELS HID DET SH375ML+CD170ML,1
PACK ELS LISO SN SH375ML+CD170ML,1
PACK MAMAD ANTI COL 125ML+260ML+330ML AZUL/SCD809/43,1
PACK MAMAD ANTI COL 125ML+260ML+330ML ROSA/SCD809/42,1
PACK MAMAD ANTI COL 125ML+260ML+330ML TRANSP/SCD809/41,1
PACK MAMAD ANTI COL 330ML+BICO 4 AZUL/SCD809/30,1
PACK NINHO FASES 1+ 800G 30%OFF,1
PACK OFF KIDS L200 P117ML,1
PACK SH CD CACHOS OSTENTACAO 2L SP PB,1
PACK SOL PROT FPS50+SE CREME 25G-DEMAIS PROD,1
PACK SPRAY REPELENTE INS EXPERT TOTAL 100ML + PROT SOLAR FPS,1
PACO 500+30MG C 48 COMP,1
PACO 500/30MG C/ 12 CPR,1
PACO 500/30MG C/36 COMP,1
PACO 500MG+30MG C/ 24 CPR,1
PACO RABANNE OLYMPÉA EAU DE PARFUM FEMININO 80ML,1
PACOCA QUADRA MORENINHA DO RIO 276G ZERO,1
PACOCA QUADRA SANTA HELENA EMB DIET,1
PACOCA ROLHA EMB MORENINHA DO RIO 750GR PT/0050/UN,1
PACOCA ZERO ACAI 20GR,1
PACOCA ZERO DISPLAY 24X20GRS - FN,1
PALETA BLUSH NATURAL JASMYNE JS 3015,1
PALETA BRONZER BLUSH ILUMINADOR HB-7528,1
PALETA DE CORRETIVO LUISANCE,1
PALETA DE SOMBRAS CANDY CRUSH HB-1075-S3,1
PALETA DE SOMBRAS FALL IN LOREHB-1075-S5,1
PALETA DE SOMBRAS KIT BELIEVE CS-3124,1
PALETA DE SOMBRAS LET IT RAIN HB-1075-S4,1
PALETA DE SOMBRAS OBSESSED HB-1075-S7,1
PALETA ILUMINADOR MERMAID CS-2377 COR 1,1
PALETA SOMBRA BLUSH ILIMINADOR CS-3145,1
PALETA SOMBRA MELU HB-1085,1
PALETA SOMBRA VERSATIL 18 TONS HB-1084,1
PALETA SOMBRAS SOBRANCELHA HB-9354,1
PALETA SOMBRAS SOBRANCELHAS HB-F572,1
PALEXIS LP 100MG C 30COMP REV,1
PALEXIS LP 50MG C/30 COMP REV,1
PALITO DE UNHA AROEIRA PARAJU,1
PALITO MANICURE MADEIRA 1x1,1
PALITO UNHA NOVO MARROM,1
PAMELOR 10MG C/ 30 CPR,1
PAMELOR 25 MG C/ 30 CPS,1
PAMELOR 25MG C/60 CAPS,1
PAMELOR 50MG C/ 30 CPS,1
PAMELOR 75MG C/ 30 CAPS,1
PANETTONE CASA SUICA 750GR LA VENEZIANA CX/0006/UN,1
PANT SEC SOL CAP 50MG/ML SPRAY 50ML S ACHE .,1
PANT SEC SOL CAP 50MG/ML+VALV SPR 50ML S ACHE .,1
PANT SOL CAP 50MG/ML REFIL,1
PANT SOL CAP C/3FR 50ML,1
PANTENE OLEO MILAGROSO 95ML,1
PANTENE SPRAY QUERATINA 160ML,1
PANTOCAL 40MG 28CPR,1
PANTOGAR 30CPS,1
PANTOGAR 60CPS,1
PANTOGAR 90CPS (PBM),1
PANTOGAR LOC 80ML,1
PANTOGAR MEN 30 CAPS,1
PANTOGAR MEN C 90 CAPS,1
PANTOGAR MEN C/30 CAPS,1
PANTOGAR NEO 60 CAPS,1
PANTOGAR NEO 90CPS SN,1
PANTOGAR RESIST SILICIO C/30 SACHE,1
PANTOGAR UNHAS GEL TOP 5ML,1
PANTOPRAZOL 20MG 28 COMP BIOSINTETICA,1
PANTOPRAZOL 20MG 28CPR BIOSINTETICA,1
PANTOPRAZOL 20MG C/28 COMP CIMED,1
PANTOPRAZOL 20MG C/28 CPR,1
PANTOPRAZOL 40 MG C/ 28 COMP REV,1
PANTOPRAZOL 40 MG C/28 CP EUROFARMA,1
PANTOPRAZOL 40 MG CX 42 COMP EUROFARMA,1
PANTOPRAZOL 40MG 28CPR BIOSINTÉTICA,1
PANTOPRAZOL 40MG 28CPR MEDLEY,1
PANTOPRAZOL 40MG 28CPR SDZ,1
PANTOPRAZOL 40MG C 28 COMP EMS,1
PANTOPRAZOL 40MG C 28 COMP GERMED,1
PANTOPRAZOL 40MG C 42 COMP GERMED,1
PANTOPRAZOL 40MG C/ 42 COMP BIOSINTETICA,1
PANTOPRAZOL 40MG C/42 CPR,1
PANTOPRAZOL 40MG CX 28 COMP EUROFARMA,1
PANTOPRAZOL 40MG CX 30 COMP REV MEDQUIMICA - LEVE 4 PAGUE 3,1
PANTOPRAZOL 40MG CX 30COMP REV MEDQUIMICA,1
PANTOPRAZOL 40MG CX 60 COMP REV MEDQUIMICA,1
PANTOPRAZOL SESQUI-HIDRATADO 40MG 30CP MEDQUÍMICA,1
PANTOPRAZOL SODICO 20MG CPR REV 1X42 BIO-GENERICO,1
PANTOPRAZOL SODICO 40mg cx 28 comp,1
PANTOPRAZOl SÓDICO 40MG 28CP BIOSINTETICA,1
PANTOVIT FLACONETES 10ML ABACAXI,1
PAO ALHO RIGONALI 280G,1
PAO DE ALHO TRADICIONAL 350G,1
PAP CARNE LEGUMES E MANDIOCA 115 G,1
PAPEL HIG ATUALLE 20M FD.NEUTRO 01X12,1
PAPEL HIG DELUXE 20M LV16 PG15 6X16,1
PAPEL HIG DELUXE FD 20M LV12 PG11 06X12,1
PAPEL HIG FAMILIAR F/S 12,1
PAPEL HIG FD MIMMO NEUTRO 1X40MTS FD/0010/UN,1
PAPEL HIG FD NOBLE 1X12 20MT,1
PAPEL HIGIENICO MAX COMPACTO L12P11 6X12X30M 6X12,1
PAPEL HIGIENICO MIMMO 1X12 FOLHA DUPLA 30M,1
PAPEL HIGIENICO PERSONAL VIP NEUTRO L12P11 20M 12X,1
PAPEL P/ DEPILACAO TRANSP. C/50 ( 109 ),1
PAPEL TOALHA ELITE INTERFOLHADA 1000FL,1
PAPEL TOALHA INTERF EVIDENCE 20X20 PT/1000/UN,1
PAPEL TOALHA QUALILUX INTERF BC 1000FL PT/1000/UN,1
PAPEL TOALHAS COQUETEL 12X2,1
PARAC+F.CODEINA500+30 MG C/12,1
PARAC+F.CODEINA500+30 MG C/36,1
PARACET+F COD 30MG 36CP GERMED,1
PARACETAMOL 100MG/ML SUSP ORAL 15 ML,1
PARACETAMOL 200 MG/ML SOL OR FR 15 ML,1
PARACETAMOL 200MG SOL FR GTS 15ML,1
PARACETAMOL 200MG/ML GTS 15ML ALTEFAR,1
PARACETAMOL 32MG/ML SUSP ORAL 60 ML,1
PARACETAMOL 500MG 20 CPS PRATI,1
PARACETAMOL 750 C/20 CPS PRATI,1
PARACETAMOL 750 MG C/ 20 COMPRIMIDOS NEOQUÍMICA,1
PARACETAMOL 750 MG C/20 CP MEDQUIMICA,1
PARACETAMOL 750 MG COM 2 BL X 10,1
PARACETAMOL 750 MG COMP C/10 CIMED,1
PARACETAMOL 750MG 10 CP/ PARACETAMOL 500MG 10 CP PRATI -DONADUZZI,1
PARACETAMOL 750MG 20 CPR NEO QUIMICA,1
PARACETAMOL 750MG 20CPR MEDQUIMICA,1
PARACETAMOL 750MG 20CPR NEO QUIMICA,1
PARACETAMOL 750MG 20CPR UNIÃO QUIMICA,1
PARACETAMOL 750MG 20CPS PRATI,1
PARACETAMOL 750MG C/ 20 COMP,1
PARACETAMOL 750MG CX 20 COMP MEDQUIMICA - LEVE 4 PAGUE 3,1
PARACETAMOL 750MG CX 20 COMP PRATI DONADUZZI,1
PARACETAMOL GOTAS INFANTIL GREENPHARMA,1
PARACETAMOL GTS 15ML GERMED,1
PARACETAMOL GTS 15ML UNIAO QUIMICA,1
PARACETAMOL+ FOSFATO DE CODEINA 500+30MG C/12 CPR GEN EUROFA,1
PARACETAMOL+ FOSFATO DE CODEINA 500+30MG C/36 CPR GEN EURO,1
PARACETAMOL+CODEINA 30MG 12CPR EMS DESMARCADOS,1
PARACETAMOL+CODEINA 30MG 24CP GERMED,1
PARACETAMOL+CODEINA 500+30MG 24CPR BIOLAB,1
PARACETAMOL+CODEINA 500+30MG C/12 CPR GEN EMS DESMARCADOS,1
PARACETAMOL+FOSFATO DE CODEINA 500+30 MG C/ 36 CPR GEN BIOLA,1
PARACETAMOL+FOSFATO DE CODEINA 500+30MG C/ 12 CPR GEN BIOLA,1
PARACETAMOL+FOSFATO DE CODEINA 500+30MG C/ 24 CPR GEN EMS,1
PARACETAMOL+FOSFATO DE CODEINA 500+30MG C/ 36 CPR GEN GEOLAB,1
PARACETAMOL+FOSFATO DE CODEINA 500+30MG C/24 CPS GEN EUROFA,1
PARACETAMOL+PSEUD 24CPR EMS,1
PARACETAMOL+PSEUD 24CPR GERMED,1
"PARACETAMOL,750MG 20 MG CPR (união quimica)",1
PARAFINA DERM BRONZE MORENA JAMBO VITAMINAS A/E 1X100G,1
PARAFINA DERMA BRONZE MORENA JAMBO CENOURA/URUCUM 1X100,1
PARAFINA LABOTRAT BRONZ 1X20G,1
PARAFUSADEIRA WAP BATERIA BP 4.8V BIVOLT$,1
PARAMOL 500MG 20CPR(PARACETAMOL),1
PARASIN LIQ 10ML,1
PARIET 20MG C/28 COMP,1
PAROXETINA 10MG C/20 GEOLAB,1
PAROXETINA 20MG C/30 EUROFARMA DESMARCADOS,1
PARTIU CASTANHA DE CAJU COM SAL 60 GR ORGANZA,1
PARTIU CHIPS DE FRUTA DE BANANA LIOFILIZADA20 GR ORGANZA,1
PARTIU CHIPS DE FRUTA DE COCO LIOFOLIZADO20 GR ORGANZA,1
PARZO 200MG 10CPS,1
PARZO 200MG 15CPS,1
PASALIX C 60 COMP REVESTIDO,1
PASALIX C/30 COMP,1
PASALIX PI 1000MG 20CPR,1
PASALIX PI 500MG C/30 COMP,1
PASALIX PI 500MG CPR 20,1
PASALIX PI C/60 COMP,1
PASSA FEBRE MUNILA CX COM 2 SACHET,1
PASSAFIO BITUFO WAY 30 UN,1
PASSAFIO DENTALCLEAN INTERDENTAL 1X30,1
PASSAFIO HILLO INTER DENTAL 1X25UN,1
PASSARE 900+100MG C/30 COMP REV,1
PASSARE 900+100MG C/60 COMP REV,1
PASTA DAGUA CGLICERINA POTE 120G,1
PASTA DAGUA OXIDO DE ZINCO 25% 80GR,1
PASTA DE AMENDOIM AVELA C/ WHEY PROTEIN ISOLADO 600G,1
PASTA DE AMENDOIM BEIJINHO C/ WHEY PROTEIN 600G,1
PASTA DE AMENDOIM BOMBOM ITALIANO C/ WHEY PROTEIN 250G,1
PASTA DE AMENDOIM BRIGADEIRO C/ WHEY PROTEIN ISOLADO 600G,1
PASTA DE AMENDOIM BROWNIE 500G,1
PASTA DE AMENDOIM BROWNIE C/ WHEY PROTEIN ISOLADO 600G,1
PASTA DE AMENDOIM BUENISSIMO C/ WHEY PROTEIN ISOLADO 250G,1
PASTA DE AMENDOIM BUENISSIMO C/ WHEY PROTEIN ISOLADO 600G,1
PASTA DE AMENDOIM CHOCOLATE BRANCO C/ WHEY PROTEIN ISOLADO 6,1
PASTA DE AMENDOIM CHOCOTINE C/ WHEY PROTEIN 600G,1
PASTA DE AMENDOIM COOKIES & CREAM C/ WHEY PROTEIN ISOLADO 60,1
PASTA DE AMENDOIM COOKIES E CREAM 500G,1
PASTA DE AMENDOIM DOCE DE LEITE C/ WHEY PROTEIN 600G,1
PASTA DE AMENDOIM LEITE EM PO C/ WHEY PROTEIN ISOLADO 600G,1
PASTA DE AMENDOIM PACOCA C/ WHEY PROTEIN ISOLADO 600G,1
PASTILHA CIFLOGEX MEL-LIMAO 12UN,1
PASTILHA TIC TAC 16GRS FRUTAS,1
PASTILHA TIC TAC 16GRS MORANGO,1
PATANOL COLIRIO 5ML,1
PATINHO BANHO ALEGRE VILATOY,1
PATZ GTS 10MG ML SOL 20ML,1
PATZ SL 10MG C 30 COM SUBL,1
PATZ SL 10MG C/20 COMP SUBL,1
PATZ SL 10MG C/20 COMP SUBL DESMARCADOS,1
PATZ SL 5MG 20CP DESMARCADOS,1
PATZ SL 5MG C/60 COMP,1
PATZ SL BLISTER 5MG C/ 30 COMP,1
PAXIL CR 25MG C/30CPR,1
PAXORAL 7MG 10CP,1
PAXTRAT 20MG C/ 30 CPR,1
PAZINE 315MG C 30 COMP REV,1
PEAGESIC 300MG 30CPR REV,1
PEALIV 300MG C/30 COMP,1
PEALIV 600MG C 30 COMP,1
PEDHIDRATE MAIS SABOR MORANGO 450ML,1
PEDHIDRATE MAIS SABOR NATURAL 450ML,1
PEDHIDRATE MAIS SABOR UVA 450ML,1
PEDIANUTRI C/120ML TUTTI-FRUTTI,1
PEDIANUTRI GOTAS 20ML TUTTI-FRUTTI,1
PEDIANUTRI SOL 120ML,1
PEDIASURE COMPLETE BAUNILH 850G-DEMAIS PROD,1
PEDIASURE COMPLETE MORANGO 850G-DEMAIS PROD,1
PEDIASURE PO BAUNILHA 850G,1
PEDIASURE PO CHOCOLATE 850G,1
PEDIASURE PO MORANGO 850GR,1
PEDICURO TAIFF SOFT FEET BIVOLT,1
PEDIDERM SHAMPOO 100ML,1
PEDILETAN 1% LOCAO 60ML,1
PEDRA HUME (ALUMEN DE POTASSICO 30G) UNIPHAR,1
PEDRA HUME SPRAY 30ML,1
PEDRA POMES NOVO VISUAL 1X1,1
PEG-LAX 4000 250ML SOLUCAO ORAL,1
PEG-LAX MACROGOL 3350 LAXANTE 17G SABOR LIMÃO 14 ENVELOPES,1
PEG-LAX PO C/ 14 ENV-OUTROS,1
PEN VE ORAL 12CPR,1
PEN VE ORAL SUSP 60ML,1
PENTASA 2G LIB PROL 30 SACHE,1
PENTE DE ACO+LUPA TIRA PIOLHO ROSA 1UN,1
PENTE DE ACO+LUPA TIRA PIOLHO VERDE 1UN,1
PENTE DENTES MEDIO,1
PENTE FINO COM DENTES DE METAL MK8358,1
PENTE FINO NOVO VISUAL PARA PIOLHO COM CABO 1X1,1
PENTE TOY REMOVEDOR LENDEAS/PIOLHOS EASY,1
PENTOXIFILINA 400MG 20CPR GERMED 1,1
PENTOXIFILINA 400MG 30CPS EMS,1
PENVIR 125MG 10CPR,1
PENVIR 500MG CPR 1X21-SIMILAR,1
PENVIR LABIA 5G,1
PEPSAMAR 20X10 COMP,1
PEPSI ZERO LATA 350ML SH,1
PEPSOGEL GEL 240ML,1
PERCOF XPE 120ML,1
PERFENOL 400+4+4MG CX 20 CAP,1
PERFENOL C/10,1
PERFENOL C/20 CAPS,1
PERFUME AMOR AMOR FEM CACHAREL 100ML,1
PERFUME ANIMALE FOR MEN 100ML,1
PERFUME BEAUTY BRAND COLLECTION GOLD VERSANT N° 038,1
PERFUME BEAUTY BRAND COLLECTION N° 035,1
PERFUME BEAUTY BRAND COLLECTION N° 045 FLORAL RED,1
PERFUME BLACK PARTY MEN N° 154,1
PERFUME BRAND COLLECTION ALLURE EAU DE PARFUM 001 25ML,1
PERFUME BRAND COLLECTION ARE YOU ON THE LIST? YES N° 008,1
PERFUME BRAND COLLECTION BLACK XSFORHAIR PACO RABANN N° 019,1
PERFUME BRAND COLLECTION BLOOMING PINK N°378,1
PERFUME BRAND COLLECTION CLASSIC MAN EAU PARFAM 25ML N.102,1
PERFUME BRAND COLLECTION DO YOU LOVE IT? IDO N° 009,1
PERFUME BRAND COLLECTION FAME N°365,1
PERFUME BRAND COLLECTION GIVENCHY IRRESISTIBLE N°026,1
PERFUME BRAND COLLECTION HEROINE N° 340,1
PERFUME BRAND COLLECTION INTENSE N° 336,1
PERFUME BRAND COLLECTION INVICTUS VICTORY N°214,1
PERFUME BRAND COLLECTION JADORE N.007,1
PERFUME BRAND COLLECTION JEAN PAUL LE MALE N.153,1
PERFUME BRAND COLLECTION LA BELLE N°324,1
PERFUME BRAND COLLECTION LADY BILLION EAU DE PARFUM 105 25ML,1
PERFUME BRAND COLLECTION LIBRI N.159,1
PERFUME BRAND COLLECTION N.008,1
PERFUME BRAND COLLECTION N.017,1
PERFUME BRAND COLLECTION N.075,1
PERFUME BRAND COLLECTION N.087,1
PERFUME BRAND COLLECTION N.116,1
PERFUME BRAND COLLECTION N.132,1
PERFUME BRAND COLLECTION N.171,1
PERFUME BRAND COLLECTION N.224,1
PERFUME BRAND COLLECTION N.295,1
PERFUME BRAND COLLECTION N.296,1
PERFUME BRAND COLLECTION N° 011,1
PERFUME BRAND COLLECTION N° 014,1
PERFUME BRAND COLLECTION N° 105,1
PERFUME BRAND COLLECTION N° 136,1
PERFUME BRAND COLLECTION N° 179,1
PERFUME BRAND COLLECTION N° 191,1
PERFUME BRAND COLLECTION N° 225,1
PERFUME BRAND COLLECTION N° 234,1
PERFUME BRAND COLLECTION N° 265,1
PERFUME BRAND COLLECTION N° 286,1
PERFUME BRAND COLLECTION N° 297,1
PERFUME BRAND COLLECTION N° 349,1
PERFUME BRAND COLLECTION N° 351,1
PERFUME BRAND COLLECTION OLYMPIC N° 087,1
PERFUME BRAND COLLECTION ONE MILLON N°005,1
PERFUME BRAND COLLECTION SALVAGE N°100,1
PERFUME BRAND COLLECTION SKATEBOARD HEROS N° 347,1
PERFUME BREND COLLECTION N° 181,1
PERFUME CALVIN KLEIN EUPHORIA FEM EAU DE PARFUM 25ML,1
PERFUME CHANEL ALLURE HOMME SPORT EDT MASCULINO 100 ML,1
PERFUME COLONIA DREAMER 100 ML HB-103,1
PERFUME COLONIA EGO 100 ML HB-101,1
PERFUME COLONIA FEELS MOOD 100 ML HB-100,1
PERFUME COLONIA FREEDOM 100 ML HB-P104,1
PERFUME COLONIA GLASS HB-P-106,1
PERFUME COLONIA MOOD INTEN 100ML RUBY ROSE,1
PERFUME COLONIA SWEET SCAPE 100 MLHB-102,1
PERFUME DREAM BRAND COLLECTION 138,1
PERFUME DREAM BRAND COLLECTION ANGE A N° 043,1
PERFUME DREAM BRAND COLLECTION DO YOU LOVE IT? IDO N° 034,1
PERFUME DREAM BRAND COLLECTION EU ADORO N° 153,1
PERFUME DREAM BRAND COLLECTION JUMP MAN N° 153,1
PERFUME DREAM BRAND COLLECTION N° 126,1
PERFUME DREAM BRAND COLLECTION N° 151,1
PERFUME DREAM BRAND COLLECTION N° 194,1
PERFUME FERRARI BLACK SCUDERIA FERRARI 125ML,1
PERFUME GABRIELA SABATINI 60ML,1
PERFUME GAULTIER DIVINE 100ML,1
PERFUME GIVERNY DIAMOND BLACK FEM 100ML,1
PERFUME GIVERNY DIAMOND GOLD FEM 100ML,1
PERFUME GIVERNY DIAMOND ROSE FEM 100ML,1
PERFUME GIVERNY DIAMOND WHITE FEM 100ML,1
PERFUME IMPORTADO KOUROS 100 ML,1
PERFUME LANCOME LA VIE EST BELLE 100ML EDP,1
PERFUME LE MALE MASCULINO 125ML - JEAN PAUL GAULTIER,1
PERFUME MASC ANTONIO BANDERAS THE GOLDEN SECRET 100ML,1
PERFUME MASC JEAN PAUL GAULTIER LE BEAU INTENSE 125ML,1
PERFUME MASC JEAN PAUL GAULTTER LE BEAU 125ML,1
PERFUME NOAH EAU DE TOILETTE CACHAREL 100ML,1
PERFUME NYC SCENTS N° 022,1
PERFUME PACO RABANNE 1 MILLION 100ml,1
PERFUME SALVAGE DIOR 100ML,1
PERFUME SCANDAL FEMININO 80ML - JEAN PAUL GAULTIER,1
PERGO 2MG SOL 120ML,1
PERIDAL 10MG 60CPR,1
PERIOGARD S.BUCAL E.MINT 250ML,1
PERIOGARD SEM ALCOOL 250ML,1
PERIOGARD USO DIARIO 500ML-DEMAIS PROD,1
PERIOTRAT MENTA FORTE SALCOOL 250ML,1
PERIVASC 1000MG C/30 COMP,1
PERLATTE 9.000 FCC 10CPR,1
PERLATTE C/30 COMP - PBM,1
PERLATTE C/60 COMP,1
PERLUMES 150MG 1AMP/1ML INJ (ALGESTONA),1
PERMANGANATO POT.100MG C10CPR,1
PERMANGANATO POTASSIO,1
PERMEAR 300MG 30 COMPRIMIDOS,1
PERMENATI 10MG/ML FR 60ML LOCAO 1%,1
PERMENATI 50MG/ML FR 60ML LOCAO 5%,1
PERMESE 5+2MG/ML SUS INJ 1 ML SER,1
PERMETRINA 10MG/G LOC 60ML GEN PRATI,1
PERMUT CR 20G,1
PEROLA 75MG C 28CPR,1
PEROLA 75MG C/ 84CPR,1
PEROSTEO KM C/30 TABS MAST,1
PERSPIREX ROLL ON 20ML,1
PERSPIREX STRONG ROLL ON 20ML,1
PERSUR 5MG C/30 COMP,1
PHARMATON 50+ C/30 CAPS,1
PHARMATON 50+ C/60 CAPS,1
PHARMATON COMPLEX C/ 30 CAPS GEL,1
PHARMATON COMPLEX C/60 CAPS,1
PHARMATON MULHER C/30 COMP-OUTROS,1
PHITOSS KIDS 7MG/ML XPE 100ML C/SERINGA DOSADORA - HEDERA HE,1
PHO KIMERA THERMO C60 CPS,1
PHO KIMERA WOMAN C60 CPS,1
PHO SOMA PRO ULTIMATE ZMAVITAM D C60,1
PHOTODERM ANTIOLEOSIDADE FPS70 CLARO 40G,1
PHOTOPROT FPS 99 COL CLARO 40GR-DEMAIS PROD,1
PHYTOVEIN 300MG 45CPS,1
PIASCLEDINE 300MG C/30 CAPS,1
PIASCLEDINE 300MG C/90 CAPS,1
PICBAM 5MG C 60 CPR,1
PICOLINA DE CROMO 250MG 60 CAP - NUM. LOTE : AUTO000897,1
PIELUS DI FR 400ML-DEMAIS PROD,1
PIELUS LOCAO ANTIQUEDA 120 ML,1
PIELUS MX 50MG/ML SOL CAP 50ML,1
PIELUS SH ANTIQUEDA 200ML,1
PIEMONTE 10MG 60CPR,1
PIEMONTE 4MG C 30 SACHES,1
PIETRA ED 2MG 30 CPR,1
PIETRA ED 2MG 90 CPR,1
PIGMENTBIO SENSITIVE AREAS 75ML,1
PILEXIL SHA 300ML,1
PILEXIL SHA ANTIC SECA 150ML,1
PILHA ENERGIZER MAX (TIRA) PALITO AAA20 20X1$,1
PILHA ENERGIZER MAX-SM-PALITO AAA2 1X2$,1
PILHA EVEREADY ALCALINA GOLD PEQUENA AA2 12X2$,1
PILHA PANASONIC ALCAL AAA PALITO 2X1 SM UN/0001,1
PILHA PANASONIC ALCAL AAA PALITO 4X1 SM CT/0004,1
PILOX 50MG ML SOL SPR 50ML,1
PILULAS IMESCARD 36CPR,1
PINAZAN 100MG C/30 CPR,1
PINAZAN 25MG C/30 COMP,1
PINCA BLACK PONTA DIAGONAL MK0738,1
PINCA COLORIDA PONTA DIAGONAL MK2691,1
PINCA DEPIL MARCO BONI PONTA RETA 6121-B,1
PINCA DOURADA PONTA DIAGONAL MK 2660,1
PINCA DOURADA PONTA RETA MK2653,1
PINCA KIT 2 UNIDADES MK,1
PINCA MERHEJE BASICA DECORADA POTE COM 1X,1
PINCA MUNDIAL CLASSIC INOX PONTA RETA LONGA 1X1,1
PINCA PONTA DOURADA DIAGONAL MK,1
PINCA PONTA DOURADA RETA MK,1
PINCA PONTA FINA MK,1
PINCA PRATA PONTA DIAGONAL MK2684,1
PINCA PRATA PONTA FINA MK1025,1
PINCA PRATA PONTA RETA MK 2677,1
PINCA SFFUMATO REF-550,1
PINCA SFFUMATO REF-552 rosa,1
PINCA SFFUMATO REF-553 bronze,1
PINCA ZALIKE RETA PONTA DOURADA PROF,1
PINCEL 2.1 2,1
PINCEL APLICADOR MK0066,1
PINCEL APLICADOR P MK4404,1
PINCEL DE BARBEAR,1
PINCEL KABUKI EU AMO MK2264,1
PINCEL RASKALO P/TINT PEQ NACIONAL R3408,1
PINCEL RASKALO P/TINT PEQUENO R6013p,1
PINCEL SFFUMATO SINT.S107,1
PINCEL SFFUMATO SINT.S139,1
PINGA NOVO ACAI E PRACAXI 50ML,1
PINGA NOVO CENOURA E OLIVA 50ML,1
PINGA NOVO PATAUA E MORINGA 50ML,1
PINTA LOCA FANT AMARELO 150ML,1
PINTA LOCA FANT AZUL 150ML,1
PINTA LOCA FANT ROXA 150ML,1
PINTA LOCA FANT VERDE 150ML,1
PINTA LOCA FANT VERMELHO 150ML,1
PINTA LOCA FLASH ROSA 150ML,1
PIOGLITAZONA 30MG 30CPR NOVA QUIMICA,1
PIOGLITAZONA 30MG C/30 COMPRIMIDO TEUTO,1
PIOLETAL LOC 10MG 60ML,1
PIOLETAL PLUS 5% 60ML,1
PIOTAZ 30MG C 30 COMP,1
PIROXICAM 20MG 15CPR GERMED,1
PIROXICAM 20MG C/10 CAPS EMS-GENERICO,1
PIROXICAN 20MG C/10CPR NEO QUIMICA,1
PISCINA PLASTICA 1000 LITROS,1
PITAVASTATINA 04MG C/30 CPR BIOLAB,1
PITAVASTATINA 2MG C/ 30 COMP EUR,1
PITAVASTATINA 2MG C/30 GERMED,1
PITAVASTATINA CALC 2MG C/30 COMP BIOLAB,1
PIVAST 2MG C 30 COMP MOMENTA,1
PLABEL 4MG GOTAS 10ML,1
PLANTA GOLD 5G C/10SACH/ANA,1
PLANTA GOLD 5G C/30,1
PLAX ICE GLACIAL 250ML-DEMAIS PROD,1
PLENA CR TORN COZ MESA 2191,1
PLENA CR TORN COZ PAREDE 1158,1
PLENA CR TORN LAVAT MESA 2190,1
PLENANCE 10MG C/90 COMP,1
PLENANCE 20MG C/90 COMP,1
PLENANCE EZE 10 10MG 30CPS,1
PLENANCE EZE 20MG+10MG C/30CAPS-REFERENCIA,1
PLESONAX 5MG CX 20 DRG,1
PLURAIR NASAL 50MCG 120DOSES,1
PLURAIR NASAL 50MCG 60DOSES,1
PLUTONIUM PRE WORKOUT 150G - BUBBLE GUM,1
PO ASEPXIA BEJE CLARO,1
PO ASEPXIA BEJE MEDIO,1
PO BANANA FEELS C/24 HB-850,1
PO COMP VULT N.09,1
PO COMPACTO STAY FIX C/24 HB-857-G1,1
PO COMPACTO STAY FIX C/24 HB-857-G2,1
PO COMPACTO STAY FIX COR C10 HB-857-G1,1
PO COMPACTO STAY FIX COR E160 HB-857-G2,1
PO COMPACTO STAY FIX COR MC50 HB-857-G1,1
PO COMPACTO STAY FIX COR MC60 HB-857-G1,1
PO COMPACTO STAY FIX COR ME100 HB-857-G2,1
PO COMPACTO STAY FIX COR ME120 HB-857-G2,1
PO DESC DOURA PELOS 50 G,1
PO FACIAL ANTIOLEOSIDADE 13G,1
PO FINALIZADOR BANANA FACE BEAUTIFUL,1
PO TRANSLUCIDO MAKE MORE NATURAL 01,1
PO TRANSLUCIDO MAKE MORE NATURAL 04,1
POLARAMINE GOTAS 20ML,1
POLARATUSS EXPECTORANTE 120ML,1
POLI STAR COBATIN SBR CEREJA SOL 120 ML,1
POLICLAVUMOXIL 500MG 12CPR,1
POLIDERMS CREME C/ 20 G,1
POLIMAIS MAIS IMUNIDADE C/ 60 CAP,1
POLIMAIS POLIVITAMÍNICO AZ+MINERAIS 60CPS,1
POLIVITAMINICO BARIATRICO 30 CAPSULAS CATARINESSE,1
POLIVITAMÍNICO AZ 500MG 60 CÁPSULAS,1
POLOL 40MG 30CPR,1
POLTAX 50MG C/20 CPR,1
POLVILHO GRANADO 200G TRADICIONAL,1
POLYDRAT 45 SOL MORANGO FR C/450ML,1
POLYDRAT 45 SOL. NATURAL C/450ML,1
POLYDRAT PO 4x27GR NATURAL,1
POLYDRAT PO C/04 ENV FRAMBOESA PHARMASCIENCE,1
POMADA ASSADUA BABY MED 45G CIMED (ROSA E AZUL),1
POMADA CAPILAR CHARMING MODELADORA FORTE EFEITO SECO 1X50GR,1
POMADA CAPILAR CHARMING MODELADORA NORMAL EFEITO SECO 1X50GR,1
POMADA CAPILAR MURIEL MODE FIXADORA NEW DESIGN 1X120GR,1
POMADA CAPILAR MURIEL MODELA FIXA BIG POWER 1X120GR,1
POMADA CAPILAR MURIEL MODELA FIXADORA QUERATINA 1X120GR,1
POMADA CAPILAR MURIEL MODELAD FIXADORA TRAN 1X120GR,1
POMADA CAPILAR MURIEL MODELADORA FIXADORA POWER 1X120GR,1
POMADA CAPILAR MURIEL MODELADORA FIXADORA TONAL 1X120G,1
POMADA CAPILAR MURIEL MODELADORA STUDIO HAIR EFEITO TEI 1X12,1
POMADA COND EFEITO SECO CBB BEER 150GR,1
POMADA COND EFEITO SECO HIDRAMIX 150GR,1
POMADA COND TEIA KERATIN FIBER 150GR,1
POMADA DE ASSADURAS NISTATINA+OX ZINCO 60G NEO QUIMICA,1
POMADA EF MOLHADO 100G TERRANATIVA,1
POMADA FISIOFORT PREMIUM 240G POTE,1
POMADA HASKELL ARTFIX MODELADORA 150 GR,1
POMADA HASKELL ENCORPA CABELO 150 ML,1
POMADA HASKELL MODELADORA PRA ELE 55GR,1
POMADA MASS CASCAVEL POTE SOUL 240G,1
POMADA MASS MILAGROSA MORINGA B INST150G UN-0001-UN,1
POMADA MASS SUCURI POTE SOUL 240G,1
POMADA MASS TIRA COM A MAO B INST 150GR UN-0001-UN,1
POMADA MASSAGEADORA CANELA DE VELHO 200G,1
POMADA MILAGROSA 150G,1
POMADA NEGRA 200 G,1
PONDERA 10MG C/ 20 CPR,1
PONDERA 15MG C/20 CPR,1
PONDERA 20MG C/ 30 CPR,1
PONDERA 25 MG C/ 20 CPR,1
PONDERA 30MG C/30CPR,1
PONDERA 40MG 20CPR,1
PONDERA XR 25MG C/30 CPR,1
PONDICILINA LARANJA VIT C PASTX12,1
PONDICILINA VITAMINA C CX 12 PAST SB MELLIMAO,1
PONDICILINA VITAMINA C CX 12 PAST SB MENTA,1
PONSDRIL 500MG 24CPR (ACIDO MEFENAMICO),1
PONSTAN 500MG 24CPR,1
PORC ELIZ 62.5X62.5 BIANCO POL 8052935 (CAIXAS: 3 ),1
PORC EMBR 71X71 71217 ACET RET 71217 (CAIXAS: 1 ),1
PORTA CHUPETA NEON AZUL CARTELA C/1,1
PORTA CHUPETA NEON ROSA CARTELA C/1,1
PORTA CHUPETA ZOO (7351) AZUL,1
PORTA CHUPETA ZOO (7351) ROSA,1
PORTA COMPRIM DIARIO C8 REPARTICOES 3B,1
PORTA COMPRIMIDO BRANCO 12 REPART,1
PORTA COMPRIMIDO DIARIO VERDE 4 REPART,1
PORTA COMPRIMIDO SEMANAL VERDE,1
PORTA COMPRIMIDOS C/12 REPARTICAO VERDE,1
PORTA COMPRIMIDOS DIARIO C4 DIVISAO,1
PORTA COMPRIMIDOS TRANSPARENTE INCOTERM,1
PORTA ESCOVA DENTES NOVO VISUAL CORES SORTIDAS 1XUN,1
PORTA ESCOVAS DE DENTES BASIC,1
PORTA LEITE EM PO - AZUL NEOPAN,1
PORTA LEITE EM PO - ROSA NEOPAN,1
PORTA LEITE EM PÓ COM DIVISORIA CEFISA,1
POS SOL SOLAR GOLD 120 G,1
POS-SOL LOCAO MAX SOLAR 120ML,1
POSICOR 10MG C 30 COMP,1
"POSLOV 1,5MG C/1COMP",1
POSTEC 20G,1
POUPA EM CREME HASKELL MURUMURU,1
POVIDINE SPRAY FR 30ML,1
POW 1475 ESC POWERDUO 2 CABECAS TUFO UNI,1
POWER ADE SABOR DE LIMÃO,1
POWER ADE SABOR MIX DE FRUTAS,1
POWER ADE SABOR UVA,1
POWER PROTEIN BAR FRUTAS VERMELHAS 41G MAX TITANIUM,1
POWER PROTEIN BAR NAPOLITANO 41GR MAX TITANIUM,1
POWER PROTEIN BAR TRUFA CHOCOLATE 41GR MAX TITANIUM,1
PRADAXA 110MG 30CPS,1
PRADAXA 110MG C 60 CAPS,1
PRADAXA 150MG C 60 CAPS,1
PRADAXA 150MG C/30 CAPS,1
PRAIVA 400MG C 5 COMP REV,1
PRAIVA 400MG C/ 7 CPR,1
PRALIVIO 100 MG/ML SUSP ORAL 20ML,1
PRALIVIO 400 MG C/10 CAPS GEL,1
PRANCHA GAMA ELEGANZA PLUS PRETA REF APP 2205,1
PRANCHA SALON LINE ZETA BIVOLT/SAL,1
PRANCHA TAIFF PROFISSIONAL RED ION TAIFF,1
PRATIPRAZOL 20MG 28 CAPS PRATI,1
PRATIPRAZOL 20MG 56 CAPS,1
PRATIPRAZOL 20MG 84 CAPS,1
PRATIUM 140MG GTS 15ML,1
PRAZY 40MG 28CAPS ( PANTOPRAZOL) LGR,1
PRE TREIN BUBLE PUMP EFER.SB CHICLE.200G,1
PRE TREINO DARKNESS 150G EVORA LIMAO EM PO,1
PREBICTAL 100MG C/ 28 CPS,1
PREBICTAL 100MG C/30 CAPS,1
PREBICTAL 150MG C/28 CAPS,1
PREBICTAL 150MG C/30 CAPS,1
PREBICTAL 50MG C/ 28 CAPS,1
PREBICTAL 50MG C/30 CAPS,1
PREBICTAL 75MG 14CPS,1
PREBICTAL 75MG C/ 28 CPS,1
PREBICTAL 75MG C/30 CAPS,1
PRECOL GOTAS 30ML,1
PRED MILD COL 10ML,1
PREDCORT 20MG C/20 COMP,1
PREDNISOLONA 20MG 10CPR GERMED,1
PREDNISOLONA 20MG C/10 COMP EUR-GENERICO,1
PREDNISOLONA 20MG C/10 LEGRAND,1
PREDNISOLONA 20MG CX 10 COMP BIOS,1
PREDNISOLONA 3MG 120ML BIOSINTETICA,1
PREDNISOLONA 3MG 60ML BIOSINTETICA,1
PREDNISOLONA 3MG 60ML PRATI,1
PREDNISOLONA 3MG ML X 60ML+ SER DOS UNIÃO QUIMICA,1
PREDNISOLONA 3MG ML X120ML+ SER DOS,1
PREDNISOLONA 40MG 10CPR ALTHAIA,1
PREDNISOLONA 40MG 7 COMPRIMIDOS (ATG),1
PREDNISOLONA 40MG C/7 COMP EUR-GENERICO,1
PREDNISOLONA 5MG C/ 20 COMP EUR-GENERICO,1
PREDNISOLONA SOL OR 3MG/ML FR 60ML CIMED,1
PREDNISONA 20MG 10CPR G.NOVA QUIMICA,1
PREDNISONA 20MG 10CPR GERMED,1
PREDNISONA 20MG 20 CPR,1
PREDNISONA 20MG COM X 10 GEN UNIÃO QUIMICA,1
PREDNISONA 5MG 20CPR GERMED,1
PREDNISONA 5MG C/20 COMPRIMIDO,1
PREDSIGMA 20MG 10CPR (PREDNISOLONA),1
PREDSIGMA 3MG/ML SOL 60ML,1
PREDSIM 10MG C/ 10CPR,1
PREDSIM 11MG GTS 20ML,1
PREDSIM 20MG 10CPR,1
PREDSIM 3MG 100ML,1
PREDSIM 3MG 60ML,1
PREDSIM 40MG C 10 COMP,1
PREDSIM 40MG C/10COMP REV,1
PREDSIM 40MG C/7 COMPR,1
PREDSIM 5MG 20CPR,1
PREGABALINA (C1) 150MG 30 CAPSULAS TEUTO,1
PREGABALINA 150 MG C/ 30 CAPS GEN MEDLEY,1
PREGABALINA 150 MG C/ 30 CPR GEN MERCK,1
PREGABALINA 150MG 28CAPS RANBAXY,1
PREGABALINA 150MG 30CP,1
PREGABALINA 150MG C/30 CPS GEN TEUTO DESMARCADOS,1
PREGABALINA 50MG C/30 CAP MEDLEY,1
PREGABALINA 75 MG C/ 30 CPS GEN EMS,1
PREGABALINA 75 MG C/ 30 CPS GEN TEUTO,1
PREGABALINA 75MG 28CAPS RANBAXY,1
PREGABALINA 75MG 30 CAPS GEN MEDLEY,1
PREGABALINA 75MG 30 CAPS GERMED,1
PREGNOLAN 1 AMP 1ML,1
PREGO 17X21 KG - SEM CABECA,1
PRELONE 3MG 120ML,1
PRELONE 3MG 60ML,1
PRELONE 40MG C/7 CP REV,1
PRELONE GTS 20ML,1
PRELONE SOL GTS C/20ML,1
PREMIUM CAPHAIR 500MG 60 CAPS,1
PREMIUM NATUS VIRON 500MG 60CAPS,1
PREMIUM OSTHEN MDK 2 650MG 60 CAPS RENOFORCE,1
PREMIUM OSTHENCAL MDK2 650 MG 60 CAPS,1
PREMIUM RENOBELLE AGE 500MG 60 CAPS PREMIUN,1
PREMIUM RENOBELLE LIPO 500MG 60 CAPS PREMIUN,1
PREND DE CHUP URSINHO AZUL BUBA,1
PREND DE CHUP URSINHO ROSA BUBA,1
PRENDEDOR DE CHUPETA CLIP BOYS 3113 MAM,1
PRENDEDOR DE CHUPETA CLIP GIRLS 3114 MAM,1
PRENDEDOR DE CHUPETA CLIP IT BOYS 3131 MAM,1
PRENDEDOR DE CHUPETA CLIP IT GIRLS 3132 MAM,1
PRENDEDOR DE CHUPETA CORRENTE ESTILOSO WIL BB,1
PRENDEDOR DE CHUPETA SPECIAL AZ LOLLY,1
PRENDEDOR DE CHUPETA SPECIAL RS LOLLY,1
PRENDEDOR P CABELO TAM G MK1292,1
PRENDEDOR P CABELO TAM G MK1308,1
PRENDEDOR P CABELO TAM G MK1315,1
PRENDEDOR P CABELO TAM G MK1322,1
PRENDEDOR P CABELO TAM M MK1391,1
PRENDEDOR P CABELO TAM M MK1407,1
PRENDEDOR P CABELO TAM P MK1339,1
PRENDEDOR P CABELO TAM P MK1346,1
PRENDEDOR P CABELO TAM P MK1353,1
PRENDEDOR P CABELO TAM P MK1360,1
PRENDEDOR P CABELO TAM P MK1377,1
PRENDEDOR P CABELO TAM P MK1384,1
PRENDEDOR P/ CABELO TAM MINI MK6972,1
PRENDEDOR P/ CABELO TAM P 2 UN,1
PRENDEDOR P/ CABELO TAM P 4 UN,1
PRENI 11MG/ML SOL 20ML GOTAS,1
PRENI 20 MG C 10 COMP,1
PRENI 3MG ML SOL ORAL 120ML+SER,1
PRENI 3MG ML SOL ORAL 60ML+SER,1
PRENI 40 MG C/7 COMP-SIMILAR,1
PRENI 5 MG C/20 COMP,1
PRES BLOWTEX ACTION MAX 6UND,1
PRES BLOWTEX LUBRIFICADO LEVE 9 PAGUE 6,1
PRES BLOWTEX MIX SABORES C/12UNDS,1
PRES BLOWTEX SABORES 6UND,1
PRES BLOWTEX SABORES LEVE9 PAGUE 6,1
PRES BLOWTEX SKYN EX GRANDE 3U,1
PRES BLOWTEX TWIST 6UND,1
PRES PRUDENCE EXTRA GRANDE 3UN,1
PRES RILEX LUBRIFICADO LEVE 8 PAGUE 6,1
PRES RILEX MIX DE FRUTAS C/6UND,1
PRES RILEX SABORES LEVE 8 PAGUE 6,1
PRES SKYN PG 6 LV 8 P BLOWTEX .,1
PRESER BLOWTEX RETART PRAZ PROL LUB C3,1
PRESER. PRUDENCE LUBRI SABOR MORANGAO XXG 12X3U,1
PRESERV BLOWTEX MORANG CHOCO C 3,1
PRESERV BLOWTEX ORGAZ MAX C/ 3,1
PRESERV BLOWTEX PERFORME EX GDE LUB C3,1
PRESERV BLOWTEX ZERO C 3,1
PRESERV JONTEX LUBRIFICADO L8P7,1
PRESERV JONTEX PELEC/PELE 12UN,1
PRESERV JONTEX SENSITIVE L8P7,1
PRESERV OLLA BOLSO LUB LV8 PG6,1
PRESERV OLLA LUB MORANGO C/3-DEMAIS PROD,1
PRESERV OLLA PRES PLAY C 6 UNI,1
PRESERV PRUDENCE LUBRI. LEVE 8 E PAGUE 6,1
PRESERV PRUDENCE LUBRIFICADO MIX TROPICAL L8P6 PRO 1X8U,1
PRESERV PRUDENCE LUBRIFICADO SENSITIVE RETAR 6UN,1
PRESERV PRUDENCE SABORES MORANGO 12UN,1
PRESERV. JONTEX LUBRIFICADO XL SENSITIVE 1X6UN,1
PRESERV.PRUDENCE MELANCIA 12X3,1
PRESERVA. PRUDENCE LUBRIFICADO FIRE 1X3UN,1
PRESERVATI PRUDENCE ULTRA SENSIVEL 3UN,1
PRESERVATIVO BLOWTEX LUBRIFICA MORANGO COM CHOCOLATE 1X3U,1
PRESERVATIVO BLOWTEX LUBRIFICADO 1X3UN,1
PRESERVATIVO BLOWTEX LUBRIFICADO ACTION,1
PRESERVATIVO BLOWTEX LUBRIFICADO EXTRA GRANDE 1X3UN,1
PRESERVATIVO BLOWTEX LUBRIFICADO L9P6 PROM 1X09UN,1
PRESERVATIVO BLOWTEX LUBRIFICADO MORANGO,1
PRESERVATIVO BLOWTEX LUBRIFICADO ORGAZMAX+ 1X3UN,1
PRESERVATIVO BLOWTEX LUBRIFICADO RETARDANTE L9P6 PROM 1X9UN,1
PRESERVATIVO BLOWTEX LUBRIFICADO SKYN GRANDE 1X3UN,1
PRESERVATIVO BLOWTEX LUBRIFICADO ZERO 1X3UN,1
PRESERVATIVO JONTEX LUBRIFICADO 12X3UN,1
PRESERVATIVO JONTEX LUBRIFICADO 1X1UN,1
PRESERVATIVO JONTEX LUBRIFICADO TEXTURIZADO SENSATION 1X3UN,1
PRESERVATIVO JONTEX MORANGO 1X3UN,1
PRESERVATIVO OLLA PRAZER DA PELE 2UN 1X2UN,1
PRESERVATIVO OLLA PRAZER DA PELE 4UN 1X4UN,1
PRESERVATIVO OLLA SENSITIVE 12X3UN,1
PRESERVATIVO PRUDENCE LUBRIFIC EXT GD ULT SENSIVEL 1X6UN,1
PRESERVATIVO PRUDENCE LUBRIFIC SUPER SENSITIVE L8P6 1X8UN,1
PRESERVATIVO PRUDENCE LUBRIFICADO ANATOMICO CABECAO 12X3UN,1
PRESERVATIVO PRUDENCE LUBRIFICADO MIX SABORES L8P6 PROM 6X8U,1
PRESERVATIVO PRUDENCE LUBRIFICADO RETARDANTE L8P6 PROM 6X8UN,1
PRESERVATIVO PRUDENCE LUBRIFICADO SABORES CHICLETE 12X3UN,1
PRESERVATIVO PRUDENCE LUBRIFICADO SABORES MORANGO 1X6UN,1
PRESERVATIVO PRUDENCE LUBRIFICADO SUPER SENSITV INTENSE 6X1U,1
PRESERVATIVO PRUDENCE LUBRIFICADO TUTTI FRUTTI 6X6UN,1
PRESERVATIVO PRUDENCE ULTRA RESISTENTE 1X1UN,1
PRESERVIT C/60 CAPS GEL,1
PRESILHA P/ CABELO MK7108,1
PRESILHA P/ CABELO MK7115,1
PRESS PLUS 25/10MG 30CPR(PBM),1
PRESS PLUS 5/10MG 30CPS(PBM),1
PRESS PLUS 5/10MG 60CPR(PBM),1
PRESS PLUS 5/20MG 30CPR(PBM),1
PRESS PLUS 5/20MG 60CPR(PBM),1
PRESSALIV COL 5ML,1
PRESSAT 5MG 60CPR,1
PRESSAT 5MG CX 90 COMP,1
PREST 500 MG C/ 30CAPS,1
PRESTIGIO CHOCOLATE 33G,1
PRETEN C 30 SACHES,1
PREVENT C 1G 10CPR EFERV (VITAMINA C),1
PREVIANE 21CPR,1
PREVIANE 63CPR EMBALAGEM ECONOMICA,1
PRIDE CREATINA 100 PURE POTE 300G,1
PRIMER FACIAL FEELS MOOD HB-350,1
PRIMER FACIAL STUDIO PERFECT HB-8086,1
PRIMER HIDRATANTE SKIN PREP,1
PRIMER SMOOTH BLUR GLASS,1
PRIMID 100MG C/ 100 CPR,1
PRIMID 250MG C/20CPR,1
PRIMOGYNA 1MG 84CPR SN,1
PRIMOGYNA 2MG 28CPR,1
PRIMOLUTNOR 10MG 30CPR,1
PRIMORIS C 45 CAPS,1
PRIMOSISTON ORAL C/30 COMP(NOVO),1
PRINCIPIA SERUM SC-01 CAPILAR 1X50ML,1
PRISTIQ 100MG C/28 COMP,1
PRISTIQ 50MG C/28 CPR,1
PRO BETA ALANINA 100 PURE 150G,1
PRO BLOCSKIN FPS40 ACNE FACIAL 8OG,1
PRO BLOCSKIN FPS40 FACIAL TONALIZANTE CLARO 6OG,1
PRO BLOCSKIN FPS40 FACIAL TONALIZANTE MEDIO 6OG,1
PRO BLOCSKIN FPS40 MEN FACIAL 8OG,1
PRO BLOCSKIN FPS40 PELE OLEOSA FACIAL 8OG,1
PRO CARBUP BLACK CARAMELO SALG C10X30G,1
PRO MEGA MALTO DEXTRIN LIMAO 1KG,1
PROBENTOL BABY 100G,1
PROBENTOL LABIAL 10G,1
PROBENTOL LABIAL FPS 30 X 10G,1
PROBIATOP C 30 COMP,1
PROBID C/15 CAPS,1
PROBID C/30 CAPS-DEMAIS PROD,1
PROBID C/5 CAPS,1
PROCIMAX 20MG C/ 28CPR,1
PROCIMAX 40MG C/ 28 CPR,1
PROCORALAN 5MG 56CPR (DESC PBM FUNCIONAL - SOU MAIS VIDA),1
PROCTAN 5+20+20+100MG POM 25G C/LUVAS SN,1
PROCTAN HEMORROIDAS 25GR,1
PROCTFIS H POM BG X 20G + 1 APLICADOR,1
PROCTFIS H POM BG X 20G + 10 APLICADORES,1
PROCTGLOBO POM 20G APL,1
PROCTOX 20G 1 APLIC (HIDROCOR+LIDOC+BIS),1
PROCTOX H 30G 10 APLIC (POLICRES+CINCHOC,1
PROCTYL POM 30G,1
PROFERGAN 25MG 20CPR,1
PROFERGAN CREME 30GR,1
PROFLAM 100MG 12CPR,1
PROFLOX 500MG C/ 14CPR,1
PROFLOX 500MG C/10CPR,1
PROGRESS 600G C/30 SACHE-DEMAIS PROD,1
PROHN 15 CAPS A ACHE .,1
PROHN 30 CAPS A ACHE .,1
PROIDRAT 12SACH SN,1
PROLIVE C/30CPS,1
PROLIVE GG 5CPS,1
PROLOPA 10025MG 30CPR DISPERSIVEIS,1
PROLOPA 20050MG 30CPR,1
PROLOPA BD 125MG CPR 1X30-REFERENCIA,1
PROLOPA DR 150MG(50+50MG)30COMP,1
PROLOPA HBS 100+25MG C/30 CAPS,1
PROMENSIL C 30 COMP,1
PROMESTRIENO 10MG/ CR 30G EUR,1
PROMETAZINA 20 COMP,1
PROMETAZINA 25MG 20 CPS PRATI,1
PROMIM CR 30 G 20 APLIC DESC,1
PROMOPACK HASKELL MANDIOCA 300ML,1
PROMOPACK HASKELL MANDIOCA 500ML,1
PROMOPACK HASKELL MANDIOCA 500ML+ESM,1
PROMOPACK HASKELL MURUMURU 300ML + ESMAL,1
PROMOPACK HASKELL MURUMURU 500ML,1
PROMOPACK HASKELL MURUMURU 500ML + ESMA,1
PROMOPACK HIDRA CAVA FORTE SH500+CO300ML,1
PROPAFENONA 300MG 30/CPR EUROFARMA,1
PROPAFENONA 300MG C/30 CPR ALTHAIA,1
PROPAFENONA 300MG C/60 CPR ALTHAIA,1
PROPAFENONA CLD 300MG 60 CPS / GEN CLORIDRATO DE PROPAFENONA,1
PROPILRACIL 100MG 30CPR,1
PROPOLIFE 10 COMPRIMIDOS EFERVESCENTE,1
PROPOLIFE 10 COMPRIMIDOS EFERVESCENTES,1
PROPOLIS EXT. KIDS FR.VERMELHAS 30ML,1
PROPOLIS EXT. VERMELHA 20ML APIS FLORA,1
PROPOLOTUS EXTRATO 30ML - APIS FLORA,1
PROPOMAX DIA (EXT.PROP.E ZINCO) 140ML,1
PROPOMAX KIDS SPRAY LARANJA 30ML,1
PROPOMAX KIDS SPRAY MENTA 30ML,1
PROPOMAX KIDS SPRAY TUTTI-FRUTTI 30ML,1
PROPOMAX KIDS SPRAY UVA 30ML,1
PROPOMAX NOITE (EXT.PROP.B6.B12) 140ML,1
PROPOMAX SEM ALCOOL 30ML,1
PROPOMEL BOTICA 30G,1
PROPRANOLOL 10MG 30CPR MEDLEY,1
PROPRANOLOL 40MG 30CPR UNIAO QUIMICA,1
PROPRANOLOL 40MG COMP C/30 GEN,1
PROPRANOLOL SIGMA 10MG 30CPR L08,1
PROS 2MG C/ 30 COMP,1
PROS HP 2MG + 5MG 30CPR,1
PROS HP 2MG+ 5MG C/60 CAPS-SIMILAR,1
PROSOY 30MG C/6 COMP REV,1
PROSSO CPR C/30,1
PROSSO D+ C/30 COMP REV-OUTROS,1
PROSSO D+ KM 1000UI C 30 CPR,1
PROSSO D+ KM 2000UI C/30 CPR,1
PROSSO KM C 30 TABLETES MAST,1
PROT CHUPETA CEFISA 815 UN-0001-UN,1
PROT DE MAMILOS SILICONE 1X1 .,1
PROT FAC SUNLESS STICK C/ BASE CLARO 12G,1
PROT FAC SUNLESS STICK C/ BASE MEDIO 12G,1
PROT FAC SUNLESS STICK C/ BASE TRANS 12G,1
PROT LAB CARMED ACAI 10G,1
PROT LAB CARMED BRIGADEIRO 10G,1
PROT LABIAL ULTRA HIALURO 52 G,1
PROT SOLAR 30 200ML+PROT FPS30 FACIAL 50ML,1
PROT SOLAR 60 200ML+PROT FPS60 FACIAL 50ML,1
PROT SOLAR ANASOL FPS50 LOCAO 200 G,1
PROT SOLAR FPS 30 1/3 UVA 120ML SUNDAY,1
PROT SOLAR FPS 60 1/3 UVA 120ML SUNDAY,1
PROT SOLAR FPS 60 UVA 200ML SUNDAY,1
PROT SOLAR GOLD 60 REPELENTE 125ML,1
PROT SOLAR GOLD FPS 30 1/3 UVA FACIAL TONALIZANTE 50 ML,1
PROT SOLAR GOLD FPS 30 1/3 UVA REPELENTE 125 ML,1
PROT. FACIL MASC. FPS30 ANASOL,1
PROT.ANASOL FPS75 CORPORAL 200G+FPS75 FACIAL 60G,1
PROT.SOLAR FPS30 KIDS MINIONS 120ML,1
PROT.SOLAR FPS60 FACIAL ANT.OX RENNOVA,1
PROT.SOLAR FPS60 FACIAL TONAL. RENNOVA,1
PROT.SOLAR FPS99 FACIAL 50ML,1
PROT.SOLAR GOLD FPS 60 FACIAL 50ML,1
PROT.SOLAR GOLD FPS60 FACIAL TONAL. 50ML,1
PROTECT WELLMUNE 20 CAPS A BIOLAB GEN .,1
PROTEFIGAN 100MG C/30 CPR,1
PROTEFIGAN 200MG C/20 CPR,1
PROTEIN CRUSH 100% PURA VARIOS SABORES 900G EM PO,1
PROTEINA CAPILAR BENDITO LOIRO 150 ML|,1
PROTENA C 60CAPS,1
PROTENA PLUS D C/30 CAPS,1
PROTENA PRO C/30 CAPS,1
PROTETOR DE CERDAS POWERCAP C/4,1
PROTETOR DE MAMILO CARTELA C/1,1
PROTETOR DIARIO ALWAYS SEM PERFUME PROM 1X80UN,1
PROTETOR DIARIO ALWAYS SEM PERFUME RESPIRAVEL L+P- PROM 1X80,1
PROTETOR DIARIO CLIN OFF CONTROL FRESH L15 P12 PROM 1X15UN,1
PROTETOR DIARIO INTIMUS 2X1 1X14UN,1
PROTETOR DIARIO INTIMUS ANTIBACTERI SUAVE SEM ABAS 1X40UN,1
PROTETOR DIARIO INTIMUS ANTIBACTERIANO NORMAL SEM ABAS 1X15U,1
PROTETOR DIARIO INTIMUS ANTIBACTERIANO REGULAR 1X80UN,1
PROTETOR DIARIO INTIMUS S/ABAS C/INDICADOR TROCA 1X15UN,1
PROTETOR DIARIO INTIMUS S/ABAS C/INDICADOR TROCA LV+PG- 1X40,1
PROTETOR DIARIO NATURALMENTE DAILY SEM PERFUME 1X48UN,1
PROTETOR DIARIO SYM SEM PERFUME L40P35 PROM 1X40UN,1
PROTETOR DIARIO SYM SUAVE COM PERFUME 1X40UN,1
PROTETOR FACIAL ANASOL FPS50 60G,1
PROTETOR FACIAL ANASOL FPS99 60G,1
PROTETOR FACIAL ANASOL TOK SECO FPS35,1
PROTETOR LAB NIVEA LIP CARE PROL AZUL 8G,1
PROTETOR LAB NIVEA MED REPAIR FPS 15,1
PROTETOR LABIAL EVELIZE SABOR CHICLETE 3G,1
PROTETOR LABIAL EVELIZE SABOR FRESH MINT 3G,1
PROTETOR LABIAL EVELIZE SABOR MORANGO 3G,1
PROTETOR MULT HIDRA CAVALO FORTE 150GR,1
PROTETOR NIVEA FPS 30 50 ML,1
PROTETOR OCULAR BEGE ADULTO C/12 UN,1
PROTETOR OFT PEQ C/20,1
PROTETOR SEIOS LIFE B ADESIVO DESCARTAVEL 1X10UN,1
PROTETOR SEIOS LIFE B ADESIVO SILICONE REUTILIZAVEL 1X2UN,1
PROTETOR SOLAR ABOVE AEROSOL FPS 50 1X150ML,1
PROTETOR SOLAR ANASOL FACIAL 60ML VISO,1
PROTETOR SOLAR ANASOL FPS30 LV350 PG280,1
PROTETOR SOLAR BEVEG FPS 50 1X120GR,1
PROTETOR SOLAR CENOURAEBRONZE AEROSOL FPS 30 1X200ML,1
PROTETOR SOLAR CENOURAEBRONZE FPS50 1X200ML,1
PROTETOR SOLAR CORPORAL FPS 60 FLUIDO TOQUE SECO ANTIOLEOSID,1
PROTETOR SOLAR FACIAL BEVEG FPS 50 1X60GR,1
PROTETOR SOLAR FACIAL ESSENTIAL FPS 50 BEYANG,1
PROTETOR SOLAR FACIAL FPS 30 BB CREAM ANASOL,1
PROTETOR SOLAR FPS 50 BANANA BOAT - 180ML,1
PROTETOR SOLAR FPS 50 BANANA BOAT - 60ML,1
PROTETOR SOLAR FPS 50 CREM BG 60G,1
PROTETOR SOLAR FPS 50 ULTRA FLUIDO TC ANTIO PRINCIPIA,1
PROTETOR SOLAR FPS 60 FLUIDO TOQUE SECO ANTIO PRINCIPIA,1
PROTETOR SOLAR GOLD 50 ML FPS30,1
PROTETOR SOLAR GOLD FPS30 125ML,1
PROTETOR SOLAR LOREAL UV DEFENDER ANTIOLEOSIDADE FPS 60 1X40,1
PROTETOR SOLAR LOREAL UV DEFENDER C/ COR CLARA FPS 60 1X40GR,1
PROTETOR SOLAR LOREAL UV DEFENDER C/ COR ESCURA FPS 60 1X40G,1
PROTETOR SOLAR LOREAL UV HIDRATAÇÃO REVITALIZANT FPS 60 1X40,1
PROTETOR SOLAR NIVEA P&H FPS 70 C/ 200ML,1
PROTETOR SOLAR NUTRYDERM FACIAL FPS30 1X60ML,1
PROTETOR SOLAR NUTRYDERM FACIAL FPS60 1X60ML,1
PROTETOR SOLAR RED APPLE BABY FPS 60 1X60GR,1
PROTETOR SOLAR RED APPLE FACIAL PARABEN FREE FPS 70 1X60GR,1
PROTETOR SOLAR RED APPLE FACIAL PELE MISTA FPS 30 1X60GR,1
PROTETOR SOLAR RICOSOL KIDS FPS 99 OIL FREE HIPOALERGÊNICO 100G,1
PROTETOR SOLAR SUN LESS BABY FPS 60 1X120ML,1
PROTETOR SOLAR SUN LESS FPS 30 1X120ML,1
PROTETOR SOLAR SUN LESS FPS 30 1X200ML,1
PROTETOR SOLAR SUN LESS FPS 40 1X120ML,1
PROTETOR SOLAR SUN LESS FPS 50 1X120ML,1
PROTETOR SOLAR SUN LESS FPS 50 1X200ML,1
PROTETOR SOLAR SUN LESS FPS 60 1X120ML,1
PROTETOR SOLAR SUN LESS KIDS FPS 60 1X120GR,1
PROTETOR SOLAR SUNLESS FPS 50 FACIAL 1X60GR,1
PROTETOR TERM FOREVER LISS UNICOR 150ML,1
PROTETOR TERMICO TRESEMME BLINDAGEM ANTIFRIZZ 1X110ML,1
PROTEX BABY BW LAVANDA REFIL 180,1
PROTEX HIDRA FACIAL ANT POL 50ML,1
PROTO WAFER CHOCOLATE BELGA 30G NUTRATA,1
PROTO WAFER HAVANNA DOCE DE LEITE 30G NUTRATA,1
PROTO WAFER MORANGO 30G NUTRATA,1
PROTOBAR AMENDO WHEY 70G NUTRATA,1
PROTOBAR AVELA WHEY 70G NUTRATA,1
PROTOBAR CHOCO WHEY 70G NUTRATA,1
PROTOVIT PLUS GTS 20ML,1
PROTSOLAR FPS 60 CREP 120ML SUNDAY,1
PROTSOLAR FPS30 CREP 120ML SUNDAY,1
PROVADOR LATIKA BB CREAM CLAREADOR FPS 44 BEGE CLARO,1
PROVADOR LATIKA BB CREAM CLAREADOR FPS 44 BEGE MEDIO N20,1
PROVADOR LATIKA POWDER REFIL FPS 27 BEGE CLARO,1
PROVADOR LATIKA POWDER REFIL FPS 27 BEGE MEDIO,1
PROVADOR LIP GLOSS LATIKA NO 12,1
PROVADOR LIP GLOSS LATIKA NO 15,1
PROVADOR LIP GLOSS LATIKA NO 25,1
PROVADOR LIP GLOSS LATIKA NO 48,1
PROVADOR LIP GLOSS LATIKA NO 52,1
PROVADOR LIP GLOSS LATIKA NO. 16 LATIKA FRASCO 4 ML,1
PROVADOR LIP GLOSS LATIKA NO. 41 LATIKA FRASCO 4 ML,1
PROVADOR LIP MATTE LATIKA NO 05,1
PROVADOR LIP MATTE LATIKA NO 20,1
PROVADOR LIP MATTE LATIKA NO 26,1
PROVADOR LIP MATTE LATIKA NO 32,1
PROVADOR LIP MATTE LATIKA NO 34,1
PROVADOR LIP MATTE LATIKA NO 35,1
PROVADOR LIP MATTE LATIKA NO. 40 LATIKA FRASCO 4 ML,1
PROVADOR LIP MATTE LATIKA NO. 42 LATIKA FRASCO 4 ML,1
PROVAGIN GEL 30G + 10 APL-DEMAIS PROD,1
PROVANCE C/10 COMP MORANGO,1
PROVANCE IMUNE GOTAS C/10ML,1
PROVANCE MINI CT 30 SACH,1
PROVANCE MINI CT 5 SACH,1
PROVICTA D 2.000UI C/60 CAPS,1
PROVICTA D 50.000UI C/04 CAPS,1
PROVICTA D 7.000UI C/30CAPS GEL,1
PROVIRON 25MG C/20 COMP,1
PROZAC 20MG C/30 CPS,1
PRYSMA 2MG C/ 20 CPR,1
PRYSMA 3MG C/20 CPR,1
PRÓPOLIS QUALYMEL 60 CÁPSULAS,1
PSYLLIUM EM PO - 220GR. UNILIFE,1
PSYLLIUMAX 60 CPS UNILIFE,1
PURAN T4 150MCG 30CPS,1
PURAN T4 200MCG 30CPR,1
PURAN T4 25MCG 30CPR,1
PURAN T4 50MCG CPR 30,1
PURAN T4 75MCG CPR 30,1
PURAN T4 88MCG 30CPR,1
PURAVIT A/D/E GOTAS-DEMAIS PROD,1
PURAVIT ADZ 10ML,1
PURAVIT IMUNE 75ML,1
PURAVIT IMUNE C/60 CAPS-DEMAIS PROD,1
PURAVIT MULTI SOL ORAL 120ML,1
PURIANCE CONTROL 300ML PROFUSE-DEMAIS PROD,1
PURIANCE SAB BARRA 80G-PROFUSE,1
PURIANCE SAB LIQ 140ML PROFUSE-DEMAIS PROD,1
PURIF.AG.ESMAL.ACQUA7 PTO 220V,1
PYLORIPAC C/ 14 BLISTER,1
PYLORIPAC C/ 7 BLISTERS,1
PYLORIPAC IBP C/ 28CPS,1
PYLORIPAC RETRAT 10 BLISTEES,1
PYLORITRAT IBP C/ 28 CPS TEUTO,1
PYRIDIUM 100MG 25CPR,1
PYRIDIUM 200MG 18DRG,1
PYVERM 100MG 6CPR,1
PYVERM 10MG-ML SUSP 40ML,1
PYVERM 10MG/ML X 40ML SUS,1
Parfum Carolina Herrera 212 Vip Rose 80ml,1
Perfume 212 Vip Men Eau de Toilette Masculino 100Ml,1
Perfume Brand Collection Nº012 25ml,1
Perfume Carolina Herrera 212 Sexy Men Masculino 100ML,1
Perfume Carolina Herrera 212 Vip Men Black Masculino 100ML,1
Perfume Dior Jadore Eau De Parfum - 100ml fem.,1
Perfume Dream Brand Collection Billions 100ML - Masculino,1
Perfume Fantasy Britney Spears Feminino - 100ml,1
Perfume Fem. Carolina Herrera 212 For Her Eau de Parfum 80ml,1
Perfume Importado Brand Collection Fantasy N132 25ml,1
Perfume Paco Rabanne Invictus Masculino Eau de Toilette 100m,1
Perfume-Mascu -Caroli Herrera-212-Heroes-Eau-de-Toilett 90ml,1
Pioglitazona 15Mg 15Comp,1
Prot Solar Isdin Fusion Water s/ cor FPS 60 60ml,1
Protetor 2 em 1 oaz,1
Q10 COENZIMA 50MG 60CPS MAXINUTRI,1
QLAIRA 28CPR,1
QTERN 5/10MG 30 CP R,1
QUADRIDERM CREME 20G,1
QUADRIDERM POMADA 20G,1
QUADRO DISTR 8D/6N EMB SEM BARRAMENTO KRONA,1
QUEIMADOL POMADA 30G/BELLAPHYTUS,1
QUEIMALIVE POM 30GR,1
QUELATUS 60CPR NF,1
QUELATUS BARI C 30 COMP,1
QUELATUS BARI C/60 COMP,1
QUELATUS C/30 COMP-DEMAIS PROD,1
QUELATUS GEST C/60 CAPS-DEMAIS PROD,1
QUELATUS MIND 60CAPS,1
QUELATUS MIND 60CPR,1
QUELATUS MULHER C/ 30 CAPS-DEMAIS PROD,1
QUELATUS SENIOR C/30 COMP-DEMAIS PROD,1
QUELATUS SENIOR C/60 COMP,1
QUENZOR 100MG 30CAPS,1
QUENZOR 25MG 30CAPS,1
QUENZOR 50MG C/30 CAPS,1
QUEPSIA LP 200MG C 30 COMP,1
QUEPSIA LP 300 MG C/ 30 CPR,1
QUEPSIA LP 50MG C/30 CPR,1
QUERATINA CONCENTRADA 100ML (BIO EXTRATUS),1
QUERATINA NOVEX CREME RECARGA 1X80GR,1
QUERATINA SALON LINE SOS CACHOS RECARGA 1X80GR,1
QUEROPAX 25MG C/ 30 CPR,1
QUET 100MG C/ 30 CPR,1
QUET 25MG C/30 CPR,1
QUET XR 200MG C/30 COMP,1
QUET XR 300 MG C/30 CPR,1
QUET XR 50MG C/ 30 CPR,1
QUETIAPINA 100MG C/ 30 CPR GEN GERMED DESMARCADOS,1
QUETIAPINA 25 MG C/ 30 CPR GEN GERMED DESMARCADOS,1
QUETIAPINA 25MG C/ 30 CPR GEN NOVA QUIMICA DESMARCADOS,1
QUETIAPINA HEMIFUMARATO 25MG 30 CP,1
QUETIPIN 100MG C/ 30 CPS,1
QUETIPIN 200MG C/30 CPS,1
QUETIPIN 25 MG C/30 CPS,1
QUETIPIN LP 50MG C/30 CPR,1
QUETROS 100MG C/ 30 CPR,1
QUETROS 100MG C/60 COMPRIMIDOS,1
QUETROS 200 MG 30 COMPRIMIDOS,1
QUETROS 25MG 60CP,1
QUETROS 25MG C/ 30 CPR,1
QUIETUDE,1
QUINOFLOX 500MG C/ 14 CPR,1
QUINOFLOX 500MG C/ 28 CPR,1
R2M TOALHA UMED BEBE LIMP C40 20X12CM,1
RAGIONE 18MG C 30CP REV,1
RAHIME 8MG C/30 COMPR REV,1
RAMIPRIL 5MG C/30 MEDLEY,1
RAMIPRIL 5MG C/60 MEDLEY,1
RAPUNZEL MASCARA LOLA 450G,1
RAPUNZEL MILK SPRAY 250ML,1
RAPUNZEL SHAMPOO REJUVENESCEDOR,1
RAPUNZEL TONICO DO CRESCIMENTO 250ML,1
RASK ALICATE PROF CORTE DE UNHAS,1
RASK BLOCO POLIDOR QUADRADO 6126 UN-0001-UN,1
RASK BUCHA SINTETICA FLOR,1
RASK BUCHA VEGETAL PORTA SABONETE 5005 UN-0001-UN,1
RASK CILIOS POSTICOS 3D A 6230 UN-0001-UN,1
RASK CILIOS POSTICOS 3D B 6231 UN-0001-UN,1
RASK CILIOS POSTICOS 3D C 6232 UN-0001-UN,1
RASK COLA P UNHA POSTICA 10G 2821 UN-0001-UN,1
RASK ESCOVA DESEMBARACADORA C CABO 3295 UN-0001-UN,1
RASK ESCOVA DESEMBARACANTE CURVA 3297 UN-0001-UN,1
RASK ESCOVA P CABELOS MELISSA 3285 UN-0001-UN,1
RASK ESCOVA P CABELOS RAQUEL 3284 UN-0001-UN,1
RASK ESCOVA POLVO 1x1,1
RASK ESPONJA P BANHO ADULTO 5071 UN-0001-UN,1
RASK KIT BABY ESCOVA E PENTE AZUL,1
RASK KIT BABY ESCOVA E PENTE ROSA,1
RASK LIXA CABO DE MADEIRA CARICIA 1001S UN-0001-UN,1
RASK LIXA CONFORT CABO MADEIRA EVA 1021S UN-0001-UN,1
RASK LIXA DE BIG 3D,1
RASK LIXA MASTER 1010S UN-0001-UN,1
RASK LIXA MISTA COM PEDRA POMES 1007 UN-0001-UN,1
RASK LIXA PROF AMARELA 1x1,1
RASK LIXA UNHAS GEL ACRILICO,1
RASK PALITO MADEIRA PONTA DUPLA C50 4050 UN-0001-UN,1
RASK PENTE CARBONO CABO METAL 6019 UN-0001-UN,1
RASK PENTE GARFO 3215 UN-0001-UN,1
RASK PENTE PLASTICO GENOVA 3205S UN-0001-UN,1
RASK PINCEL TINTURA CERDA CHANFRADO 3412 UN-0001-UN,1
RASK SABONETEIRA C ENCAIXE PERFEITO 5205 UN-0001-UN,1
RASK TESOURA 6405 UN-0001-UN,1
RASK TOUCA CETIM ANTI FRIZZ PINK 5022 UN-0001-UN,1
RASK TOUCA CETIM ANTI FRIZZ ROXO 5024 UN-0001-UN,1
RAVUMA 100MG 30CPR,1
RAZAPINA 30MG C/ 28 CPR,1
RAZAPINA 45 MG C/ 28 CPR,1
RAZAPINA ODT 15MG C/ 28 CPR,1
RAZAPINA ODT 30MG C/ 28 CPR,1
RAZAPINA ODT 45MG C/ 28 CPR,1
REAOX ULTRA C/30 CAPS MOLES-DEMAIS PROD,1
REBOLO COPO CONICO ROSCA M14 - CORTAG - G-120,1
REBOLO DIAMANTADO TURBO D 115 X M 14 MTX,1
RECARGA QUERATINA SALON LINE MEU LISO RESTAURACAO 1X80GR,1
RECONTER 10MG C/30CPR,1
RECONTER 10MG C/60 CPR,1
RECONTER 15MG 60CP,1
RECONTER 15MG C/ 30 CPR,1
RECONTER 20MG 30ML C1 NOVO-SIMILAR,1
RECONTER 20MG C/ 60 CPR,1
RECONTER 20MG C/30CPR,1
RECONTER ODT 10MG C 30 CP ORODISPERSIVEIS,1
RECONTER ODT 15MG 30CP,1
RECONTER ODT 20MG C/30 ORODISPERSIVEIS,1
RED BULL BR LATA 250ML SIX PACK NPAL .,1
REDERMIC HYALU C OLHOS 15ML,1
REDERMIC R OLHOS CR 15ML,1
REDOXON GTS 20ML,1
REDOXON LARANJA 10CP LEVE4PAGUE3,1
REDOXON TRIPLA ACAO,1
REDOXON TRIPLA ACAO C/10 CP EFERVECENTE,1
REDOXON TRIPLA ACAO C/30 COMP-DEMAIS PROD,1
REDUBIO QUITOSANA 500MG C/60,1
REDUBIO SHAKE 210G PO SAC SBR CHOC,1
REDUBIO SHAKE 210G PO SAC SBR MOR,1
REDUCAO 75MMX50MM,1
REDUCAO EXCENTRICA 150X100MM PLASTUBOS,1
REFIL 100% WHEY 900G - COOKIES,1
REFIL COND HASKELL CAVALO FORTE 250 ML,1
REFIL COND HASKELL MANDIOCA 250 ML,1
REFIL ESCOVA DENTAL ORAL B ELETRICA SENSITIVE CLEAN 2X1,1
REFIL MASC HASKELL CAVALO FORTE 250 ML,1
REFIL MASC HASKELL MANDIOCA 250 ML,1
REFIL MASC PROM HASKELL CAV FORTE 250 ML,1
REFIL MASC PROM HASKELL MURUMURUM 200ML,1
REFIL MASC VEND PROD INFUSAO OLEOS 200GR,1
REFIL SABONETE LIQ CALENDULA 250ML,1
REFIL SHAMP HASKELL MANDIOCA 250 ML,1
REFORGAN 250MG C/30 COMP-OUTROS,1
REFORGAN 500MG C 30 COMP REV,1
REFORM DUO C/30 SACHES,1
REFORM MAX C/30 SACHES-DEMAIS PROD,1
REFRI COCA COLA,1
REFRI COCA COLA 2L,1
REFRI FANTA LARANJA 2L,1
REFRI MINEIRO GUARANA 250ML,1
REFRI MINEIRO GUARANA 2L,1
REFRIGERANTE PAPSI BLACK SEM AÇUCARES,1
REGATA INTEGRALMEDICA 2022,1
REGEDERME G3 200G PROFISSIONAL,1
REGENCEL POM OF 35GR,1
REGENESIS C/60 COMPRIMIDOS,1
REGENESIS C/90 CAPS MOLES,1
REGENESIS CPS 1X30-DEMAIS PROD,1
REGENESIS PRE C/30 CAPS MOLES-OUTROS,1
REGENESIS PREM LIPINOVA C/120CP,1
REGENESIS PREMIUM C/120 CAPS,1
REGENESIS PREMIUM C/60 CAPS,1
REGENESIS PREMIUM LIPINOVA 60 CAPS.,1
REGRESSA 8MG 30CPS,1
REHIDRALIN 4 ENVELOPES AGUA DE COCO,1
REHIDRALIN 4 ENVELOPES X 28G - LARANJA,1
REHIDRALIN 4 ENVELOPES X 28G - NATURAL,1
REHIDRALIN 4 ENVELOPES X 28G - UVA,1
REHYDRON PO 26G 4ENV FRAMBOESA (CLOR SOD,1
REHYDRON PO 26G 4ENV GUARANA (CLOR SOD+A,1
REHYDRON PO 4 ENV SB COCO SORO,1
REHYDRON PO 4 ENV SB NATURAL SORO,1
REHYDRON PO 4 ENV SB UVA SORO,1
REHYDRON PO 4ENV 26GR NATURAL,1
REHYDRON PO 4ENV 26GR UVA,1
REHYDRON SABOR FRAMBOESA 4X29GR REHIDRATANTE/SUPLANUTRI,1
REHYDRON SABOR LARANJA 4X29GR REHIDRATANTE/SUPLANUTRI,1
REHYDRON SAIS LARANJA PO SOL 4 SACHES,1
REJ PORCEL CORDA 1KG QUARTZOLIT,1
REJET SOLUCAO SPRAY 100 ML,1
REJUNTE QUART.05KG CINZA PLATINA,1
REJUVIT HOMEM CABELO E BARBA 60 CÁPSULAS,1
REJUVIT MULHER FEMME CONTROL 60 CÁPSULAS,1
RELACTAGEL 35G + 7 APL-DEMAIS PROD,1
RELAFLEX SPORT AEROSOL,1
RELAXSYM MELATON 0210MG 120CPR DI(MELAT,1
RELESTAT 005% COLIRIO 5ML,1
RELVAR 200/25 MCG 30 DOSES (PORTAL DROGARIA),1
RELVAR ELLIPTA 100/25MCG 30 DOSES-OUTROS,1
REMERON 30MG SOLTAB 30CPR,1
REMERON 45MG SOLTAB C/30CPR,1
REMERON SOL TAB 15MG C 30CP,1
REMERON SOL TAB 30MG C 30CP C1,1
REMERON SOL TAB 45MG C 30CP,1
REMERON SOLTAB 15 MG C/30CPR,1
REMILEV 250/60MG 20CPR,1
REMOVEDOR CERA DEPI ROLL OLEO POS DEPILACAO 1X145ML,1
REMOVEDOR CERA DEPILBELLA OLEO POS DEPILACAO ALG 1X140ML,1
REMOVEDOR DE ESMALTE FARMAX 12X100ML,1
REMOVEDOR DE ESMALTE ISACARE BASE ACETONA C/ HIDRAT.100ML,1
REMOVEDOR ESMALTE FARMAX 1X500ML,1
REMOVEDOR ESMALTE FARMAX UVA 1X100ML,1
REN COLAGENO PLUS LACGEST LARANJA 216G,1
REN COLAGENO VERISOL+HAPLEX+BIOTINA PINK LEMONADE,1
REN COLAGENOHIALUR SAB.CRANBERRY 216G,1
REN COLAGENOHIALUR SAB.LIMAO 216G,1
REN COLAGENOHIALUR SAB.TANGERINA 216G,1
REN COLAGENOHIALURVER FRUTTROPI,1
REN COLAGENOHIALURVERIS SAB.CHOCO.216G,1
REN WHEY PROT HIALURONICO BAUNILHA 600G,1
REN WHEY PROT HIALURONICO COOKIES 600G,1
RENALAPRIL 10MG 30CPR,1
RENITEC 5MG C 30 COMP,1
RENNOVA BEAUTE LIP PLUMPER 4ML,1
RENOBELLE AGE 500MG 60 CAPS,1
RENOBELLE CICLO MULHER 500MG,1
RENOBELLE LIPO 500MG 60 CAPS,1
RENOFORCE ACETILCISTEINA 40MG,1
RENOFORCE ACETILCISTEINA SACHE,1
RENOFORCE ACIDO HIALURONICO 500MG 30 CAPS,1
RENOFORCE ACIDO HIALURONICO COMPOSTO 500MG 30 CAPS,1
RENOFORCE ARGININA+VITAMINA C 60 CAPS,1
RENOFORCE BIOTINA 60 CAPS,1
RENOFORCE C + ARGININA 10 TABLETES EFERVESCENTES,1
RENOFORCE C + ZINCO 10 TABLETES EFERVESCENTES,1
RENOFORCE CABELO &AMP; BARBA 500MG 60 CAPS,1
RENOFORCE CALCIO MDK 60 CAPS,1
RENOFORCE CALCIO+VIT D 3-HOMEM 60 CAP,1
RENOFORCE CALCIO+VITD 3 60 CAP,1
RENOFORCE CALCIO+VITD 3-MULHER 60 CAP,1
RENOFORCE CASTANHA DA INDIA C/60,1
RENOFORCE CHA VERDE 500MG 60 CAPS,1
RENOFORCE CLORETO DE MAGNESIO PA 33 G,1
RENOFORCE COENZIMA Q10 500MG 60 CAPS,1
RENOFORCE COLAGENO 60 CAPS,1
RENOFORCE COLAGENO TIPO II + HA,1
RENOFORCE COLAGENO TIPO II 60 CAPS,1
RENOFORCE COLAGENO TIPO II ULTRA,1
RENOFORCE COMPLEXO B 120 CAPS,1
RENOFORCE CRANBERRY 60 CAPS,1
RENOFORCE CURCUMA LONGA C/60 CAPS,1
RENOFORCE D 30ML,1
RENOFORCE D KIDS 30 ML,1
RENOFORCE DESOLINA 600MG 60CAPS DIVERSOS,1
RENOFORCE DETOX 10 TABLETES EFERVESCENTES,1
RENOFORCE DETOX 60 CAPS SOFTGE - NUM. LOTE: 0000004753 - VAL,1
RENOFORCE ENXOFRE ORGANICO 500MG 60 CAPS,1
RENOFORCE EXTRATO DE PROPOLIS 30ML,1
RENOFORCE FENO GREGO 60 CAPS D - NUM. LOTE: 018362 - VAL,1
RENOFORCE GEL MASSAGEADOR EXTRA FORTE 200G,1
RENOFORCE GINKGO BILOBA 60CAPS,1
RENOFORCE GINSENG 60 CAPS - NUM. LOTE : 290320 - VALID,1
RENOFORCE GUMMY HAIR 30 GOMAS,1
RENOFORCE GUMMY KIDS 30 GOMAS,1
RENOFORCE HAIR CABELO E UNHA C/60,1
RENOFORCE HIPERICO 500MG 60CAPS,1
RENOFORCE IMMUNITY 60 CAPS,1
RENOFORCE IMUNE KIDS 30ML,1
RENOFORCE INHAME 250ML,1
RENOFORCE KIDS MORANGO 250 ML,1
RENOFORCE LIBID WOMEN 500MG 30 CAPS,1
RENOFORCE LINHACA DOURADA C/60,1
RENOFORCE LONG SENIOR 240ML-SABOR LARANJA,1
RENOFORCE MACA PERUANA 500MG 60 CAPS,1
RENOFORCE MAGNESIO DIMALATO 500MG 30 CAPS,1
RENOFORCE MAGNESIO PA 500 MG 60 CAPS,1
RENOFORCE MAGNESIO TREONATO 500MG 60 CAPS,1
RENOFORCE MELATONINA 150 CPR,1
RENOFORCE MELATONINA 90 CPR,1
RENOFORCE MELATONINA ULTRA 60,1
RENOFORCE MELATONINAS GOTAS 30ML,1
RENOFORCE MEMORY 500MG 60 CAPS,1
RENOFORCE MIX 60 CAPS,1
RENOFORCE MOROFORCE 60 CAPS,1
RENOFORCE MULT GESTANTE 60 CAP,1
RENOFORCE MULTIVITAMINICO -HOMEM 60 CAP,1
RENOFORCE MULTIVITAMINICO -MULHER 60 CAP,1
RENOFORCE MULTIVITAMINICO -SENIOR 60 CAP,1
RENOFORCE MULTIVITAMINICO AZ 60 CAP,1
RENOFORCE NATUS VIRON AZ 60CAPS,1
RENOFORCE NATUS VISION 60 CAPS,1
RENOFORCE OLEO DE ABOBORA 60,1
RENOFORCE OLEO DE ALHO 60 CAPS FORHELTH,1
RENOFORCE OLEO DE PRIMULA 60 CAPS,1
RENOFORCE OMEGA 3 C/120 UNIDADES FORHEALTH,1
RENOFORCE OMEGA 3 C/150 CAPS FORHEALTH,1
RENOFORCE OMEGA 3-6-9 60 CAPS,1
RENOFORCE OMEGA AZ 60 CAPS,1
RENOFORCE PROPOLIS 60CPS,1
RENOFORCE PROPOLIS+VITAMINA C+ZINCO 500MG 60 CAPS,1
RENOFORCE RESSAFIG 150 ML,1
RENOFORCE SENE 500MG 60CAPS,1
RENOFORCE SPRAY DE PROPOLIS COMPOSTO 30ML,1
RENOFORCE SPRAY DE PROPOLIS ROMA MENTA 30ML,1
RENOFORCE TESTO 30 CAPS,1
RENOFORCE THERMO 60 CAPS,1
RENOFORCE TRIBULUS TERRESTRIS 60CAPS,1
RENOFORCE TRIPTOFANO 500MG 60 CAPS,1
RENOFORCE VALERIANA C/60 CAPS,1
RENOFORCE VITAMINA C + E 30ML,1
RENOFORCE VITAMINA C D ZINCO 600MG 60 CAPS,1
RENOFORCE VITAMINA C EFERVESCENTE 10 TABLETES,1
RENOFORCE VITAMINA C+ZINCO 60CAPS,1
RENOFORCE VITAMINA C+ZINCO FR 10TABS EFERV,1
RENOFORCE VITAMINA D 1.000UI 60 CAP / NEU COLECALCIFEROL / (,1
RENOFORCE VITAMINA D 100 CAPSULAS GELATINOSAS,1
RENOFORCE VITAMINA D 2.000UI 60 CAP / NEU COLECALCIFEROL / (,1
RENOFORCE VITAMINA E 100 CAPS,1
RENOFORCE XAROPE EXPECTO 150ML (ADULTO OU INFANTIL),1
RENOFORCE XAROPE EXPECTO 150ML INFANTIL,1
RENOFORCE XAROPE EXPECTO ADULTO 150ML,1
RENOFORCE XAROPE EXPECTO INFANTIL 150ML,1
RENOFORCE ZINCO 500MG 60CAPS,1
RENOVI B 100+100MG+5000MCG 30CPR,1
RENOVI B PLUS 5000MCG SOL INJ 3AMPX1ML + 3AMP X2ML,1
RENU ADVANCED 355ML+120ML,1
RENU PLUS SFRICCAO 355ML+120ML,1
REP PONTAS DABELLE ABACATE 75ML,1
REP PONTAS NATUHAIR ALECRIM 30ML,1
REP PONTAS REVITALITY ARGAN 30ML,1
REP PONTAS REVITALITY QUERATINA 30 ML,1
REP PONTAS REVITALITY SEMI DE LINO 30 ML,1
REPARADOE DE PONTAS OLEO DE COCO 30ML,1
REPARADOR DE PONTAS CASULAO BICHO-SEDA CRISMOLEO SIL 1X30ml,1
REPARADOR DE PONTAS FIOTRAT 1X35ML,1
REPARADOR DE PONTAS FIOTRAT ARGAN 1X35ML,1
REPARADOR DE PONTAS FIOTRAT BICHO DA SEDA 1X30ML,1
REPARADOR DE PONTAS HASKELL ABACATE 40ML,1
REPARADOR DE PONTAS HASKELL MANDIOCA C/,1
REPARADOR DE PONTAS ITALLIAN HAIRTECH TRIVITT 30ML,1
REPARADOR DE PONTAS MAIS NUTRICAO 55ML,1
REPARADOR DE PONTAS MANDIOCA 35ML HASKELL,1
REPARADOR DE PONTAS NUTRYDRAT 1X35ML,1
REPARADOR DE PONTAS OLEO DE COCO ISACARE,1
REPARADOR DE PONTAS RED APPLE 1X30ML,1
REPARADOR DELETA DANOS 55ML (CHIKAS),1
REPARADOR PONTAS AMEND GOLD BLACK 30ML/AME,1
REPARADOR PONTAS HASKELL TUTANO 35ML,1
REPARIL GEL 100G,1
REPEL EXPOSIS ELETRIC APAR+REFIL,1
REPEL EXPOSIS ELETRICO REFIL LIQ C/1UNID,1
REPEL MURIEL REPYL KIDS SPR 100ML,1
REPEL MURIEL REPYL SPR 100ML,1
REPEL OFF AE 165ML,1
REPEL OFF FAMILY SPRAY 100ML,1
REPEL VINI LADY AERO REPELSET 200ML,1
REPELENTE ABOVE AEROSOL 1X150ML/120G,1
REPELENTE ACTION KIDS 105ML,1
REPELENTE BARUEL LOCAO KIDS 1X100ML,1
REPELENTE BARUEL SPRAY KIDS 1X100ML,1
REPELENTE BEBE LOVE SPRAY 100ML,1
REPELENTE BEY BEY INSETO 200ML,1
REPELENTE EXPERT 10HRS L200ML P100ML,1
REPELENTE EXPOSIS GEL 100ML,1
REPELENTE EXPOSIS GEL BEBE 1X117ML,1
REPELENTE INSETOS EXPERT TOTAL 10HRS 200ML SPRAY,1
REPELENTE MOSKITOFF LOCAO BABY 1X100ML,1
REPELENTE OFF GEL BABY 1X117ML,1
REPELENTE OFF GEL TOQUE LEVE C/GLICERINA E ICARIDINA 1X100GR,1
REPELENTE OFF LOCAO ACTIVE LOTION 1X100ML,1
REPELENTE OFF LOCAO FAMILY PROM 1X200ML,1
REPELENTE OFF SPRAY ACTIVE 1X170ML,1
REPELENTE OFF SPRAY FAMILY 1X170ML,1
REPELENTE OFF SPRAY FAMILY PROM 1X170ML,1
REPELENTE OFF SPRAY LONGA DURACAO 1X200ML,1
REPELENTE RAID LIQUIDO REFIL 45NOIT GTS AP ELETRIC PROM 1X32,1
REPELENTE REPELEX LOCAO 200ML,1
REPELENTE SAI INSETO KIDS LOCAO 100ML,1
REPELENTE SAI INSETO SPY F L200ML P100ML,1
REPELENTE SPRAY KIDS 100ML MOSKITOFF,1
REPELEX AEROSOL SUPER 200ML,1
REPOFLOR 100MG 12CPS,1
REPOFLOR 250MG 10CAPS LEGRAND,1
REPOFLOR 250MG 6 SACHES LEGRAND,1
REPOFLOR 250MG 6CAPS LEGRAND,1
REPOPIL 21DRG,1
REPOPIL 63CPR,1
REPOR 30 SACHES DE 8 GRAMAS,1
RESFEDRYL 20CPS,1
RESFEDRYL 50ENV 5G DISPLAY,1
RESFEGRIPE 20CAP MULTILAB,1
RESFEGRIPE 20CPS - PARACETAMOL + ASSOC,1
RESFEGRIPE CX 20CPS,1
RESFEGRIPE SINUS 24CPR,1
RESFENOL 20CPS,1
RESFENOL PO SACHE 5GR S/MEL E LIMAO,1
RESFENOL XAROPE 100ML,1
RESFRILIV PO 50 ENV 5G MEL/LIMAO,1
RESFRILIV SACHET 50X5GR LARANJA ACEROLA,1
RESGAT CREME 20G,1
RESIST 500MG C/30 CAPS,1
RESIST 500MG CAPS 1X90,1
RESOLOR 2MG C/28 COMP,1
RESPIRATUS XPE 100ML 7MG/ML HEDERA HELIX/SANOFI,1
RESPIRON CLASSIC,1
RESSAFIG 100 G SABOR ABACAXI,1
RESSAFIG 100 G SABOR LARANJA,1
RESSAFIG 100 G SEM SABOR,1
RESSALIV DOR C/10 COMPRIMIDO,1
RESSALIV FLACONETE 10ML,1
RESSALIV PRE COMP REV C/10,1
RESSALIV SOL OR 30 FLAC X 10 ML SBR ABAC,1
RESSATRIX 250 ML,1
RESSATRIX 250 ML TANGERINA,1
RESSATRIX PINK LEMONADE 250ML (CAFEINA+MINERAIS+GLICOSE),1
RESSATRIX UVA 250ML (CAFEINA+MINERAIS+GLICOSE),1
RESTASIS EMULS OFT 30FLACONETES,1
RESTITUE 40 MG C/30 COMP REV,1
RESTITUE 40 MG C/60 COMP REV,1
RESTIVA 10MG ADE 2 SACH,1
RESTIVA 20MG ADE 2 SACH,1
RESTIVA 5MG C/ 2 ADESIVOS,1
RESVERATROL 60CPS DUOM,1
RETEMIC 1MG 120ML,1
RETEMIC 5MG 60CPR,1
RETEMIC UD 10MG 30CPR,1
RETINOL B3 SERUM 30ML,1
RETINOL B3 SERUM 30ML-DEMAIS PROD,1
RETIXIUM 30 SACHES LIMAO KRESS,1
RETIXIUM 30 SACHES UVA KRESS,1
REUPLAQ 400MG C 30 COMP REV,1
REUQUINOL 400MG C/ 30 CPR,1
REUQUINOL 400MG C/ 6 CPR,1
REVERT 100+25MG C/30 COMP,1
REVIA 50MG C/30 CPR,1
REVIT MURIEL CERAMIDAS LATA 40G,1
REVIT MURIEL M KARITE LATA 40G,1
REVIT MURIEL OLEO DE ARGAN LATA 40G,1
REVITALIFT HIA GEL LIMP PROF 80G,1
REVITALIFT HIALU DIA FPS20 49G,1
REVITALIFT HIALU DIURNO F20 25G,1
REVITALIFT HIALU GEL 80G,1
REVITALIFT HIALU LIMP PROF 150ML,1
REVITALIFT HIALU NOTURNO 49G-OUTROS,1
REVITALIFT HIALU OLHOS 15ML,1
REVITALIFT HIALU PREENCH 30ML-DEMAIS PROD,1
REVITALIFT HIALUR SERUM 15ML,1
REVITALIFT HIALURONICO OIL CONT,1
REVITALIFT PRO RET GEL DE LIMP 1,1
REVITALIFT PRO RETINOL DIURNO FPS20,1
REVITALIFT RETINOL SERUM NOITE 30ML,1
REVOC 100 MG C/ 30 CPR,1
REVOC 100 MG60 COMP REV C1-SIMILAR,1
REVOC 50MG C/ 30 CPR,1
REXONA FEM ACTIVE EMOTION 1X90GR,1
REXULTI 1 MG C 30 COMP REV,1
REXULTI 2 MG C/30 COMP REV,1
RICOSOL GEL POS-SOL - 120 G,1
RICOSOL PROT.SOLAR SP. TRASNP.FPS 50-150ML/120G - AERO,1
RICOSOL PROT.SOLAR SP. TRASNP.FPS 70-150ML/120G - AERO,1
RICOSOL PROTETOR SOLAR FACIAL FPS 30 - 50 G ITEM BONIFICADO,1
RICOSOL PROTETOR SOLAR FACIAL FPS 50 - 50 G ITEM BONIFICADO,1
RICOSOL PROTETOR SOLAR FACIAL FPS 70 - 50 G ITEM BONIFICADO,1
RICOSOL PROTETOR SOLAR FPS 30 - 100 G,1
RICOSOL PROTETOR SOLAR FPS 30 - 180 G,1
RICOSOL PROTETOR SOLAR FPS 50 - 100 G,1
RICOSOL PROTETOR SOLAR FPS 50 - 180 G,1
RICOSOL PROTETOR SOLAR FPS 50 - 300 G,1
RICOSOL PROTETOR SOLAR FPS 70 - 100 G,1
RICOSOL PROTETOR SOLAR FPS 70 - 180 G,1
RICOSOL PROTETOR SOLAR FPS 70- 300 G,1
RICOSOL PROTETOR SOLAR FPS 99 - 180 G,1
RICOSOL PROTETOR SOLAR KIDS FPS 50 - 100 G,1
RICOSOL PROTETOR SOLAR KIDS FPS 70 - 100 G,1
RIFAMICINA SPRAY 10MG/ML 20ML GEN LEGRAND,1
RIFAMICINA SV SODICA SPRAY 20ML GEN GERMED,1
RIFOCINA SPRAY 10MG/ML 20ML,1
RIFOTRAT SPRAY 20ML NATULAB,1
RIFOTRAT SPRAY 20ML NATULAB DESMARCADOS,1
RIMEL COLOR LUISANCE L3113 1x1,1
RINILAV KIT C 30 ENVELOPES,1
RINILAV REFIL C 30 ENVELOPES,1
"RINOSOFT BABY CLORETO DE SODIO 0,9% FLUIDIFICANTE NASAL JATO 360º CONTINUO 100 ML",1
RINOSORO ALT VOL 30 SACH+FR 250ML T HYPERA .,1
RINOSORO ALTO VOLUME C/30 SACHES,1
RINOSORO AV BABY 15SC+FR60ML+1SR,1
RINOSORO XT SIC 3% SPR NAS 50ML,1
RISCARD 500MG C/60 COMP RE,1
RISEDRONATO SOD 150MG C/1 CP GERMED,1
RISEDRONATO SOD 35MG C 4 GERMED,1
RISEDRONATO SODICO 150MG 1CPR EUROFARMA,1
RISEDROSS 150MG C 1COMP,1
RISEDROSS 35MG 4CPR,1
RISEDROSS 35MG C/12 COMP-SIMILAR,1
RISPERIDON 1MG C/30 CPR,1
RISPERIDON 1MG ML SOL. 60ML,1
RISPERIDON 1MG/ML SOLUCAO ORAL 30 ML,1
RISPERIDONA 1 MG C/ 30 CPR GEN TEUTO,1
RISPERIDONA 1MG C/ 30 CPR GEN UNIAO QUIMICA,1
RISPERIDONA 1MG C/30 CPR BIOLAB,1
RISPERIDONA 1MG C/30 CPR GEN EUROFARMA,1
RISPERIDONA 1MG/ML GTS 30ML+SER / GEN PRATI,1
RISPERIDONA 2MG C/ 30 CPR GEN UNIAO QUIMICA,1
RISPERIDONA 2MG C/ 30CPR GEN TEUTO,1
RISPERIDONA 2MG C/30 CPR GEN EUROFARMA,1
RISPERIDONA 2MG C/30CPR GEOLAB,1
RISPERIDONA 3 MG C/ 30 CPR GEN TEUTO,1
RISPERIDONA 3MG C/ 30 CPR DESMARCADOS EUROFARMA,1
RISPERIDONA 3MG C/ 30 CPR GEN EUROFARMA,1
RISPERIDONA GTS 30ML GERMED,1
RISS 1MG C/ 30 CPR,1
RISS 2MG C/ 30CPR,1
RISS 3MG C/30 CPR,1
RITALINA 10 MG C/ 60CPR,1
RITALINA 10MG C/ 30 CPR,1
RITALINA LA 10MG 30CPR,1
RITALINA LA 20MG C/30 CAPS,1
"RITMONEURAN RTM 182,93MG C/20CPS",1
RITMONEURAN RTM 20CPS,1
RITMONEURAN RTM 20CPS - PASSIFLORA INCAR,1
RITMONEURAN RTM 40CPS PASSIFLORA INCAR,1
RITMONORM 300MG 60CPR,1
RIVACRIST 20MG C/28 COMP REV,1
RIVAROXABANA 10MG 30 CPS REV PRATI,1
RIVAROXABANA 10MG C 30CP REV EMS,1
RIVAROXABANA 10MG C 30CP REV GERMED,1
RIVAROXABANA 10MG C/30 CPR EUROFARMA,1
RIVAROXABANA 10MG COM REV C/30 CPR,1
RIVAROXABANA 15 MG 30 CP G EUROFARMA .,1
RIVAROXABANA 15MG 14 CPR,1
RIVAROXABANA 15MG 28 CPR,1
RIVAROXABANA 15MG 30CP G MEDLEY .,1
RIVAROXABANA 15MG 30CP REV EMS-GENERICO,1
RIVAROXABANA 15MG C 30CP REV GERMED,1
RIVAROXABANA 15MG C/30 PRATI,1
RIVAROXABANA 15MG COM REV C/30,1
RIVAROXABANA 20 MG 30 CP G EUROFARMA .,1
RIVAROXABANA 20MG 28CPR BIOSINTETICA,1
RIVAROXABANA 20MG 30CP G MEDLEY .,1
RIVAROXABANA 20MG C 28CP REV EMS,1
RIVAROXABANA 20MG C 30CP REV GERMED,1
RIVAROXABANA 20MG C/30 PRATI,1
RIVAROXABANA 20MG COM REV C/30,1
RIVAXA 10MG 30CPR,1
RIVAXA 15MG C 30 COMP REV,1
RIVAXA 20MG C 30 COMP REV,1
RIVOTRIL 2MG C/ 30CPR,1
RIZI-M 10MG+5MG C/14 COMP,1
RIZI-M 10MG+5MG C/7 COMP,1
ROACUTAN 20MG C/ 30 CAPS GEL,1
ROHYDORM 1MG C 30 COMP REV,1
ROHYDORM 1MG C/ 20 CPR,1
ROHYDORM 2MG C 30 COMP REV B1,1
ROHYDORM 2MG C/ 20 CPR,1
ROHYPNOL 1MG C/ 30 CPR,1
ROSA 10MG C 30 COMP REV,1
ROSA 20MG 30CPR,1
ROSUCOR 10MG C 100 COMP,1
ROSUCOR 10MG C 60 COMP,1
ROSUCOR 20MG C 100 COMP,1
ROSUCOR 20MG C 60 COMP,1
ROSUCOR 20MG C/30 COMP,1
ROSUCOR 5MG C 30 COMP REV,1
ROSUCOR 5MG C/60 COMP REV,1
ROSUCOR EZE 10+10MG 30CPS SN,1
ROSUCOR EZE 20MG+10MG 30CPR,1
ROSUSTATIN 10MG 30CPR,1
ROSUSTATIN 20MG 30CPR - ROSUVASTATINA,1
ROSUVASTATINA 10MG 30CPR EMS,1
ROSUVASTATINA 10MG 30CPR GERMED,1
ROSUVASTATINA 10MG 30CPR SANDOZ,1
ROSUVASTATINA 10MG C/30 UNIAO QUIMICA,1
ROSUVASTATINA 10MG CX 30 COMP REV LEGRAND - LEVE 4 PAGUE 3,1
ROSUVASTATINA 10MG NOVA QUIMICA C/30,1
ROSUVASTATINA 20MG 30CPR EMS,1
ROSUVASTATINA 20MG 30CPR GERMED,1
ROSUVASTATINA 20MG 30CPR LEGRAND,1
ROSUVASTATINA 20MG 30CPR NEO,1
ROSUVASTATINA 20MG 30CPR NOVA QUIMICA,1
ROSUVASTATINA 20MG 30CPR SANDOZ,1
ROSUVASTATINA 20MG C/30 UNIAO QUIMICA,1
ROSUVASTATINA 20MG C/30COMP TOR,1
ROSUVASTATINA 20MG CX 30 COMP REV LEGRAND - LEVE 4 PAGUE 3,1
ROSUVASTATINA 20MG CX C/ 30 COMP GEOLAB,1
ROSUVASTATINA 40MG 30CPR ALTHAIA,1
ROSUVASTATINA 40MG C/30 UNIAO QUIMICA,1
ROSUVASTATINA 5MG 30 CPR,1
ROSUVASTATINA 5MG 60CPR PHARLAB,1
ROSUVASTATINA 5MG C/30 PHARLAB,1
ROSUVASTATINA 5MG C/30 UNIAO QUIMICA,1
ROSUVASTATINA CAL 10MG C/30 EUROFARMA,1
ROSUVASTATINA CAL 20MG 30CP BIOSINTETICA,1
ROSUVASTATINA CAL 5MG 30CP SANDOZ,1
ROSUVASTATINA CALCIA 10MG 30CPR NEO QUIMICA,1
ROSUVASTATINA CALCICA 10 MG TORRENT,1
ROSUVASTATINA CALCICA 10MG C/ 30 CP TEUTO,1
ROSUVASTATINA CALCICA 10MG C/60 CPR,1
ROSUVASTATINA CALCICA 10MG CP REV 2BLX15,1
ROSUVASTATINA CALCICA 10MG CX 3BL X 10 COMP REV,1
ROSUVASTATINA CALCICA 10MG X30 CPR REV ALTHAIA,1
ROSUVASTATINA CALCICA 20 MG 30 CP NOVARTIS,1
ROSUVASTATINA CALCICA 20 MG C/30 CP LEGRAND,1
ROSUVASTATINA CALCICA 20MG 30CP GERMED,1
ROSUVASTATINA CALCICA 20MG 30CPR MEDLEY,1
ROSUVASTATINA CALCICA 20MG 30CPR NEO QUIMICA,1
ROSUVASTATINA CALCICA 20MG C/ 30 CP,1
ROSUVASTATINA CALCICA 20MG C/30CPR ALTHAIA,1
ROSUVASTATINA CALCICA 20MG C/60 CPR,1
ROUPA INT BIGFRAL FEM MOVIMENT P/M 7UN PT/0001,1
ROUPA INT BIGFRAL MOVIMENT G/XG 7UN PT/0001,1
ROUPA INT. TENA PANTS DERMACARE G/EG 8X8,1
ROUPA INT. TENA PANTS DERMACARE P/M 8X8,1
ROUPA INT. TENA PANTS NOTURNA MEGA G/XG 01X16UN,1
ROUPA INT. TENA PANTS NOTURNA P/M 01X07UN,1
ROUPA INTIMA BIGFRAL MOVIMENT G/XG UNISSEX EMB ECONOMIC 1X16,1
ROUPA INTIMA BIGFRAL MOVIMENT P/M UNISSEX EMB ECONOMICA 1X16,1
ROUPA INTIMA BIGFRAL MOVIMENT UNISSEX G/XG 8X07UN,1
ROUPA INTIMA BIGFRAL MOVIMENT UNISSEX P/M 8X07UN,1
ROUPA INTIMA BIGFRAL NOTURNA G/XG EMB ECONOMICA 1X16UN,1
ROUPA INTIMA BIGFRAL NOTURNA P/M EMB ECONOMICA 4X16UN,1
ROUPA INTIMA BIGFRAL PANTS PREMIUM EMBAL ECONOMICA G/XG 1X16,1
ROUPA INTIMA BIGFRAL PANTS PREMIUM EMBAL ECONOMICA P/M 1X16U,1
ROUPA INTIMA PLENITUD ACTIVE FEMININA G/XG 1X16U,1
ROUPA INTIMA PLENITUD ACTIVE FEMININA P/M L16P15 PROM 1X16UN,1
ROUPA INTIMA PLENITUD PROT PLUS G/XG PROM 1X24UN,1
ROUPA INTIMA PLENITUD PROTECT PLUS G/XG ECONOMICA 1X16UN,1
ROUPA INTIMA PLENITUD PROTECT PLUS P/M 1X24UN,1
ROUPA INTIMA PLENITUD PROTECT PLUS P/M ECONOMICA 1X16UN,1
ROUPA INTIMA TENA PANTS CONFORT MEGA G/XG 1X16UN,1
ROUPA INTIMA TENA PANTS CONFORT MEGA P/M 1X16UN,1
ROUPA INTIMA TENA PANTS DERMACARE MEGA G/EG 1X16UN,1
ROUPA INTIMA TENA PANTS DERMACARE MEGA P/M 1X16UN,1
ROUPA INTIMA TENA PANTS DISCREET NUDE P/M 1X16UN,1
ROUPA INTIMA TENA PANTS NOTURNA G/EG 1X7UN,1
ROUPA INTIMA TENA PANTS NOTURNA MEGA P/M 1X16UN,1
ROX 10MG C 30 COMP REV,1
ROX 20MG 30CPR,1
ROXETIN 20MG C/ 30 CPR,1
ROXETIN XR 25 MG C/ 30 CPR,1
ROZEREM 8MG C/30 CPR,1
ROZEX GEL 075% 30G,1
RS MAM CLEAN 220ML SIL O ROSA,1
RUBENTI 200MG 30 CAPS-SIMILAR,1
RUBIA 0075 MG 28 CP S ACHE,1
RUBIA 0075 MG 84 COMPRIMIDOS,1
RUDITE 500MG 6 CPR (NITAZOXANIDA),1
RUNNER 10MG C 30 COMP REV,1
RUNNER 20MG C 30 COMP REV,1
RUNNER EZE 10+10MG 60CP BIOSINTÉTICA,1
RUNNER EZE 10+10MG C/30 COMP,1
RUNNER EZE 20+10MG C 60 COMP,1
RUNNER EZE 20+10MG C/30 CPR,1
RUPPAO DE MONTAO CHURRASCO 140G,1
RUSOVAS 10MG C 60 COMP,1
RUSOVAS 10MG C 60COMP REV,1
RUSOVAS 10MG C/30 COMP,1
RUSOVAS 10MG C/90 COMP REV,1
RUSOVAS 20MG C/30 COMP REV,1
RUSOVAS 20MG C/90 COMP REV,1
RUSOVAS 5MG C 60 COMP,1
RUSOVAS 5MG C/60 COMP REV,1
RUVA 10 MG 30 CP S EUROFARMA,1
RUVA 20 MG 30 CP S EUROFARMA,1
RUVA 5 MG 30 CP S EUROFARMA,1
RYBELSUS 14MG C 30 COMP (E-PHARMA),1
RYBELSUS 3MG C 30 COMP (FUNCIONAL CARD),1
RYBELSUS 7MG C 30 COMP (E-PHARMA),1
Reconstrutor Capilar Truss Uso Obrigatório Plus + 260ml,1
ResfeGripe c/20 cápsulas,1
Roupa intima Men Tena 16 unid,1
SAB ACTINE CONTROL BARRA 80G,1
SAB C/R MORANGO 160ML PORAN,1
SAB CHEIRINHO BEBE VEG LAVANDITA 80G,1
SAB DAVENE LEITE DE AVEIA AMENDOAS 90G,1
SAB DAVENE LEITE DE AVEIA HIPO 90G,1
SAB DOVE KARITE 90G,1
SAB ELITE 85GR RELAX RX,1
SAB ELITE 85GR REVIGORANTE RS,1
SAB GB BLUE 1X90GR,1
SAB GB CHERRY 1X90GR,1
SAB GB CLASSIC 1X90GR,1
SAB GEL FAC NIVEA CONT BRI 145G,1
SAB GEL FAC NIVEA EQUI PRO 150ML,1
SAB GLICERINA GRANADO 90 GR UN/0001,1
SAB GRAN ENXOFRE 90G,1
SAB GRAN GLIC BEBE LIQ 250ML,1
SAB GRANADO GLIC BEBE 90G,1
SAB GRANADO GLIC BEBE CAMO 500ML,1
SAB GRANADO GLIC CASTANHA 90G,1
SAB GRANADO GLIC ERVA-DOCE 90G,1
SAB GRANADO GLIC ROSA 90G,1
SAB GRANADO GLIC/E DOC BEBE 250M,1
SAB GRANADO GLICERINA BEBE 250ML,1
SAB GRANADO GLICERINA BEBE 90GR,1
SAB HUGGIES 75G CAMOMILA,1
SAB INFANTIL CREMER HIDRAT 80G,1
SAB INTIMO AROMAS BR 17 ERVAS B INST 200 . UN-0001-UN,1
SAB INTIMO AROMAS BR BARBATIMAO BINST200 UN-0001-UN,1
SAB INTIMO CIA. DA NATUREZA 210ML LV2PG1 FRESH,1
SAB INTIMO HIDRAMAIS FRESH 200ML,1
SAB INTIMO HIDRAMAIS NEUTRO 200ML,1
SAB J&AMP;J BABY LIQ GLICERINA 400ML,1
SAB J&AMP;J BABY REFIL GLIC 180ML,1
SAB J&J BABY DERMA PROTECT 200ML,1
SAB J&J LIQ CABECA AOS PES 200ML,1
SAB LIQ CHEIRINHO BEBE GLIC LAVAND 500ML,1
SAB LIQ CHEIRINHO BEBE LAVAN REFIL 200ML,1
SAB LIQ CHEIRINHO BEBE TRAD REFIL 200ML,1
SAB LIQ CHEIRO BEBE GLIC LAVAND 250ML,1
SAB LIQ CHEIRO BEBE GLIC TRAD 250ML,1
SAB LIQ CHEIRO BEBE GLIC TRAD 500ML,1
SAB LIQ FAC DERMACHEM ACIDO SAL 100ML,1
SAB LIQ FAC DERMACHEM MAKE UP 100ML,1
SAB LIQ FAC DERMACHEM VITA C 100ML,1
SAB LIQ FAC LABOTRAT ANTI ACNE 100ML,1
SAB LIQ FAC LABOTRAT DEMAQUILAN 100ML,1
SAB LIQ FAC LABOTRAT ESFOL ANTIACNE 80ML,1
SAB LIQ FAC LABOTRAT ESFOL ENZIMATI 80ML,1
SAB LIQ FAC LABOTRAT PRIMER 100ML,1
SAB LIQ FARNESE ANTIBAC NUTRICAO 500ML,1
SAB LIQ FLORA NENEM GLICERINADO 200ML,1
SAB LIQ GRAN BB CALENDULA 500ML,1
SAB LIQ GRANADO BEBE 250ML LAVANDA,1
SAB LIQ GRANADO GLIC BEBE LAVANDA 250 ML,1
SAB LIQ HUGGIE REF E SUAVE 200ML,1
SAB LIQ HUGGIES CAMOMILA REFIL 200ML,1
SAB LIQ INTIMO HIDRATA TOPZ 200ML L+PG- UN/0001,1
SAB LIQ J&J HORA SONHOS 200ML,1
SAB LIQ LABOTRAT CEREJA DIA DIA 190ML,1
SAB LIQ LABOTRAT MELANCIA DIA DIA 190ML,1
SAB LIQ LABOTRAT MORANGO DIA DIA 190ML,1
SAB LIQ LABOTRAT PITAYA DIA DIA 190ML,1
SAB LIQ LUX BLIST FLOR CAJ 240ML,1
SAB LIQ LUX BLIST VITO REG 240ML,1
SAB LIQ PROTEX CONTROL OIL 150ML,1
SAB LIQ PROTEX CREAM 250ML,1
SAB LIQ PROTEX CREAM 650ML,1
SAB LIQ PROTEX FACIAL 70ML,1
SAB LIQ PROTEX INT DELCARE 140ML,1
SAB LIQ PROTEX MACADAMIA 250 ML,1
SAB LIQ TURMA DA MONICA CAMOMILA E ALOA VERA 200ML,1
SAB LIQ TURMA DA MONICA SUAVE 200ML,1
SAB LIQ TURMA MONICA CABECA /PES PEROL FRUTAS VERMS 200ML,1
SAB LIQ TURMA MONICA CABECA/ PES GLIC ALOE VERA 200ML,1
SAB LIQUI ESFOLIANTE CAMOMILA 180ML,1
SAB LIQUI ESFOLIANTE MARACUJA 180 ML,1
SAB LIQUI ESFOLIANTE MORANGO 180 ML,1
SAB LIQUIDO BEBE CALENDULA 250ML,1
SAB LUX LIQ ROSA FRANC REF 200ML,1
SAB NIVEA CREME CARE REFIL 200ML,1
SAB NIVEA CREME SOFT REFIL 200ML,1
SAB NIVEA PURE MILK FRESH 90G,1
SAB NIVEA PURE MILK SENSITIV 90G,1
SAB PALM KIDS REFIL 200ML-OUTROS,1
SAB PALM LUMIN OILS ABAC E IRIS,1
SAB PALM LUMIN OILS FIGO ORQ 250ML-DEMAIS PROD,1
SAB PALM NAT ALOE 85G C/12-DEMAIS PROD,1
SAB PHEBO NATURELLE 90G,1
SAB PHEBO ODOR ROSAS 90G,1
SAB POM POM GLICERINADO 90G,1
SAB POM POM HIDRAT 90G,1
SAB PROTEX BABY GLICER LIQ 200ML,1
SAB PROTEX BABY GLICER LIQ 400ML,1
SAB PROTEX BABY LIQ 200ML P.DELI,1
SAB PROTEX BABY LIQ GLI REF380ML-DEMAIS PROD,1
SAB PROTEX BABY REF 180ML P.DELI,1
SAB PROTEX BB LIQ LAVANDA 200ML,1
SAB PROTEX BB LIQ LAVANDA 400ML,1
SAB PROTEX LIQ AVEIA 250ML-DEMAIS PROD,1
SAB PROTEX LIQ CREAM 650ML,1
SAB PROTEX LIQ DUO PROTECT 400ML,1
SAB PROTEX LIQ ERVA DOCE 250ML-DEMAIS PROD,1
SAB PROTEX LIQ LIMP PROF 250ML,1
SAB PROTEX LIQ MEN SPORTS 250ML-DEMAIS PROD,1
SAB PROTEX LIQ VITAMINA E 250ML-DEMAIS PROD,1
SAB REVITALITY LIQ 5 LT NEUTRO,1
SAB SIENE 85GR ERVA DOCE C,1
SAB SIENE 85GR LAVANDA C,1
SAB SIENE 85GR PROTEINAS DO LEITE,1
SAB SIENE 85GR ROSAS VERMELHAS CX/0072/UN,1
SAB TURMA MONICA BABY VEG EXTRATO CAMOMILA 80G/PAN,1
SAB TURMA MONICA BABY VEG GLIC HIDRATANTE 80G/PAN,1
SAB TURMA MONICA BABY VEG OLEO LAVANDA 80G/PAN,1
SAB. INTIMO A. DO BR. ACAI 200 ML,1
SAB. INTIMO BEBELOO TUTTI FRUTTI 200 ML,1
SAB. LIQ. ROSA MOSQUETA 100 ML,1
SAB. LIQUIDO INFANTIL BARUEL BABY COM GLICERINA 1X750ML,1
SAB. LIQUIDO INFANTIL GRANADO BEBE LAVANDA 1X500ML,1
SAB. LIQUIDO INTIMO NIVEA 250ML,1
SAB.ALBANY 12X85G FEM.BRANCO,1
SAB.ALBANY 12X85G FEM.ROSA,1
SAB.ALBANY 12X85G HOM.LARAN.,1
SAB.ALBANY 85G BCO CUIDADO,1
SAB.ALBANY 85G HOMEM AZUL,1
SAB.CREMER 1X70G HIDRATANTE,1
SAB.INTIMO AROMAS DE HORTELÃ 200ML,1
SAB.INTIMO AROMAS DO BR 15 ERVAS 200ML . UN-0001-UN,1
SAB.INTIMO AROMAS DO BR AROEIRA 200ML UN-0001-UN,1
SAB.INTIMO AROMAS DO BR BARBATIMAO AROEI RA 200ML UN-0001-UN,1
SAB.LA-FLORE 6X180G CEREJA,1
SAB.LA-FLORE 6X180G ERVA DOCE,1
SAB.LA-FLORE 6X180G LAVANDA,1
SAB.LIQ.GRANADO 250ML REF.GLIC,1
SABAO PO BRILHANTE,1
SABONETE ALBANY FEMININO AZUL 85GR,1
SABONETE ALBANY PERFUME FRUTAS VERMELHO 1X85GR,1
SABONETE ALBANY PERFUME LAVANDA ROXO 1X85GR,1
SABONETE ALBANY PERFUME LIRIO LARANJA 1X85GR,1
SABONETE ALBANY PERFUME ROSA BRANCO 1X85GR,1
SABONETE ASEPXIA FORMULA FORTE 80GR,1
SABONETE DAVENE LA FLORE CEREJA 1X150GR,1
SABONETE DAVENE LA FLORE ERVA DOCE 1X150GR,1
SABONETE DAVENE LA FLORE LAVANDA 1X150GR,1
SABONETE DAVENE LA FLORE MARACUJA 1X150GR,1
SABONETE DAVENE LA FLORE VANILA 1X150GR,1
SABONETE DAVENE LA FRUTA LICHIA 1X150GR,1
SABONETE DAVENE LA FRUTA MACA 1X150GR,1
SABONETE DAVENE LA FRUTA MANDARINA 1X150GR,1
SABONETE DAVENE LA FRUTA MANDARINA 1X180GR,1
SABONETE DAVENE LA FRUTA MORANGO 1X180GR,1
SABONETE DAVENE LA FRUTA UVA 1X150GR,1
SABONETE DE ENXOFRE 90G ARTE NATIVA,1
SABONETE DOVE ERVA DOCE E CAMOMILA 1X90GR,1
SABONETE DOVE KARITE E BAUNILHA LV MAIS PG MENOS PROM 1X90GR,1
SABONETE DOVE MICELAR ANTI STRESS 1X90GR,1
SABONETE DOVE ORIGINAL 90g,1
SABONETE DOVE PELE SENSIVEL 1X90GR,1
SABONETE ELITE ANTIBACTERIANO 1X85GR,1
SABONETE FACIAL DERMACREAM ACNE FREE 1X120ML,1
SABONETE FACIAL DERMACREAM ZINCO + VITA C NIACINAMIDA 1X150G,1
SABONETE FACIAL HIDRAMAIS 1X250ML,1
SABONETE FACIAL RUBINOVA CLAREADOR ROSA MOSQUETA 1X150ML,1
SABONETE FLOR DE YPE AGUA DE COCO E ALECRIM VERDE 85GR,1
SABONETE FLOR DE YPE FLOR DE BAUNILHA E AMENDOAS BEGE 85GR,1
SABONETE FLOR DE YPE FLOR DE LAR E DAMASCO AMARELO 85GR,1
SABONETE FLOR DE YPE FLOR MACA E FRAM ROSA L12P9 PROM 12X85G,1
SABONETE FLOR DE YPE ROSABRANCA E AVELA AZUL L12P9 PROM 12X8,1
SABONETE FRANCIS BRASILIDADES LARANJA MANGA ROSA 1X80GR,1
SABONETE FRANCIS BRASILIDADES LIMAO CAPIM LIMAO 1X80GR,1
SABONETE FRANCIS BRASILIDADES ROXO AMORA 1X80GR,1
SABONETE FRANCIS BRASILIDADES VERMELHO ACEROLA 1X80GR,1
SABONETE FRANCIS SUAVE AZUL GARDENIA L12P11 PROM 12X85GR,1
SABONETE FRANCIS SUAVE BRANCO LIRIO L12P11 PROM 12X85GR,1
SABONETE FRANCIS SUAVE LILAS ALFAZEMA 12X85GR,1
SABONETE FRANCIS SUAVE LILAS ALFAZEMA 85GR,1
SABONETE FRANCIS SUAVE PINK GERBERA 12X85GR,1
SABONETE GRANADO BEBE 250ML,1
SABONETE GRANADO GLICERINA HORTELA 1X90GR,1
SABONETE INFANTIL GRANADO GLICERINA BEBE CAMOMILA 12X90GR,1
SABONETE INFANTIL PROTEX BABY GLICERINA 1X85GR,1
SABONETE INTIMO CANDISIL CAMOMILA 230ML,1
SABONETE INTIMO CANDISIL FLORAL 230ML,1
SABONETE INTIMO CANDISIL SEM PERFUME 230ML,1
SABONETE INTIMO ERVA DOCE 230 ML,1
SABONETE INTIMO FARMAX HIDRADERM FRESH 1X200ML,1
SABONETE INTIMO FARMAX HIDRADERM NEUTRO 1X200ML,1
SABONETE INTIMO HIDRAMAIS FEMME 1X200ML,1
SABONETE INTIMO HIGIBELL MORANGO 190ML,1
SABONETE INTIMO HIGIBELL NEUTRO 190ML,1
SABONETE INTIMO MENTA FRESH 230ML,1
SABONETE INTIMO MORANGO 230ML,1
SABONETE INTIMO OAZ PH EQUILIBRADO 300ML,1
SABONETE INTIMO SEM PERFUME 230ML,1
SABONETE INTIMO TEEN FASHION 230ML,1
SABONETE INTIMO TODO DIA DEMAZON NEUTRO 1X230ML,1
SABONETE INTIMO TOPZ FRESH,1
SABONETE INTIMO VAGISIL ODOR BLOCK 1X300G,1
SABONETE INTIMO VAGISIL TRADICIONAL 1X300G,1
SABONETE LIQ PROTEX ANT CRAVOS 150ML,1
SABONETE LIQ. ERVA DOCE GRANDERM 450 ML,1
SABONETE LIQ. ROSA MOSQUETA 500 ML,1
SABONETE LIQUIDO BOZZANO ANTIBAC CARVAO ATIVADO 1X240ML,1
SABONETE LIQUIDO BOZZANO ANTIBAC FRESH 1X240ML,1
SABONETE LIQUIDO DERMAC LAVANDA BABY LOVE & CARE 1X250ML,1
SABONETE LIQUIDO DERMAC LAVANDA BABY LOVE & CARE 1X500ML,1
SABONETE LIQUIDO DERMACREAM C.BEBE BABY LOVE&CARE 1X250ML,1
SABONETE LIQUIDO DERMACREAM C.BEBE BABY LOVE&CARE 1X500ML,1
SABONETE LIQUIDO DERMACREAM FLORAL C/VALVULA 1X1LT,1
SABONETE LIQUIDO DERMACREAM GLICE BABY LOVE & CARE 1X500,1
SABONETE LIQUIDO DERMACREAM GLICERI BABY LOVE & CARE 1X250,1
SABONETE LIQUIDO DERMACREAM LAVANDA C/VALVULA 1X1LT,1
SABONETE LIQUIDO DERMACREAM LAVANDA C/VALVULA 1X500ML,1
SABONETE LIQUIDO DERMACREAM NEUTRO C/VALVULA 1X1LT,1
SABONETE LIQUIDO DOVE BABY HIDRATACAO RELAXANTE 1X200ML,1
SABONETE LIQUIDO DOVE MICELAR ANTI STRESS 1X250ML,1
SABONETE LIQUIDO DOVE NUTRICAO PROFUNDA 1X250ML,1
SABONETE LIQUIDO DOVE PELE SENSIVEL 1X250ML,1
SABONETE LIQUIDO GLANCE CARE REMOV 20ML,1
SABONETE LIQUIDO HIDRAMAIS AMEIXA NEGRA 500ML,1
SABONETE LIQUIDO HIDRAMAIS ANTIBAC NEUTRO L500P400 PROM 1X50,1
SABONETE LIQUIDO HIDRAMAIS ERVAS DOCE 1X500ML,1
SABONETE LIQUIDO HIDRAMAIS LIMAO SICILIANO 1X500ML,1
SABONETE LIQUIDO HIDRAMAIS MORANGO 1X500ML,1
SABONETE LIQUIDO HIDRAMAIS PERFUME DE BEBE 1X500ML,1
SABONETE LIQUIDO INFANTIL BARUEL BABY COM GLICERINA 1X210ML,1
SABONETE LIQUIDO INFANTIL BARUEL BABY COM GLICERINA 400ML,1
SABONETE LIQUIDO INFANTIL BARUEL BABY GLICERINADO PELE 1X210,1
SABONETE LIQUIDO INFANTIL BARUEL BABY GLICERINADO PELE 1X400,1
SABONETE LIQUIDO INFANTIL BARUEL BABY REFIL GLICERINA 1X210M,1
SABONETE LIQUIDO INFANTIL BARUEL BABY SONO TRANQ 1X210ML,1
SABONETE LIQUIDO INFANTIL BARUEL BABY SONO TRANQUILO,1
SABONETE LIQUIDO INFANTIL BEBE NATUREZA SUAVE 1X230ML,1
SABONETE LIQUIDO INFANTIL BEBE VIDA 1X200ML,1
SABONETE LIQUIDO INFANTIL BEBE VIDA PRIMEIROS MESES 1X200ML,1
SABONETE LIQUIDO INFANTIL DOVE BABY HIDRAT GLICERIN 1X200,1
SABONETE LIQUIDO INFANTIL DOVE BABY REFIL HID GLICERINA 1,1
SABONETE LIQUIDO INFANTIL DOVE BABY REFIL HIDRA ENRIQUE 1,1
SABONETE LIQUIDO INFANTIL DOVE BABY REFIL HIDRA SENSIVE,1
SABONETE LIQUIDO INFANTIL EUDORA BABY CABECA/PES 1X200ML,1
SABONETE LIQUIDO INFANTIL GRANADO BEBE 1X500ML,1
SABONETE LIQUIDO INFANTIL GRANADO BEBE CAMOMILA 1X250ML,1
SABONETE LIQUIDO INFANTIL GRANADO BEBE CAMOMILA REFIL 1X250M,1
SABONETE LIQUIDO INFANTIL GRANADO BEBE LAVANDA REFIL 1X250ML,1
SABONETE LIQUIDO INFANTIL JOHNSONS BABY SUPER PODEROSA 1X200,1
SABONETE LIQUIDO INFANTIL PALMOLIVE KIDS SPLASHERS 1X220ML,1
SABONETE LIQUIDO INFANTIL PAMPERS GLICERINA 1X200ML,1
SABONETE LIQUIDO INFANTIL PAMPERS GLICERINA 1X400ML,1
SABONETE LIQUIDO INFANTIL PAMPERS GLICERINA REFIL 1X350ML,1
SABONETE LIQUIDO INFANTIL PROTEX BABY GLICERINA REFIL 1X180M,1
SABONETE LIQUIDO INFANTIL PROTEX BABY PROTECAO DELICADA,1
SABONETE LIQUIDO INFANTIL SKALINHA GLICERINA LAVANDA 1X200ML,1
SABONETE LIQUIDO INFANTIL SPIDER-MAN 1X250ML,1
SABONETE LIQUIDO LUX BOTAN REFIL ORQUIDEA NEGRA 1X200ML,1
SABONETE LIQUIDO LUX BOTANICALS DAMA DA NOITE 1X300ML,1
SABONETE LIQUIDO LUX BOTANICALS DAMA DA NOITE P/ MAOS 1X240M,1
SABONETE LIQUIDO LUX BOTANICALS FLOR CAJUEIRO 1X300ML,1
SABONETE LIQUIDO LUX BOTANICALS GARDENIA E AMENDOAS 1X250ML,1
SABONETE LIQUIDO LUX BOTANICALS LAVANDA 1X250ML,1
SABONETE LIQUIDO LUX BOTANICALS ORQUIDEA NEGRA 1X250ML,1
SABONETE LIQUIDO LUX BOTANICALS REFIL LAVANDA 1X200ML,1
SABONETE LIQUIDO LUX BOTANICALS ROSAS FRANCESAS 1X250ML,1
SABONETE LIQUIDO LUX BOTANICALS VITORIA REGIA 300ML,1
SABONETE LIQUIDO MONANGE DETOX 1X240ML,1
SABONETE LIQUIDO MONANGE EXTRATO OLIVA 1X240ML,1
SABONETE LIQUIDO MONANGE FLOR DE LAVANDA 1X240ML,1
SABONETE LIQUIDO MONANGE FRUTAS VERMELHAS 1X240ML,1
SABONETE LIQUIDO NIVEA REFIL ERVA DOCE 1X200ML,1
SABONETE LIQUIDO NUTRIOL 240ML,1
SABONETE LIQUIDO PALMOLIVE NATURALS OLEO NUTRIT P/ MAOS 1X40,1
SABONETE LIQUIDO PROTEX CARVAO DETOX 1X250ML,1
SABONETE LIQUIDO PROTEX PRO HIDRATACAO 1X230ML,1
SABONETE LIQUIDO PROTEX REFIL BALANCE 1X200ML,1
SABONETE LIQUIDO PROTEX SERUM ACIDO HIALURONICO 1X250ML,1
SABONETE LIQUIDO PROTEX SERUM RETINOL + NIACINAMIDA 1X250ML,1
SABONETE LIQUIDO TOK BOTHANICO FRUTAS VERMELHAS 1X500ML,1
SABONETE LIQUIDO TOK BOTHANICO NEUTRO 1X500ML,1
SABONETE LIQUIDO TRICOFACIL ERVA DOCE 1X500ML,1
SABONETE LIQUIDO TRICOFACIL LAVANDA 1X500ML,1
SABONETE LIQUIDO TRICOFACIL MORANGO 1X500ML,1
SABONETE LIQUIDO TRICOFACIL PERFUME DE BEBE 1X500ML,1
SABONETE LUX BOTANICALS ESSENCIAS DAMA DA NOITE 1X120GR,1
SABONETE LUX BOTANICALS GARDENIA E AMENDOAS 1X85GR,1
SABONETE LUX BOTANICALS LIRIO AZUL 1X125GR,1
SABONETE LUX BOTANICALS ROSAS FRANCESAS 1X125GR,1
SABONETE LÍQUIDO BABY DOVE HIPOALERGÊNICO HIDRATAÇÃO ENRIQUECIDA 200ML,1
SABONETE MOTIVUS ALEGRIA SALMAO 1X90GR,1
SABONETE MOTIVUS DOCURA BRANCO 1X90GR,1
SABONETE MOTIVUS ENCANTO VERDE 1X90GR,1
SABONETE MOTIVUS ROMANCE ROSA 1X90GR,1
SABONETE MOTIVUS SUAVE FLORAL ROSA 1X90GR,1
SABONETE MOTIVUS SUAVE TENTACAO VERMELHO 1X90GR,1
SABONETE NIVEA CREME CARE 90GR,1
SABONETE NIVEA FACIAL ESFOLIANTE MASCARA 3M1 AQUA ROSE 1X150,1
SABONETE NIVEA GEL FACIAL MICELLAIR AGUA DE ROSAS 1X150ML,1
SABONETE NIVEA HIDRATANTE AVEIA 1X85GR,1
SABONETE NIVEA HIDRATANTE CREME CARE 90g,1
SABONETE NIVEA HIDRATANTE ERVA DOCE 1X85GR,1
SABONETE NIVEA HIDRATANTE LAVANDA 1X85GR,1
SABONETE NIVEA HIDRATANTE ORQUIDEAS 1X85GR,1
SABONETE NIVEA HIDRATANTE TOQUE DE BAUNILHA 1X85GR,1
SABONETE PALMOLIVE NATURAL HIDRATACAO INTENSIVA KARITE 12X85,1
SABONETE PALMOLIVE NATURAL NUTRIÇÃO SUAVE 1X150GR,1
SABONETE PALMOLIVE NATURAL OLEO NUTRITIVO 1X150GR,1
SABONETE PALMOLIVE NATURAL SEGREDO SEDUTOR 1X150GR,1
SABONETE PALMOLIVE NATURAL SENSACAO LUMINOSA 1X150GR,1
SABONETE PALMOLIVE NATURAL SENSACAO PURIFICANTE CARVAO 12X15,1
SABONETE PHEBO LIMA DA PERSIA 1X90GR,1
SABONETE PROTEX LIMPEZA PROFUNDA 85GR,1
SABONETE PROTEX MACADAMIA 1X85GR,1
SABONETE PROTEX VITAMINA E 1X85GR,1
SABRIL 500MG C 60 COM REV C1,1
SACHE HASKELL MASC ORA PRO NOBIS 40 GR,1
SACHE SUPER MACHO COM 2 UNIDADES,1
SACO LIXO BELLA AZUL 30LT 59X62CM 10UN CX/0025/UN,1
SACO LIXO ROLO BELLA AZUL 50LT 63X80 20U CX/0012/UN,1
SACO LIXO ROLO BELLA PTO 100L 75X105 10 CX/0012/UN,1
SACO PLAST TRANSP ELETRO 20X30CM P/1KG PT/0360/UN,1
SACO PLAST TRANSP ELETRO 35X45CM P/5KG PT/0120/UN,1
SACOLA EMBALIXO BRANCA OXIBIODEGRADAVEL 30X40 2000X1,1
SACOLA FORTEPLAS 43X55 C/1000 CX/1000,1
SACOLA FORTEPLAS 50X60 C/500 CX/0500,1
SACOLA PARA PRESENTE AZUL MEDIA 1 UND,1
SACOLA PLASTICA FORT REC BIODEG38X48CM FD/0500/UN,1
SACOLA PLASTICA FORTEPLAS 28X35CM CX/2000/UN,1
SACOLA PLASTICA FORTEPLAS 30X40CM FD/2000/UN,1
SACOLA PLASTICA FORTEPLAS 60X70CM CX/0500/UN,1
SACOLA PLASTICA VALBAGS PACK FORT 60X70C CX/0500/UN,1
SAF-GEL C/ALGINATO DE CALCIO E SODIO 85G,1
SAFLUTAN 15MCG ML 30 FLAC,1
SAL DE ANDREWS 2 ENV,1
SAL DE FRUTA ENO ABACAXI 100G,1
SAL DE FRUTA ENO ABACAXI C/2 ENV,1
SAL DE FRUTA ENO GUARANA 100G,1
SAL DE FRUTA ENO GUARANA C/2 ENV,1
SAL DE FRUTA ENO LARANJA 100G,1
SAL DE FRUTA ENO LARANJA ENV 5G,1
SAL DE FRUTA ENO LIMAO 100G,1
SAL DE FRUTA ENO LIMAO C/2 ENV,1
SAL DE FRUTA ENO TONICA 100G,1
SAL DE FRUTA ENO TONICA C/2 SCH,1
SAL DE FRUTA ENO TRADICIONAL 100G,1
SAL DE FRUTA ENO TRADICIONAL C/2 ENV,1
SAL DE FRUTA ENO TUTTI FRUT 100G,1
SAL GROSSO AJI SAL CHURRASCO 1KG,1
SALAME AURORA,1
SALGADINHO ADORETTOS 50G,1
SALICETIL 100MG C/10CPR,1
SALON L SPRAY TDCACHO LIB KIDS 300ML,1
SALONPAS ADESIVO PEQUENO 10UN-OUTROS,1
SALONPAS AIR AERO 80ML,1
SALONPAS GEL PATCH 1 ENV C 3UNID,1
SALSEP 360 SPRAY 50ML,1
SALSEP LENCOS NASAIS KIDS C/30UN-DEMAIS PROD,1
SALSEP SOL SPRAY 50ML,1
SANASAR EMULSAO 100ML (BENZ DE BENZILA),1
SANASAR LOCAO 250MG/ML 100ML - BENZOATO DE BENZILA,1
SANASAR SABONETE 60G - BENZOATO DE BENZILA,1
SANCOL 10MG C/30 COMP REV,1
SANCOL 20MG C/30 COMP REV,1
SANDRENA 05% 28SACHES,1
SANILIN SPRAY 50ML,1
SANILIN SPRAY MEL E LIMAO 50ML,1
SANPROST 320MG C/30 CAPS-OUTROS,1
SANY D 10.000UI C/4 COMP REV-OUTROS,1
SANY D 14.000UI C 4 COMP,1
SANY D 200UI GT MACA VERDE 10ML,1
SANY D 200UI GT MACA VERDE 20ML,1
SANY D 4.000 UI C 30 COMP,1
SANY D 5.000UI C 30 COMP REV,1
SANY D 50.000UI C 8 COMP REV,1
SANY D 7000 UI 30 CAPS T ACHE .,1
SANY D CAL 2.000 UI C/30 CPS,1
SANY D CAPS 2.000UI C/30 CAPS,1
SANY D CAPS 5.000UI C 30CAPS GEL,1
SARCOPEN C/30 SACHES,1
SARCOPLEX C 30 SACHES 21G,1
SARCOPORE TANGERINA C/30 SACHE,1
SAXENDA 6MG ML C 3,1
SAZON CARNE 60G,1
SAb. PALMOLIVE NATURAL SEGR SEDUT TURMALINA 1X85GR,1
SCAFLOGIN 100MG CX 12 COMP,1
SCAFLOGIN GOTAS 15ML - NIMESULIDA,1
SCALID 100MG 12CPR,1
SCALP 21 VERDE,1
SCODS TRADICIONAL 200ML,1
SCODS TRADICIONAL 400ML,1
SCOTT LARANJA 400ML-DEMAIS PROD,1
SCOTT MORANGO 200ML-DEMAIS PROD,1
SCOTT TRAD 400ML-DEMAIS PROD,1
SEAKALM 260MG 20CPR,1
SEAKALM 600MG C/20CPR,1
SEALER MAKE MORE + RP INTENSE FIX 150ML,1
SEBIUM GEL MOUSSANT 100ML,1
SEBO DE CARNEIRO 240G,1
SEBO NAS CANELAS GEL PARA MASSAGEM 150G MULTYERVAS,1
SEC.ESM.CARE LISS SPRAY 400ML,1
SECA BARRIGA DETOX CHA VERDE 120CPS,1
SECA BARRIGA DETOX GOJIBERRY 120CPS,1
SECADOR GAMA ELEGANZA PLUS CERAMIC ION 220V,1
SECADOR GAMA ELEGANZA PLUS CERAMIC ION REF 2100W 220V,1
SECANTE AEROSOL IMPALA P/ ESMALTE 1X400ML,1
SECANTE ESMALTE ASPA AEROSOL 1X400ML,1
SECANTE ESMALTE NUAGE AEROSOL 1X400ML,1
SECNIDAZOL 1000MG 2CPR,1
SECNIDAZOL 1000MG 2CPR PHARLAB.,1
SECNIDAZOL 1000MG C/2 COMP GLOBO,1
SECNIDAZOL GEN 1000MG 4CPR/BRASTERAPICA,1
SECNIHEXAL 1000MG 2CPR (SECNIDAZOL),1
SECNIHEXAL 1000MG 4CPR (SECNIDAZOL),1
SEDA BOOM CREME DE HIDRATAÇÃO PARA PENTEAR 1KG,1
SEDA COND COLAGENO VIT C 250ML,1
SEDA COND TOQUE DE SEDA 250ML,1
SEDA SERUM TOQUE SEDA 100ML,1
SEDA SH TOQUE DE SEDA 300ML,1
SEDAMED COMP CARTELA C/4,1
SEDATIF PC,1
SEDATIF PC 60CPR,1
SEDOL 20DRG (DIPIRONA+CAFEINA+ISOMETEP),1
SEIVA HASKELL MURUMURU,1
SEIVA HASKELL MURUMURU 35 ML,1
SEIZLA 50MG C/30 CPR,1
SEKI XPE 120ML,1
SELAGEM ORIGEM KIT CABELOS CASTANHOS 1X1,1
SELANTE DE PONTAS CAVALO FORTE 35ML|,1
SELANTE PU 40 CINZA 380G,1
SELENE 21DRG,1
SELENE C/63 COMP,1
SELOZOK 100MG 30CPR,1
SELOZOK 100MG 60CPR,1
SELOZOK 25MG 30CPR,1
SELOZOK 25MG 60CPR,1
SELOZOK 50MG 30CPR,1
SELOZOK 50MG 60CPR,1
SELOZOK FIX 5+50MG 30CPR,1
SENARETI 250G,1
SENE CAPSULAS C/60 CPS FOLHAS E RAIZES,1
SENES 10MG C/ 30 CAPS,1
SENES 5MG 30 CPR,1
SENSIBIO AR 40ML,1
SENSIFEMI POM 30G,1
SENSILACRI 3MG+1MG 15ML,1
SENSILATTE 9.000FCC 30 CPR,1
SEPTAM BD 875+125MG C/14 CPR,1
SEPURIN 120 20 MG C 20 DRAGEAS,1
SER BD INSUL FINE 8MM 50U C 100,1
SERENATA 100 MG C/30 CPR,1
SERENATA 100MG C/60 CPR,1
SERENATA 50 MG C/ 60 CPR,1
SERENATA 50MG C/ 30CPR,1
SERETIDE DISKUS 50/100MCG 60DOSES (PBM - PORTAL DROGARIA),1
SERETIDE DISKUS 50250MCG 60DOSES (FUNCIONAL CARD),1
SERETIDE DISKUS 50500MCG 60DOSES (PBM - PORTAL DROGARIA),1
SERETIDE SPRAY 25125MCG 120DOSES (PBM - PORTAL DROGARIA),1
SERETIDE SPRAY 25250MC 120DOSES L1,1
SERETIDE SPRAY 2550MCG 120DOSES,1
SERINGA 10ML C/AGUHA DESCARPACK,1
SERINGA 1ML INSULINA - 1 UNIDADE,1
SERINGA 3ML AG 25X7,1
SERINGA 3ML BD C/AGULHA,1
SERINGA 3ML C/AG 30MM SLIP HC444 MULTIL,1
SERINGA 5 ML BD PLASTIPAK 1UN,1
SERINGA 5ML C/AGULHA 25X07 SR,1
SERINGA 5ML DESCARPACK,1
SERINGA 60ML S/AG LUER LOCK (DPK),1
SERINGA 60ML S/AG LUER SLIP,1
SERINGA BD 20ML SA,1
SERINGA BD 5ML SEM AGULHA,1
SERINGA BD UF 10X1 INSULINA 1ML 8X3,1
SERINGA DESC 60ML S/AG BICO CATETER,1
SERINGA DESC 60ML SAG SLIP,1
SERINGA DESC C/AGULHA 3ML ENC 25X7 (DESC,1
SERINGA DESC. 20ML C/AG C/50,1
SERINGA DESC. 20ML C/AG. 25X7,1
SERINGA DESCARTAVEL 20ML DESCARPACK,1
SERINGA INSULINA 1ML 100 UI 8X030 UNIT,1
SERINGA LAVAGEM NASAL F LOLLY,1
SERINGA LAVAGEM NASAL KIT 10ML BATMAM,1
SERINGA NOSEWASH 10ML - TARTARUGA - AGPMED,1
SERINGA PARA LAVAGEM NASAL INFANTIL 10 ML 0+MESES,1
SERINGA PLASTIPAK BD LL 3ML C/AGULHA,1
SERINGA PLASTIPAK BD LL 5ML C/AGULHA,1
SERINGA UF 10X10 INSULINA 1ML 6X025,1
SERINGA10ML S/AG LOCK HC453 ROSCA MULTI,1
SERUM + ACIDOS HIALURONICOS + VIT B5 PRINCIPIA SKINCAR,1
SERUM + CAFEINA + TRANEXAMICO + FER 30ML PRINCIPIA,1
SERUM 10% ACIDO LATICO + 5% ACIDO KOJIKO PRINCIPIA SKINCARE,1
SERUM 10% ACIDO MANDELICO + ALFA-ARBUTIN PRINCIPIA SKINCARE,1
SERUM 10% NIACINAMIDA + ZINCO PCA PRINCIPIA SKINCARE NC-10 C,1
SERUM 10% PEPTIDEOS MATRYXIL PRINCIPIA SKINCARE PM-10 - ANTI,1
SERUM 2% ALFA-ARBUTIN + 10% GLUCONOLACTONE PRINCIPIA SKINCAR,1
SERUM ANTAGING EFEITO LIFT 30ML DER 718,1
SERUM ANTIACNE GARNIER 15ML,1
SERUM ANTIACNE ON+OFF HB-419,1
SERUM BIORETINOL 30 ML,1
SERUM BOOSTER GARNIER UNIF E MATTE VIT C 1X15ML,1
SERUM CAPILAR ELSEVE LISO DOS SONHOS LEAV-IN 1X100ML,1
SERUM CAPILAR ELSEVE LISO DOS SONHOS LEAVE-IN 100ML,1
SERUM CAPILAR EUDORA SIAGE DERMOHAIR ANTICASPA 1X48ML,1
SERUM CAPILAR OX MARI MARIA 1X110ML,1
SERUM CAPILAR TRESEMME BLINDAGEM ANTIFRIZZ 1X170ML,1
SERUM CAPILAR TRESEMME BRILHO LAMELAR 1X170ML,1
SERUM CICAPLAST REPARAD B5 30ML,1
SERUM DO PODER HASKELL SE CURVE 60 ML,1
SERUM DOVE CORP NIACINAMID 180ML,1
SERUM DOVE CORP NIACINAMIDA 380M,1
SERUM DOVE CORP PRO RETIN 380ML,1
SERUM DOVE CORP PRO RETINO 180ML,1
SERUM DOVE CORPO PRO CERAM 180ML,1
SERUM DOVE CORPO PRO CERAM 380ML,1
SERUM EFEITO SECATIVO 30ML DER 724,1
SERUM FAC REVIEW CARE ROSA MOSQUE 10ML,1
SERUM FACIAL 10 EM 1 VITAMINA C 30ML,1
SERUM FACIAL ROSA SELVAGEM LIFTING 30ML,1
SERUM FINALIZADOR GRISALHOS 55ML,1
SERUM HASKELL HIDRA CAVALO FORTE 100 ML,1
SERUM HASKELL HIDRANUTRE 35ML,1
SERUM HASKELL LAMELAR 100 GR,1
SERUM HASKELL QUINA ROSA 35ML|,1
SERUM LABOTRAT CLAR/INIB PELOS DS 30ML,1
SERUM LABOTRAT CLAREA VIRILHA/AXILA 30ML,1
SERUM MAKE MORE 100% HEMIESQUALANO,1
SERUM NIACINAMIDA 30ML PRINCIPIA,1
SERUM PURE VITAMIN C10 15ML,1
SERUM PURE VITAMIN C10 30ML,1
SERUM RETINOL 30ML PRINCIPIA SKINCARE,1
SERUM VITAMINA C 10% + ACIDO FERULICO PRINCIPIA SKINCARE VC-,1
SEXTOOO COLINAVITAM B6B12 15X4 BLISTER,1
SFRAG CR CLARE AXIL VIRI COX BUM 60 0284 UN-0001-UN,1
SH 400ML+COND DOVE COM 200ML,1
SH A SECO ABOVE CANDY 1X150ML,1
SH A SECO ABOVE FRESH 1X150ML,1
SH ACORDA CACHOS ARIBA 300ML (CHIKAS),1
SH BIOEXT ANTICASPA 250ML,1
SH BIOEXT BLOND BIOREFLEX 250G,1
SH BIOEXT CACHOS E CRESPOS 250ML,1
SH BIOEXT CEVADA 3 EM 1 250ML,1
SH BIOEXT JABORANDI ALECRIM 500ML,1
SH BIOEXT MAIS LISO 350ML,1
SH BIOEXT MEL 250ML,1
SH BIOEXT TUTANO CERAM 250ML,1
SH BIOEXT TUTANO CERAM 500ML,1
SH BIOEXT UMECT. OLEO DE COCO 250ML,1
SH BLOND 320ML TERRANATIVA COSMETICOS,1
SH CACHOS 250ML,1
SH CACHOS 320ML TERRANATIVA COSMETICOS,1
SH CACHOS 500ML,1
SH CACHOS E CRESPOS 500ML,1
SH CAMOMILA 250ML,1
SH CLEAR CONTROLE COCEI 400ML,1
SH CLEAR CONTROLE DA COCEIRA 200ML,1
SH CLEAR COOL MENTHOL 200ML,1
SH CLEAR DETOX 200ML,1
SH CLEAR LIMPEZA DIARIA 2 EM 1 400ML,1
SH CLEAR LIMPEZA PROF 200ML,1
SH CLEAR M ANTC LIMPEZ PROF400ML,1
SH CLEAR MAXIMUM 400ML,1
SH CLEAR MEN 2EM1 LIMP DIARIA L400P330ML UNILE,1
SH CLEAR MEN HIDRAT CAMPEA 400ML,1
SH CLEAR QUEDA CONTROL MEN 400ML,1
SH CRESC CAPILAR 300ML CAPHAIR,1
SH CRESCE E APARECE CABELON 300ML (CHIKAS),1
SH CRESPO PODEROSO 300 ML - CHIKAS,1
SH CRESPOS 250ML,1
SH CRESPOS 500ML,1
SH CRESPOS E RESSECADOS 320ML TERRANATIV,1
SH DELETA DANOS ADIOS 300ML (CHIKAS),1
SH DERCOS ANTICASPA OLEOSOS 125G,1
SH DERCOS ENERG REFIL 200ML,1
SH DERCOS KERA SOLUTIONS 300ML,1
SH DESLIZA LISO MUY LISO 300ML (CHIKAS),1
SH DESMAIA CABELO 300ML (CHIKAS),1
SH DETOX 320ML TERRANATIVA COSMETICOS,1
SH DIMENSION 2X1 OLEOSO 200ML,1
SH ELS HIALURONICO PURE 200ML,1
SH ELS HIALURONICO PURE 400ML,1
SH ELSEVE CACHOS PREENCHED 400ML,1
SH ELSEVE COLORVIVE 200ML,1
SH ELSEVE HYDRA DETOX CASP 400ML-DEMAIS PROD,1
SH ELSEVE LISO SONHOS 2025 200ML-DEMAIS PROD,1
SH ELSEVE LONGO DOS SONHOS 400ML-OUTROS,1
SH ELSEVE OLEO EXT NUT SH 200ML,1
SH ELSEVE RT5 EXTRA PROF 200ML,1
SH ELSEVE RT5 EXTRA PROF 400ML,1
SH ELSEVE RT5+ 400ML-,1
SH EQUILIBRIO 250 ML,1
SH FORCA PIMENTA 1L VALVULA,1
SH FORCA PIMENTA 350 ML,1
SH GIBY & GABY 200ML 1X200ML,1
SH GRANADO BEBE 250ML,1
SH GRANADO BEBE 250ML LAVANDA,1
SH GRANADO BEBE CAMOMILA 250ML,1
SH GRISALHOS 250ML,1
SH HASKELL ACIDIFICANTE 300GR,1
SH HASKELL ANTICASPA PRA ELE 250ML,1
SH HASKELL BANANEIRA 500 ML,1
SH HASKELL BENDITO LOIRO 300 ML|,1
SH HASKELL BENDITO LOIRO 500 ML|,1
SH HASKELL BENDITO SEJA 300 ML,1
SH HASKELL BENDITO SEJA 500 ML,1
SH HASKELL CABELO E BARBA PRA ELE 250ML,1
SH HASKELL CACHOS SIM 300 ML,1
SH HASKELL CACHOS SIM 500 ML,1
SH HASKELL CAVALO FORTE 1LT,1
SH HASKELL CAVALO FORTE C/ TAMPA 1LT,1
SH HASKELL CBA AMAZONICO 300 ML,1
SH HASKELL CBA AMAZONICO 500 ML,1
SH HASKELL DETOX THERAPY 200 ML,1
SH HASKELL ENCORPA CABELO 300 ML,1
SH HASKELL ENCORPA CABELO 500 ML,1
SH HASKELL EQUILIBRA 300 ML,1
SH HASKELL HIDRA CAVALO FORTE 300 ML,1
SH HASKELL HIDRA CAVALO FORTE 500 ML,1
SH HASKELL HIDRANUTRE 300 ML,1
SH HASKELL HIDRANUTRE 500 ML,1
SH HASKELL INFUSAO DE OLEOS 300 ML,1
SH HASKELL INFUSAO DE OLEOS 500 ML,1
SH HASKELL JABORANDI 500 ML,1
SH HASKELL LAMELAR 300 GR,1
SH HASKELL MANDIOCA 1 LT,1
SH HASKELL MANDIOCA AFRO 500 ML,1
SH HASKELL MATCHA ANTIRRESIDUOS 300 ML|,1
SH HASKELL MATCHA E ALECRIM 300 ML,1
SH HASKELL MATIZA MAIS VIOLETA 300 ML,1
SH HASKELL MATIZADOR ROXO 300 ML,1
SH HASKELL OLEO DE ARGAN 500 ML,1
SH HASKELL ORA PRO NOBIS 300ML,1
SH HASKELL ORA PRO NOBIS 500ML|,1
SH HASKELL QUERATINA 500 ML,1
SH HASKELL RESGAT TOTAL 500 ML,1
SH HASKELL SE CURVE 500 ML,1
SH HASKELL TUTANO 500 ML,1
SH HEARD SHOULDERS ANT COCEIRA 200ML,1
SH HIDRATA CABELO 300 ML - CHIKAS,1
SH J&J BABY 180ML REFIL,1
SH J&J BABY BLACKINH PODER 400ML,1
SH J&J BABY CACH 200ML,1
SH J&J BABY CAMOMILA CAB CLAROS 200ML,1
SH J&J BABY CAMOMILA CAB CLAROS 400ML,1
SH J&J BABY CHE PROL 180ML REFIL,1
SH J&J BABY CHEIRO PROLONGADO 200ML,1
SH J&J BABY REG GOLD 200ML,1
SH J&J BABY REG GOLD 400ML,1
SH JABORANDI ALECRIM QUILAIA 1 LT VALVUL,1
SH JJ BABY 750ML,1
SH JOHNSONS BABY 200ML,1
SH KIDS 2 X 1 240ML,1
SH KIDS CACHEADO 240ML,1
SH KIDS LISO 240ML,1
SH LISO 320ML TERRANATIVA COSMETICOS,1
SH LIVRE LEVE E SOLTO 300 ML - CHIKAS,1
SH LOLA DANOS VORAZES 250ML,1
SH LOLA ELA E CARIOCA 500ML,1
SH LOLA XAPADINHA ANTIQUEBRA 250ML,1
SH MAIS HIDRA 350 ML,1
SH MAIS NUTRICAO 350ML,1
SH MATIZA LOIRO 300 ML - CHIKAS,1
SH MEL 500ML,1
SH MEU UNI NUTRIEX 250ML,1
SH MUSTELA BEBE RECEM NASCIDO 150ML,1
SH NEUTRO PROTEINAS DO LEITE 1 LT VALV,1
SH NIELY G300ML+COND200ML NUTRIC,1
SH NUTRICAO 320ML TERRANATIVA COSMET,1
SH OH MY ERA A FORÇA QUE ME FLTAVA 500ML,1
SH OH MY VEM DE GLICOLICO 300ML,1
SH PAMPERS GLICERINA 200ML,1
SH PANTENE LISO EXTREMO 400ML,1
SH PANTENE QUERATINA 510ML SN,1
SH PANTENE RESTAURAC PROF 400ML,1
SH POS QUIMICA 1 LT,1
SH POS QUIMICA 250 ML,1
SH POS QUIMICA 320ML TERRANATIVA COSMET,1
SH POS QUIMICA 500ML,1
SH QUERAVIT HIDRATANTE 500 ML,1
SH SALON LINE SOS CACHOS MEL 300ML/SAL,1
SH SALON LINE SOS CACHOS OLEO DE MANGA 300ML/SAL,1
SH SECO CHARMING ALTA PERFORMANCE 150ML,1
SH SEDA BOMBA DE NUTRI 325ML,1
SH SEDA BOOM HIDRATACAO 250ML,1
SH SEDA BOOM LIBERADO 325ML,1
SH SEDA COLAGENO VITAMINA 300ML,1
SH SEDA HIDRA DIAR ANT CAS 325ML,1
SH SEDA KERAFORCE ORIG 325ML,1
SH SEDA OLEO HIDRATACAO 325ML,1
SH SEDA PRETOS LUMINOSOS 325ML,1
SH SEDA SOS CERAMIDAS 325ML,1
SH SEDA SOS RESTAUR INST 325ML,1
SH SHITAKE PLUS 1 LITRO VALVULA,1
SH SIAGE LIS INT 250ML,1
SH TIO NACHO ANTIGRISALHO 415ML,1
SH TIO NACHO CLAREADOR 415ML,1
SH TIO NACHO ENGROSSADOR 415 ML,1
SH TIO NACHO ERVAS MILEN 415 ML,1
SH TIO NACHO GINSENG 415ML,1
SH TURMA MONICA SUAVE CABELOS DELICADOS 200ML/PAN,1
SH UMECTANTE OLEO COCO 500ML,1
SH ZETAR ANTICASPA PROFUSE 200ML,1
SH+COND PANTENE LISO EXTREM0 175ML,1
SH+COND PANTENE RESTAURAC 175ML,1
SH+COND SEDA SOS CERAMIDAS 325ML,1
SH. DOVE BABY CAB. CACHEADO,1
SH.GRIFFUS GEORGE/PEPPA CAB E CORPO,1
SH.GRIFFUS PEPPA S/EMBARACO,1
SH.SEDA CRESCIM.SAUD.325ML,1
SH.SEDA HIDRAT.ANTI NOS 325ML,1
SHA CLEAR QUEDA CONTROL MEN 1X200ML,1
SHA DOVE CONTROLE DE QUEDA 200ML,1
SHA DOVE HIDRATACAO INTENSA OXIGENIO 1X400ML,1
SHA DOVE RECONSTRUCAO COMPLETA 400ML 1X400ML,1
SHA HASKELL ALECRIM 300 ML,1
SHA HASKELL AMETISTA 300 ML,1
SHA HASKELL ARGAN 300 ML,1
SHA HASKELL BANANEIRA 300 ML,1
SHA HASKELL JABORANDI 300 ML,1
SHA HASKELL MANDIOCA AFRO 300 ML,1
SHA HASKELL MATIZADOR VERMELHO 300ML,1
SHA HASKELL POS PROGRESSIVA 300 ML,1
SHA HASKELL QUERATINA 300 ML,1
SHA HASKELL QUINA ROSA 300 ML,1
SHA HASKELL RESGAT TOTAL 300 ML,1
SHA HASKELL S.O.S VERAO 300ML,1
SHA HASKELL TUTANO 300 ML,1
SHA HEAD&AMP;SHOULDERS MENTHOL 200ML 1X200ML,1
SHA SEDA BABOSA + OLEOS 1X325ML,1
SHA SEDA BOMBA DE ARGAN 1X325ML,1
SHA SEDA FORCA ANTIQUEBRA 1X325ML,1
SHA SEDA LISO PERFEITO 325ML,1
SHA SEDA PUREZA REFRESCANTE 1X325ML,1
SHA TRA LA LA KIDS NUTRIKIDS 1X480ML,1
SHAM ANTICASPA HEADESHOU BIG PREVEN QUEDA 1X400ML,1
SHAM ELSEVE 200ML PURE HIALURO,1
SHAM GRANADO BEBE LAVANDA 250ML,1
SHAM HASKELL LISO COM FORÇA 500ML,1
SHAM HASKELL MURUMURU 300ML,1
SHAM HASKELL QUINA ROSA 500ML,1
SHAMP HASKELL LISO COM FORCA 300 ML,1
SHAMP SEDA,1
SHAMP TURMA MONICA CAMOMI CABELOS CLAROS 200ML,1
SHAMPO BARUEL CONTEM 400ML ( SUAVE E CRESPO ),1
SHAMPO EUDORA SIAGE ANTIOLEOSIDADE MICELAR 1X250ML,1
SHAMPOO 2 EM 1 480 ML TRALALA,1
SHAMPOO A SECO ABOVE COCONUT 1X150ML,1
SHAMPOO A SECO ABOVE NEUTRAL 1X150ML,1
SHAMPOO ABOVE FRESH HIDRATACAO 3 EM 1 1X325ML,1
SHAMPOO ANTICASPA 13% TENSOATIVOS + 2% ACIDO SALICILICO + 1%,1
SHAMPOO ANTICASPA ABOVE MEN 4 EM 1 1X325ML,1
SHAMPOO ANTICASPA CLEAR ANTICOCEIRA 1X200ML,1
SHAMPOO ANTICASPA CLEAR BIG ANTICOCEIRA 1X400ML,1
SHAMPOO ANTICASPA CLEAR MEN CABELO E BARBA 1X200ML,1
SHAMPOO ANTICASPA CLEAR MEN HIDRATACAO CAMPEA 1X200ML,1
SHAMPOO ANTICASPA CLEAR MEN ICE COOL MENTHOL PROM 1X200ML,1
SHAMPOO ANTICASPA HEADESH MEN OLD SPICE 1X200ML,1
SHAMPOO ANTICASPA HEADESHO BIG HIDRATACAO 1X400ML,1
SHAMPOO ANTICASPA HEADESHOUL BIG MEN OLD SPICE 1X400ML,1
SHAMPOO ANTICASPA HEADESHOULDERS BIG 3X1 1X400ML,1
SHAMPOO ANTICASPA HEADESHOULDERS BIG ANTI COCEIRA 1X400ML,1
SHAMPOO ANTICASPA HEADESHOULDERS BIG CRESCIMENTO RAIZ 1X400M,1
SHAMPOO ANTICASPA HEADESHOULDERS BIG LIMPEZA EFICAZ 1X400ML,1
SHAMPOO ANTICASPA HEADESHOULDERS BIG MENTHOL 1X400ML,1
SHAMPOO ANTICASPA HEADESHOULDERS LIMPEZA EFICAZ 1X200ML,1
SHAMPOO ANTICASPA OX MEN 1X200ML,1
SHAMPOO ANTIQUEDA 2% NIACINAMIDA + 1% CAFEINA PRINCIPIA SKIN,1
SHAMPOO ANTIQUEDA CLEAR FEMININO DERMA SOLUTIONS 1X300ML,1
SHAMPOO ANTIQUEDA CLEAR MEN DERMA SOLUTIONS 1X300ML,1
SHAMPOO ANTIQUEDA OX MEN 1X200ML,1
SHAMPOO BOZZANO BARBA E CABELO 1X200ML,1
SHAMPOO BOZZANO BIG ANTICASPA 3X1 MENTHOL 1X325ML,1
SHAMPOO BOZZANO BIG ANTIQUEDA 3X1 CAFEINA 1X325ML,1
SHAMPOO BOZZANO BIG CACHOS 3X1 OLEO DE COCO 1X325ML,1
SHAMPOO BRILLIANCE,1
SHAMPOO CAPICILIN ANTIQUEDA 250ML,1
SHAMPOO DARLING DETOX 1X350ML,1
SHAMPOO DOVE BIG BOND INTENSE REPAIR + PEPITIDEO 1X350ML,1
SHAMPOO DOVE BIG HIDRA-LISO 1X400ML,1
SHAMPOO DOVE BIG TEXTURAS REAIS CACHEADOS 1X400ML,1
SHAMPOO DOVE BIG TEXTURAS REAIS CRESPOS 1X355ML,1
SHAMPOO DOVE PODER DAS PLANTAS FORCA BAMBU 300ML,1
SHAMPOO DOVE PODER DAS PLANTAS NUTRICAO GERANIO 1X300ML,1
SHAMPOO DOVE PODER DAS PLANTAS PURIFICACAO GENGIBRE 300ML,1
SHAMPOO DOVE TEXTURAS REAIS CACHEADOS 1X200ML,1
SHAMPOO ELSEVE 200ML PURE HIALURO,1
SHAMPOO ELSEVE BIG GLYCOLIC GLOSS 1X400ML,1
SHAMPOO ELSEVE BIG HIDRA HIALURONICO 1X400ML,1
SHAMPOO ELSEVE BIG LISO DOS SONHOS 400ML,1
SHAMPOO ELSEVE BIG LISO DOS SONHOS AHA+QUERATINA 1X400ML,1
SHAMPOO ELSEVE GLYCOLIC GLOSS 200ML,1
SHAMPOO ELSEVE LONGO DOS SONHOS 1X200ML,1
SHAMPOO ELSEVE MICELAR PURE HIALURONICO 1X300ML,1
SHAMPOO ELSEVE REPARACAO TOTAL 5 PRE SHAMPOO 1X400ML,1
SHAMPOO EUDORA INSTANCE ABACATE E OLIVA 1X300ML,1
SHAMPOO EUDORA SIAGE A SECO 1X150ML,1
SHAMPOO EUDORA SIAGE ACELERA O CRESCIMENTO 1X250ML,1
SHAMPOO EUDORA SIAGE CAUTERIZACAO DOS FIOS 1X250ML,1
SHAMPOO EUDORA SIAGE CAUTERIZACAO DOS LISOS 1X250ML,1
SHAMPOO EUDORA SIAGE CICA-THERAPY 1X250ML,1
SHAMPOO EUDORA SIAGE COMBATE O FRIZZ 1X250ML,1
SHAMPOO EUDORA SIAGE DERMOHAIR ANTICASPA 1X300ML,1
SHAMPOO EUDORA SIAGE DERMOHAIR ANTIQUEDA 1X300ML,1
SHAMPOO EUDORA SIAGE EXPERT REGENERA POS QUIMICA 1X250ML,1
SHAMPOO EUDORA SIAGE EXPERT REGENERACAO POS QUIMICA 1X250ML,1
SHAMPOO EUDORA SIAGE GLOW EXPERT 1X250ML,1
SHAMPOO EUDORA SIAGE HAIR PLASTIA 1X250ML,1
SHAMPOO EUDORA SIAGE HIDRATACAO MICELAR 1X250ML,1
SHAMPOO EUDORA SIAGE LISO INTENSO 1X250ML,1
SHAMPOO EUDORA SIAGE LOIRO EXPERT DESAMARELADOR 1X250ML,1
SHAMPOO EUDORA SIAGE MEN COMBATE A CASPA 1X250ML,1
SHAMPOO EUDORA SIAGE MEN ESTIMULA O CRESCIMENTO 1X250ML,1
SHAMPOO EUDORA SIAGE MEN LIMPEZA PURIFICANTE 1X250ML,1
SHAMPOO EUDORA SIAGE NUTRI DIAMOND 1X250ML,1
SHAMPOO EUDORA SIAGE NUTRI OURO 1X250ML,1
SHAMPOO EUDORA SIAGE NUTRI ROSE 1X1L,1
SHAMPOO EUDORA SIAGE NUTRI ROSE 1X250ML,1
SHAMPOO EUDORA SIAGE NUTRI ROSE 1X400ML,1
SHAMPOO EUDORA SIAGE OLEOS PODEROSOS 1X250ML,1
SHAMPOO EUDORA SIAGE PRO CRONOLOGY 1X250ML,1
SHAMPOO EUDORA SIAGE RECONSTROI OS FIOS 1X250ML,1
SHAMPOO EUDORA SIAGE REGENERACAO POS QUIMICA 1X1L,1
SHAMPOO EUDORA SIAGE RESGATE IMEDIATO 1X250ML,1
SHAMPOO EUDORA SIAGE RESTAURACAO ROSE 1X250ML,1
SHAMPOO EUDORA SIAGE REVELA OS CACHOS 1X250ML,1
SHAMPOO FOREVER LISS ALHO 1X300ML,1
SHAMPOO FOREVER LISS CAUTERIZACAO CAPILAR 1X300ML,1
SHAMPOO FOREVER LISS DE BABOSA 1X300ML,1
SHAMPOO FOREVER LISS OLIVE OIL 1X300ML,1
SHAMPOO FOREVER LISS PRO MATIZ SILVER 1X300ML,1
SHAMPOO GOTA DOURADA HIALURONICO 1X300ML,1
SHAMPOO HASKELL MURUMURU 500ML,1
SHAMPOO HASKELL POS PROGRESSIVA 500 ML,1
SHAMPOO INFANTIL ACQUA KIDS 2 EM 1 MARSHMALLOW 1X250ML,1
SHAMPOO INFANTIL ACQUA KIDS 2 EM 1 MILK SHAKE 1X250ML,1
SHAMPOO INFANTIL ACQUA KIDS MARSHMALLOW 1X250ML,1
SHAMPOO INFANTIL BARUEL BABY CABELOS CACHEADOS 1X210ML,1
SHAMPOO INFANTIL BARUEL BABY CABELOS CRESPOS 1X400ML,1
SHAMPOO INFANTIL BARUEL BABY REFIL GLICERINA SUAVE 1X210ML,1
SHAMPOO INFANTIL BARUEL BABY SONO TRANQUILO 1X400ML,1
SHAMPOO INFANTIL BARUEL BABY SUAVE 1X400ML,1
SHAMPOO INFANTIL BARUEL BABY SUAVE 1X750ML,1
SHAMPOO INFANTIL BARUEL BABY SUAVE L400 P320 PROM 1X400ML,1
SHAMPOO INFANTIL BEBE NATUREZA SUAVE 1X230ML,1
SHAMPOO INFANTIL BEBE VIDA 1X200ML,1
SHAMPOO INFANTIL CHEIRINHO BEBE AZUL 1X210ML,1
SHAMPOO INFANTIL CHEIRINHO BEBE ROSA 1X210ML,1
SHAMPOO INFANTIL DERMACREAM BABY LOVE & CARE 1X250ML,1
SHAMPOO INFANTIL DERMACREAM BABY LOVE & CARE LAVANDA 1X250ML,1
SHAMPOO INFANTIL EUDORA BABY 1X200ML,1
SHAMPOO INFANTIL EUDORA KIDS BRILHO DAS ESTRELAS 1X200ML,1
SHAMPOO INFANTIL GRANADO BEBE ERVA DOCE 1X250ML,1
SHAMPOO INFANTIL HUGGIES KIDS BRILHO MAGICO 1X360ML,1
SHAMPOO INFANTIL HUGGIES KIDS CACHINHOS PODEROSOS 1X360ML,1
SHAMPOO INFANTIL HUGGIES KIDS HULK NUTRICAO E FORCA 1X360ML,1
SHAMPOO INFANTIL HUGGIES KIDS NUTRICAO E FORCA 1X360ML,1
SHAMPOO INFANTIL HUGGIES SUAVE BABY L400 P350ML 1X400ML,1
SHAMPOO INFANTIL JOHNSONS BABY BLACKINHO PODEROSO 1X200ML,1
SHAMPOO INFANTIL JOHNSONS BABY CABELOS CLAROS 1X750ML,1
SHAMPOO INFANTIL JOHNSONS BABY REGULAR 1X750ML,1
SHAMPOO INFANTIL KOLENE CACHINHOS 1X300ML,1
SHAMPOO INFANTIL PALMOLIVE KIDS TROLLS 3 1X350ML,1
SHAMPOO INFANTIL PAMPERS GLICERINA 1X200ML,1
SHAMPOO INFANTIL PAMPERS GLICERINA 1X400ML,1
SHAMPOO INFANTIL PAMPERS GLICERINA REFIL 1X350ML,1
SHAMPOO INFANTIL POM POM CAMOMILA 1X200ML,1
SHAMPOO INFANTIL POM POM SUAVE 1X200ML,1
SHAMPOO INFANTIL SALON LINE DEFINIÇÃO 300ML,1
SHAMPOO INFANTIL SALON LINE SOS CACHOS KIDS 1X300ML,1
SHAMPOO INFANTIL SEDA FROZEN BRILHO ENCANTADO 300ML,1
SHAMPOO INFANTIL SEDA TIANA CRESPOS ENCANTADOS 300ML,1
SHAMPOO INFANTIL SKALINHA GLICERINADO CAMOMILA 1X200ML,1
SHAMPOO INFANTIL SKALINHA GLICERINADO SALVIA 1X200ML,1
SHAMPOO NIELYEGOLD DETOX 1X275ML,1
SHAMPOO NIRAJ DESMARELADOR CINZA 1X200ML,1
SHAMPOO OX GLICOLICO 1X240ML,1
SHAMPOO OX MARI MARIA 1X240ML,1
SHAMPOO OX MARI MARIA PUMP 1X500ML,1
SHAMPOO PAMPERS GLICERINA 350ML REFIL,1
SHAMPOO PANTENE BIG BIOTINAMINA B3 300ML,1
SHAMPOO PANTENE BIG COLAGENO 1X510ML,1
SHAMPOO PANTENE BIG EQUILIBRIO RAIZ E PONTAS 1X510ML,1
SHAMPOO PANTENE COLAGENO 1X175ML,1
SHAMPOO PANTENE COLAGENO 1X300ML,1
SHAMPOO PANTENE EQUILIBRIO RAIZ E PONTAS 1X175ML,1
SHAMPOO PANTENE EQUILIBRIO RAIZ E PONTAS 1X300ML,1
SHAMPOO PANTENE QUERATINA PREENCHE E BLINDA 1X175ML,1
SHAMPOO PANTENE QUERATINA PREENCHE E BLINDA 1X300ML,1
SHAMPOO S.LINE SOS DEFINICAO KIDS 300 ML UN QTD. 6.00 UN,1
SHAMPOO SALON LINE MEU LISO ESCUDO ANTIPOROSIDADE 1X300ML,1
SHAMPOO SALON LINE MEU LISO MATIZADOR ANTICOBRE 1X300ML,1
SHAMPOO SALON LINE MEU LISO MATIZADOR PRETO 1X300ML,1
SHAMPOO SALON LINE SOS BOMBA FORCA E ENGROSS 1X300ML,1
SHAMPOO SALON LINE SOS BOMBA ORIGINAL 1X500ML,1
SHAMPOO SALON LINE SOS CACHO ARGININA 1X300ML,1
SHAMPOO SALON LINE SOS CACHO AZEITE DE OLIVA 1X300ML,1
SHAMPOO SALON LINE SOS CACHOS COCO 1X300ML,1
SHAMPOO SALON LINE TODECACHO HIDRATACAO PREENC 1X250ML,1
SHAMPOO SALON LINE TODECACHO NUTRICAO REPOSITORA 1X250ML,1
SHAMPOO SALON LINE TODECACHO REPARACAO FORTAL 1X250ML,1
SHAMPOO SECO KARINA REVITALIZANTE 1X150ML,1
SHAMPOO SECO KARINA VOLUME & FRESCOR 1X150ML,1
SHAMPOO SEDA BOOM PRO CURVATURA HIDRATACAO 1X300ML,1
SHAMPOO SEDA GIGI GRIGIO ONDAS ANTIFRIZZ 1X325ML,1
SHAMPOO SEDA LUMINOUS UV GLYCOL 2% + VITA C 1X300ML,1
SHAMPOO SEDA NIINA SECRETS COLAGENO E VITAMINA C 1X325ML,1
SHAMPOO SEDA POS DANOS REPARACAO E NUTRICAO 1X325ML,1
SHAMPOO SEDA PREBIOTICOS + BIOTINA 1X325ML,1
SHAMPOO SKALA MELANCIA 1X325ML,1
SHAMPOO SKALA MORANGO 1X325ML,1
SHAMPOO SKALA UVA 1X325ML,1
SHAMPOO TIO NACHO BIG ANTIQUEDA PURIFICADOR 1X415ML,1
SHAMPOO TOK BOTHANICO BABOSA 1X500ML,1
SHAMPOO TOK BOTHANICO BROTO DE BAMBU 1X400ML,1
SHAMPOO TOK BOTHANICO CAMOMILA 1X500ML,1
SHAMPOO TOK BOTHANICO CERAMIDAS 1X400ML,1
SHAMPOO TOK BOTHANICO JABORANDI 1X400ML,1
SHAMPOO TOK BOTHANICO OLEO DE ARGAN 1X400ML,1
SHAMPOO TOK BOTHANICO QUIABO COM ABACATE 1X400ML,1
SHAMPOO TRESEMME BIG BRILHO LAMELAR 1X400ML,1
SHAMPOO TRESEMME BIG BRILHO LAMELAR 1X650ML,1
SIAGE BOOSTER MIRACLE HAIR PLASTIA,1
SIAGE BOOSTER MIRACLE HAIR PLASTIA ACID COLOR,1
SIBLIMA 6015MG 24CPR,1
SIBLIMA 6015MG 72CPR,1
SIBUS 10 MG C/ 30 CAPS,1
SIBUS 15 MG C/ 60 CPS,1
SIBUS 15MG C/30 CAPS,1
SIBUTRAMINA 15 MG C/ 30 CPS GERMED,1
SIBUTRAMINA 15MG 60CAPS BIOSINTETICA,1
SIFAO EXTENSIVEL UNIVERSAL BCO C/ 70CM,1
SIGMACLAV BD 875+125MG C/ 14 CPR,1
SIGMACLAV BD 875+125MG C/ 20CPR,1
SIGMATRIOL 025MCG C 90CAPS MOLE,1
SIILIF 100MG 30CPR,1
SILARYM 200MG C/60 CAP DURA,1
SILDENAFILA 100MG CX 4 COMP EMS,1
SILDENAFILA 25MG C/04 PRATI,1
SILDENAFILA 50 MG C/04 TEUTO,1
SILDENAFILA 50MG 4CPR EUROFARMA,1
SILDENAFILA 50MG 4CPR NEO QUIMICA L5,1
SILDENAFILA 50MG 4CPR SANDOZ,1
SILDENAFILA 50MG 8CPR SANDOZ,1
SILDENAFILA 50MG C/4CPRS GENERICO L4P3,1
SILDENAFILA 50MG CX 4 COMP REV NEO QUIMICA,1
SILDENAFILA 50MG CX 4 COMP REV NEO QUIMICA - LEVE 4 PAGUE 3,1
SILGLOS 10MG/G CREME 30 G,1
SILGLOS 10MG/G CREME 50G,1
SILICONE ANTI-FUNGO POLYSTIC 50G ZB021,1
SILICONE CONCENTRADO NIELYEGOLD EXTRA BRILHO REPARADOR 1X35M,1
SILIMA-FIG 200MG C/60CPS FORTLIFE,1
SILIMALON 100MG C/30 DRAGEAS-OUTROS,1
SILIMALON 70+100MG C/10 COMP,1
SILIMALON140 100+140MG C 30 COMP,1
SILIMALON140 100+140MG C/60 COMP,1
SILIMARINA 300MG C/30CPS FORTLIFE,1
SILIMARINA 60 CAPS 500 MG CARDO MARIANA,1
SILÍCIO ORGANICO VITAMINAS 100MG 60 CÁPSULAS,1
SIMBIOFLORA 15 SACHES 6GR,1
SIMBRINZA 8ML (PORTAL DROGARIA),1
SIMECO PLUS SUSP 240ML,1
SIMETICON 12CPS 125MG,1
SIMETICONA 125 MG 10 CAPS T BIOLA,1
SIMETICONA 125MG 10CAPS MDL,1
SIMETICONA 125MG 10CAPS MEDLEY,1
SIMETICONA 125MG 10CPS GELATINOSA TEUTO,1
SIMETICONA 125MG 10CPS MOLE MULTILAB,1
SIMETICONA 125MG 10CPS TEUTO,1
SIMETICONA 125MG C/10 CAPS BIOLAB,1
SIMETICONA 125MG C/10CAPS,1
SIMETICONA 125MG C/20 CAPS MEDLEY,1
SIMETICONA 125MG CAPS MOLE 1 BL X 10,1
SIMETICONA 125MG CX 10 CPS GEL BIOLAB,1
SIMETICONA 125MG CX 10 CPS GEL TEUTO - LEVE 4 PAGUE 3,1
SIMETICONA 40MG 20 CPR,1
SIMETICONA 40MG 20CPR GLOBO,1
SIMETICONA 40MG C/20 COMP,1
SIMETICONA 40MG C/20 COMP BIO,1
SIMETICONA 40MG C/20 CPR BELFAR (S),1
SIMETICONA 75 MGML EMU OR FR 15 ML,1
SIMETICONA 75MG 15 ML GTS MEDQUIMICA,1
SIMETICONA GOTAS 15 ML AIRELA,1
SIMETICONA GOTAS 15ML MULTILAB,1
SIMETICONA GTS 10ML BIOSINTETICO,1
SIMETICONA GTS 15 ML MEDLEY,1
SIMETICONA GTS 15ML BELFAR,1
SIMETICONA GTS 75MG/ML 15ML BIOSINTETICA,1
SIMPLI D 2000UI SOL SPRAY 20ML-DEMAIS PROD,1
SINCRO XR 25MG 30CPR,1
SINGULAIR 10MG C 30 COMP,1
SINISTER MASS CHOCOLATE C/COCO 3 KG REFIL,1
SINISTER MASS COKIES 3 KG REFIL,1
SINISTER MASS MERENGUE DE MORANGO 3 KG REFIL,1
SINISTER MASS REFIL 3KG BAUNILHA,1
SINISTER MASS REFIL 3KG CHOCOLATE,1
SINISTER MASS REFIL 3KG MORANGO,1
SINISTER MASS VITAMINA DE FRUTAS 3 KG REFIL,1
SINOT 400 MG/ 5 ML100ML,1
SINOT CLAV 400+57MG/ML SUSP 140ML,1
SINOT CLAV 400MG 70ML,1
SINOT CLAV 875/125 MG C/ 20CPR,1
SINOT CLAV 875/125 MG C/14CPR,1
SINTAFLAT 40MG 20CPR - SIMETICONA,1
SINTEZYS 150MG C/3 COMP,1
SINTOCALMY 300MG 20CPR,1
SINTOCALMY 300MG 40CPR,1
SINTOCALMY 300MG GOTAS C/30 ML,1
SINTOCALMY 300MG SOL OR C/ 150ML,1
SINTOCALMY 600MG 30CPR,1
SINUMED SOL ORAL 120ML,1
SINUSEC SPRAY NASAL 30ML,1
SINUSTRAT HIDRAT NASAL 30ML,1
SINUSTRAT SOL NATURAL 30ML,1
SINUSTRAT SPRAY 10ML,1
SINVASCOR 40MG 30CPR,1
SINVASTACOR 20 MG C/ 30 COMP REV,1
SINVASTACOR 20MG 30CPR,1
SINVASTACOR 40MG 30CPR,1
SINVASTATINA 20 MG C/30 CP GLOBO,1
SINVASTATINA 20MG 30CP SANDOZ,1
SINVASTATINA 20MG C 30 COMP NOVARTIS,1
SINVASTATINA 20MG C/30 COMP BIOL,1
SINVASTATINA 20MG C/30 COMP CIMED,1
SINVASTATINA 20MG NOVA QUIMICA,1
SINVASTATINA 20MG SANDOZ,1
SINVASTATINA 40MG 30CP NOVARTIS,1
SINVASTATINA 40MG COMP REV 2BL X 15,1
SINVASTATINA 40MG CX 30 COMP REV,1
SIRDALUD 2MG C/30 COMP,1
SITGLU 100MG C 30 COMP REV,1
SITGLU MET 850+50MG 56CPR,1
SITOL 2+200MCG C 60 SACHES,1
SKAFE TRATAMENTO VIT PRO B5 C24 10ML UN-000-UN,1
SKALA SH + CO 325ML #MAIS CRESPINHOS,1
SKINPHIL DERMA CREM PT 450G,1
SKINPHIL DERMA LOC FR 380ML,1
SLINDA 4MG 3 BL C 28 COMP REV,1
SLINDA 4MG C/28 COMP REV,1
SLOW K 600MG 20DRG,1
"SNIF CLORETO DE SÓDIO 0,9% JET 100ML EUROFARMA",1
SNIF SC 9% SPRAY 100ML,1
SOANZA XR 35MG 30CP S ACHE .,1
SOANZA XR 35MG 60CP S ACHE .,1
SOAPELLE SAB BARRA 70G,1
SOAPEX CREMOSO 120ML,1
SOAPEX SABONETE 1% 80G (AZUL),1
SOAPEX SABONETE 80G (AMARELO),1
SOCIAN 200MG C/ 20 CPR,1
SOCIAN 50MG C/ 20 CPR,1
SODIX 50MG CX 20 COMP REV,1
SOF D 10000UI C/4 CAPS,1
SOF D 2000UI C/30 CAPS,1
SOF D 50000UI C/4 CAPS,1
SOL 330ML,1
SOL B. CARMED DENTADURA 250ML,1
SOL FISIOLOGICA 100ML ARBORETO,1
SOL FISIOLOGICA 100ML EQUIPLEX,1
SOL FISIOLOGICA 100ML FARMAX,1
SOL FISIOLOGICA 250ML ARBORETO,1
SOL FISIOLOGICA 250ML HGG,1
SOL FISIOLOGICA 500ML ARBORETO,1
SOL. FISIOLOGICA SORIMAX,1
SOLAR EXPERT ANTIOL F60 40G 1.0,1
SOLAR EXPERT ANTIOL F60 40G 3.0,1
SOLAR EXPERT ANTIOL F60 40G 5.0,1
SOLAR EXPERTISE ANTIOLEO F30 40G,1
SOLAR EXPERTISE ANTIOLEO F60 40G,1
SOLARDRIL LOCAO FR X 120 ML,1
SOLIFENACIN 10MG 30CPRV RANBAXY,1
SOLIFENACINA 5MG 30CPRV RANBAXY,1
SOLIQUA 10 40 1 CANETA 3ML,1
SOLLY 10MG C/30 COMP REV,1
SOLLY 5MG C/30 COMP REV,1
SOLUÇÃO FISIOLÓGICA 500ML FARMAX,1
SOMAFLEX AP CX 10 COMP LIB LENTA,1
SOMALGIN CARDIO 100MG 60 COMP RE,1
SOMALGIN CARDIO 200MG 32CPR,1
SOMALGIN CARDIO 325MG 32CPR,1
SOMALGIN CARDIO 81MG C 60 COMP,1
SOMALIUM 3MG 30CPR,1
SOMAPRO ZMA C/60CPR,1
SOMINEX COMPOSTO 20 CP,1
SONEBON 5MG C/20 CPR,1
SONIC 100MG C/30 COMPRIMIDO,1
SONIC 50MG 60CP,1
SONOZZZ MELATONINA C 30COMP SUBL,1
SONOZZZ PASSIFLORA 857MG 30COMP,1
SONRIDOR CAF 15 ENV C 4 COMP EFV,1
SONRIDOR DOR FEBRE 20CPR,1
SONRIDOR DOR FEBRE BLISTER C 10,1
SONRIDOR RAPID FORTE,1
SONRISAL C/2 CPR EVERF,1
SONRISAL LIMAO 2CPR,1
SOOLANTRA 10MG G CR 30G,1
SOPI SEM SABOR C 30 SACHES,1
SORALYT SABOR MACA 450ML SOBRAL,1
SORALYT SABOR MORANGO 450ML SOBRAL,1
SORALYT SABOR TRADICIONAL 450ML SOBRAL,1
SORINE INFANTIL 30ML,1
SORINE JET BABY 09% SL NAS100ML,1
SORINE JET DUO JATO CONTINUO 100ML,1
SORO FISIOLOGICO 500ML PHA,1
SORO FISIOLOGICO FARMAX 500ML,1
SOROX MORANGO COM LARANJA 550ML,1
SOROX TANGERINA 550ML,1
SOROX UVA 550ML,1
SOROZINC NATURAL X 4 ENV AL 14G,1
SOS CACHOS DEFINIDOS ULTRA DEFINI 300ML,1
SOTALOL 120MG 30CPR BIOS,1
SOTALOL 160MG C/20 CP SANDOZ .,1
SOTALOL 160MG C/30 COMP SANDOZ,1
SOUL GEL MASS 32 ERVAS 200G,1
SOUL GEL MASS ARNICA E COPAIBA POTE 240G,1
SOUL GEL MASS FORTEGEL PREMIUM 150G,1
SOUL POWER COND ANTIQBRA BIG HELP 315ML,1
SOUL POWER CPP ANTIQ FORCE CREAM 500ML,1
SOUL POWER CPP CURLY CREAM BOMBA 500ML,1
SOUL POWER MASC ANTIQ FORCE MASK 400G,1
SOUL POWER SH ANTIQ FORCE WASH 315ML,1
SOUL POWER SH S/ SULFATO BIG WASH B 315M,1
SOYNATI 150MG C/30CPS PHARMASCIENCE,1
SPARK 250MG C/30 COMP REV,1
SPASMEX 30MG C/90 COMP,1
SPECTOFLUX XPE INF 120ML + COPO DOSADOR-AMBROXOL,1
SPIDUFEN 600MG 10ENV,1
SPIDUFEN 600MG 10ENV MENTA,1
SPIDUFEN 770MG 6CPR SN,1
SPIDUFEN 770MG C/20 COMP REV,1
SPIOLTO SOL INAL 4ML C 60 AC+INA,1
SPIRIVA RESPIMAT 4ML,1
SPIRULINA + PICOLINATO DE CROMO 60 CÁPSULAS,1
SPIRULINA 450MG 60CAPS,1
SPRAY AROMATIZANTE DENTIL FRESH MINT 20ML,1
SPRAY AROMATIZANTE DENTIL FRESH MINT 30ML,1
SPRAY CAP SALON LINE MEU LISINHO KIDS DESEMB 240ML/SAL,1
SPRAY COMPLETO TUTTI FRUTTI 35 ML N MINAS,1
SPRAY COMPOSTO DE MEL (DIVERSOS SABORES),1
SPRAY DAY AFTER CACHOS 300ML,1
SPRAY DAY AFTER CRESPOS 300ML,1
SPRAY DEFRIZANTE SALON LINE MEU LISO PROT TER DEMAIS 1X240ML,1
SPRAY DEFRIZANTE SALON LINE MEU LISO PROT TER MUITO+LIS 1X24,1
SPRAY DESEMBAR CHEIRINHO BEBE ROSA 210ML,1
SPRAY DESEMBARACANTE KIDS 150ML,1
SPRAY POWERDENT BUCAL ICE BLACK BL 15 ML,1
SPRAY POWERDENT BUCAL ICE MENTA BL 15 ML,1
SPRAY SALON LINE MATIZADOR MEU LISO MULTIACAO LOIRO 1X240ML,1
SPRAY SALON LINE SOS BOMBA FORCA E ENGROSSAMENTO 1X240ML,1
SPRAY SALON LINE SOS BOMBA ORIGINAL CRESCIMENTO 1X120ML,1
SPRAY SALON LINE TODECACHO TERMICO DAY AFTER 1X300ML,1
SPRAYMAIS LISO 100ML (BIO EXTRATUS),1
SQUEEZE ATLHETICA,1
SQUEEZE INTEGRALMEDICA TRADE,1
SQUEEZE VERMELHA 800ML INTEGRALMEDICA,1
STA ASSEPTGEL CRISTAL 1KG,1
STA ONLY ESPONJA DE BANHO USO DIARIO C2,1
STABIL 025MG C/30 CPR,1
STALEVO 100MG C/30 COMP REV,1
STANGLIT 15MG C/30 COMP,1
STANGLIT 30MG C/30 COMP,1
STANGLIT 30MG C/60 COMP,1
STANGLIT 45MG CPR 1X30-SIMILAR,1
STARLUX ALCOOL EM GEL CRISTAL 420G,1
STARLUX ENERGY BATERIA LITHIUM 2032 3V BP5 1X1,1
STARLUX ENERGY PILHA ALCALINA PALITO AAA4 1X4 - SM$,1
STARLUX ENERGY PILHA ALCALINA PEQUENA AA4 1X4 - SM$,1
STARLUX ENERGY PILHA COMUM PALITO AAA2 1X2 - DP TORRE$,1
STARLUX ESC. FITA ADESIVA EMPACOT TRANSPARENTE 48MMX45M 5X1$,1
STARLUX LIMP. PANO KIT MICROFIBRAS CORES MISTAS 1X3,1
STARLUX LIMP. SACO P/ LIXO ALMOFADA PRETO COEXT 30LITROS 10U,1
STARLUX LIMP. SACO P/ LIXO ALMOFADA PRETO COEXT 50LITROS 10U,1
STARLUX LIMP. SACO P/ LIXO ALMOFADA REFORCADA PRETO 110L 5UN,1
STARLUX LIMP. SACO P/ LIXO ROLO COEXTRUSADO 30LTS 12X20$,1
STARLUX PASTA SANFONADA A4 LINHO SERENA VERDE PASTEL C/12 DI,1
STARLUX SACO P/ LIXO ALMOFADA 30 LITROS 10 UNIDADES (REF 981,1
STARLUX SACO P/ LIXO ALMOFADA 50 LITROS 10 UNIDADES (REF 98,1
STARLUX SACOLA BRANCA 36X48 1000X1 REF= 5889$,1
STARLUX SACOLA BRANCA VOLTE SEMPRE 36X48 500X1 R5890$,1
STARLUX UD ESPONJA SOFT PRATA 1X3$,1
STARLUX UD MULTI PROCESSADOR ALIMENTOS MANUAL 500ML$,1
STARLUX UD SACO P/ LIXO ROLO COEXTRUSADO 100L 1X15$,1
STAROFFICE CALCULADORA MESA A440 12 DIGITOS$,1
STAROFFICE ETIQUETA P/ PRECOS 10X400 UNIDADES$,1
STAROFFICE FITA EMPACOTAMENTO TRANSP 45MM X 40M 4X1 R710$,1
STAROFFICE GRAMPO GALVANIZADO 26/6 CAIXA 5000UN$,1
STAROFFICE MARCADOR PERMANENTE PRETO 1X12(615820$,1
STAROFFICE MARCADOR PERMANENTE VERMELHO 1X1,1
STAVIGILE 100MG C/30 CPR ( A3),1
STEATON 100MG C/60 CAPS-OUTROS,1
STEATON 200 MG 60 CAPS T ACHE .,1
STELE 1MG CR VAG C/5 APLICADORES,1
STER 10MG COLIRIO 5ML,1
STER MD COLIRIO 10ML,1
STEZZA C/ 28 COMPRIMIDOS,1
STILGRIP SACHE 1 UNID,1
STILNOX 10MG C/ 20 CPR,1
STODAL 4 CH,1
STOMALIV 50X48G BICARCARBO SEM SABOR,1
STOMALIV 5GR GUARANA GEOLAB,1
STOMALIV PO EFERV 5G ABACAXI,1
STOMALIV STC SUSPENSAO ORAL 150ML GEOLAB,1
STOMALIV STC SUSPENSAO ORAL 240ML GEOLAB,1
STOPPER THE WALL,1
STREPSILS 8PASTILHAS,1
STREPSILS C/16 PAST,1
STREPSILS LARANJA C 8 PAST,1
STREPSILS LARANJA C/16 PAST,1
STREPSILS MEL E LIMAO C/24 PAST-REFERENCIA,1
SUAVICID CREME BG 15G,1
SUAVICID CREME BG 30G,1
SUAVIE SAB BARRA 70G-DEMAIS PROD,1
SUAVIE SAB LIQ 140ML-DEMAIS PROD,1
SUAVIE SAB LIQ 400ML,1
SUBTRAX 80+16 MG/ML SUSP. 100 ML,1
SUBTRAX 800+160 MG C/ 10 CPR,1
SUCC DESVENLAF 100MG 30CPR RANBAXY,1
SUCC METOPROLOL 100MG 30 CP MEDLEY,1
SUCC METOPROLOL 100MG C/30CPR BIOLAB,1
SUCC METOPROLOL 25MG 30 CP MEDLEY,1
SUCC METOPROLOL 25MG C/30CPR BIOLAB,1
SUCC METOPROLOL 50MG 30 COMPRIMIDOS MEDLEY,1
SUCC METOPROLOL 50MG 30CPR MEDLEY,1
SUCC METOPROLOL 50MG C/30CPR BIOLAB,1
SUCC METOPROLOL XR 100MG 30CPR,1
SUCC METOPROLOL XR 25MG 30CPR,1
SUCC SUMATRIPTANA 100MG 6CPR BIOLAB,1
SUCC SUMATRIPTANA 50MG 6CPR BIOLAB,1
SUCCI DE DESVENLAFAXINA MONOIDRATADO 100MG C/30 TEUTO,1
SUCCI DE DESVENLAFAXINA MONOIDRATADO 50MG C/30 TEUTO,1
SUCCI METOPROLOL XR 50MG 30CPR NEO,1
SUCCI SOLIFENACIN 5MG C/30 CPR MEDLEY,1
SUCCINATO DE DESVENLAFAXINA 100MG 30CP C1 EMS,1
SUCCINATO DE DESVENLAFAXINA 100MG 30CPR TORRENT,1
SUCCINATO DE DESVENLAFAXINA 100MG C/ 30 CP GEN EUROFARMA,1
SUCCINATO DE DESVENLAFAXINA 50MG 30 CPR,1
SUCCINATO DE DESVENLAFAXINA 50MG 30CP C1 EMS,1
SUCCINATO DE DESVENLAFAXINA MONOIDRATADO 100 MG C/ 60 CPR GE,1
SUCCINATO DE DESVENLAFAXINA MONOIDRATADO 50 MG C/ 60 CPR GE,1
SUCCINATO DE DESVENLAFAXINA MONOIDRATADO 50MG C/ 30 CP GEN,1
SUCCINATO METOPROLOL 100MG C/30 CPR CIMED,1
SUCCINATO METOPROLOL 50MG C/30 CIMED,1
SUCCIONATO DE DESVENLAFAXINA MONOIDRATADO 100MG 30CP,1
SUCCIONATO DE DESVENLAFAXINA MONOIDRATADO 50MG 30CP,1
SUCO NUTRI NECTAR PESSEGO 200ML,1
SUCRAFILM 1G 30CPR,1
SUCRAFILM 200MG SUSP 200ML,1
SUCRAFILM 2G 10ML,1
SUGANON 5MG C 30 CPR,1
SUL NEOMICINA+BAC ZINCICA POM DERM X 10G,1
SULF HIDROXI 400MG C 30 COMP MEDLEY,1
SULF HIDROXICLOROQUINA 400MG 30 CPR NEO QUIMICA,1
SULFA+TRIME SUSP 100ML EMS GEN,1
SULFADIAZINA DE PRATA 1% CREME 50G GEN NATIVITA,1
SULFADIAZINA DE PRATA 10MG CREME 30G GEN UNIAO QUIMICA,1
SULFADIAZINA DE PRATA 10MG/G CREME C/ 30 G GEN PRATI,1
SULFADIAZINA PRATA 10 MG/G CREME C/120 G GEN PRATI,1
SULFADIAZINA PRATA 10MG/G CREME C/ 50G GEN PRATI,1
SULFAMETOXAZOL+ TRIMETOPRIMA 800 MG+160 MG C/ 10 CPR GEN PRA,1
SULFAMETOXAZOL+TRIMETOPRIMA 40+8MGML SUS OR FR 100ML,1
SULFAMETOXAZOL+TRIMETOPRIMA 400+80 MG C/ 20 CPR GEN PRATI,1
SULFATO DE NEOMIC+BACITR 50G/TEUTO,1
SULFATO DE NEOMICINA +BAC 15G POM (medley ),1
SULFATO DE NEOMICINA+BACITRACINA POM 50G TEUTO,1
SULFATO FERROSO SOL SAB FRABOESA 30ML,1
SULFATO NEOMICINA+BACITRACINA POM 50G,1
SULFERBEL 25MG/ML XPE FR 100ML,1
SULFERMAX 125MG/ML GTS 30ML(SULFATO FERR,1
SULFERMAX SULFATO FERROSO 125MG/ML SABOR CARAMELO GOTAS 30 ML,1
SULPAN 1MG + 25MG 20 CAP,1
SULPAN 25/1 MG C/ 20CPS,1
SULPH 10 MG/G CR 120G / SIM SULFADIAZINA DE PRATA / ( ND ),1
SULPH 10 MG/G CR 30G / SIM SULFADIAZINA DE PRATA PRATI,1
SUMAX 100 MG C/6 COMP REV,1
SUMAXPRO 500+50MG CPR REV 1X2-OUTROS,1
SUN MAX SENSITIVE FPS30 FAMILY 160G,1
SUNDOWN FPS70 120ML-DEMAIS PROD,1
SUP EXTIMA BAUN 30SAC 20GR,1
SUPER ALBUMIN 500G BAUNILHA,1
SUPER COFFEE VANILLA LATTE 380G,1
SUPER DIGESTIVE ENZYMES 1000MG C/60CPS,1
SUPER GAINERS VIT FRUTAS SC 3KG,1
SUPER MACHO CAPSULAS,1
SUPER MACHO GEL 17ML,1
SUPER WHEY 900G REFIL BAUNILHA,1
SUPER WHEY 900G REFIL CHOCOLATE,1
SUPER WHEY 900G REFIL MORANGO,1
SUPERCUT POTE 60CAPS DUX NUTRITION SABOR S/SABOR,1
SUPERDOSE MAIS LISO 30 GR (BIO EXTRATUS),1
SUPERMAS HASKELL ACELERAD DE FORCA 240GR,1
SUPERMASC HASKELL ACID REDUT DE PH 240GR,1
SUPERMASC HASKELL BRILHO ESPELHADO 240GR,1
SUPERMASC HASKELL DISCIPLI ANTFRIZ 240GR,1
SUPLAVITTA PREMIUM SUPER HAIR CABELOS E UNHAS c/60caps,1
SUPLEM ALIM GUMMY MELANCIA 180G,1
SUPLEMENTO ALIMENT. FORÇA (BIO EXTRATUS),1
SUPLEMENTO NUTRI BEAUTY COLAGENO VERISOL 45UN,1
SUPLEMENTO NUTRI HAIR 60UN,1
SUPLEMENTO NUTRI HAIR CITRUS 60UN,1
SUPLEMENTO NUTRI HAIR SEM ACUCAR 60UN,1
SUPLEMENTO NUTRI KIDS 60UN,1
SUPLEMENTO VIT C 30UN,1
SUPLEMENTO VITAMINICO A-Z 15 VITAMINAS E MINERAIS 30 GOMAS,1
SUPLEMENTO VITAMINICO HOMEM COMPLETO 60 CÁPSULAS,1
SUPLEVIT 4BLX15CPS (CABELO E UNHAS),1
SUPLEVIT C PREVENT 1G 10 CPR EFERV (VITAMINA C),1
SUPLEVIT KIDS SUSP 150ML (POLIVITAMINICO,1
SUPLEVIT MULHER 30 CAPS GEL,1
SUPLEVIT MULHER 60 CAPS GEL CABELOS E UNHAS,1
SUPORTE P/CELULAR MOTO 5.5 POLEGADAS EBAI FZF-19MTO-1,1
SUPORTE P/CELULAR VEICULAR UNIVERSAL EBAI FZF-YC032,1
SUPORTE P/ESC DENT CURAPROX LEÃO,1
SUPRA D 30ML SUPLEM. VIT.D HERTZ,1
SUPRA D GOTAS 200UI 20ML,1
SUPRA D MAX 2000UI-GOTAS 10ML,1
SUPRA D MAX 500UI-GOTAS 10ML,1
SUPRADYN ATIVA C/60 DRG,1
SUPRAVIT C/30 CAPS. GELATINOSAS,1
SUPRAVIT C/90 CAPS. GELATINOSAS,1
SUPRAVIT GESTCAPS 2X15,1
SUPREFORCE A-Z+OMEGA,1
SUPREMA C/28CPR,1
"SUSTAGEN KIDS 350G OPÇÕES DE SABOR (CHOCOLATE , MORANGO E BAUNINHA)",1
SUSTAGEN KIDS BAUN SACH L700P500,1
SUSTAGEN KIDS BAUNILHA 900G-DEMAIS PROD,1
SUSTAGEN KIDS CHOC SACH L700P500,1
SUSTAGEN KIDS CHOCOLATE 900G,1
SUSTRATE 10MG C 30 COMP,1
SUSTRATE 50CPR,1
SYMBICORT 6/200 MCG 120 DOSES,1
SYMBICORT TURB 12/400MCG C/60DOS-REFERENCIA,1
SYMBICORT TURB 6/200MCG C/60,1
SYMDULOR SL 10MG C/10 SUBL,1
SYMDULOR SL 10MG C/20 SUBL,1
SYMPTA 30MG C/30 CPR,1
SYMPTA 60MG C/30 CAPS,1
SYNTHROID 112MCG 30CPR L1,1
SYNTHROID 150MCG 30CPR,1
SYNTHROID 25MCG 30CPR,1
SYNTHROID 50MCG 30CPR,1
SYSTANE COMPLETE 10ML,1
SYSTANE HIDRATACAO 10ML,1
SYSTANE UL 10ML PBM,1
SYSTANE UL 15ML,1
SYSTANE ULTRA S/ CONSERV 10ML,1
SYSTEN 50MCG 8ADESIVOS,1
SYSTEN 50MCG C/8 ENV,1
SYSTEN CONTI 8ADESIVOS,1
Sab Ypê 85 g (todos os aromas),1
Sebo de Caneiro 200g,1
Sh Clear 400ml,1
Shampoo Bioextratus Homem 250ml,1
Shampoo Fusion - Wella Professionals - 250ml,1
Shampoo Truss Ultra Hydration Com 300ml,1
Sérum de Tratamento Noturno Truss Night Spa 250ml,1
T XUXINHA CO 120ML CACHEADOS,1
T XUXINHA GEL FIX BARUAEL 130G,1
T XUXINHA SH 120ML,1
T XUXINHA SH 120ML CAB CACHEADOS,1
T-SHIRT INTEGRALMEDICA PROMO 2 G,1
T-SHIRT INTEGRALMEDICA PROMO 2 P,1
T-ZEUS 30 30CP,1
T-ZEUS 30 PEGASUS 30 CAPSULAS,1
T-ZEUS AFRODITE 60 CPS,1
TABU ORIGINAL,1
TACITA 30CPR,1
TADALAFILA 20MG 04 CPR NEO QUIMICA,1
TADALAFILA 20MG 4CP EUROFARMA,1
TADALAFILA 20MG 8 CPS / GEN TADALAFILA,1
TADALAFILA 20MG C/4 COMP BIOSINTETICA,1
TADALAFILA 20MG C/4 COMP EURO,1
TADALAFILA 20MG C/4 COMP REV GERMED,1
TADALAFILA 20MG C/4CPRS GENERICO L4P3,1
TADALAFILA 20MG CX 2 COMP GEOLAB,1
TADALAFILA 20MG EMS C/04 COMPRIMIDOS,1
TADALAFILA 5 MG C/28 CP NEO QUIMICA,1
TADALAFILA 5MG 30 COMP EMS,1
TADALAFILA 5MG 30CP EUROFARMA,1
TADALAFILA 5MG 30CPR EMS,1
TADALAFILA 5MG C 30 COMP REV GERMED,1
TADALAFILA 5MG CX 30 COMP DIARIO EUROFARMA,1
TALA P/ PUNHO EM NEOPRENE EXTRA-GRANDE/DIR - LOTE: 042538002,1
TALA P/ PUNHO EM NEOPRENE EXTRA-GRANDE/ESQ - LOTE: 042538002,1
TALA P/ PUNHO EM NEOPRENE GRANDE/DIR - LOTE: 0425380022,1
TALA P/ PUNHO EM NEOPRENE GRANDE/ESQ - LOTE: 0430040004,1
TALA P/ PUNHO EM NEOPRENE MEDIO/DIR - LOTE: 0476130023,1
TALA P/ PUNHO EM NEOPRENE MEDIO/ESQ - LOTE: 0430040006,1
TALCO BABY TOPS PATRULHA CANINA CONTÉM 200G,1
TALCO CHEIRINHO BEBE AZUL 120G,1
TALCO CHEIRINHO BEBE ROSA 120G,1
TALCO CHEIRINHO DE BEBE 1X120GR,1
TALCO CORPO HERBISSIMO 1X100GR,1
TALCO FLORA NENEM ALOE V E AMIDO 180G,1
TALCO FLORA NENEM TRADICIONAL 180G,1
TALCO GRANADO BEBE 100G,1
TALCO HERBISSIMO PES E CORPO 80GR UN/0001,1
TALCO INFANTIL BABY POPPY 1X100GR,1
TALCO INFANTIL MURIL BABY 50G,1
TALCO INFANTIL TOPZ BABY PATRULHA CANINA,1
TALCO INFANTIL TRA LA LA BABY COM FLOR DE LARANJEIRAS 1X160G,1
TALCO INFANTIL TRA LA LA BABY HIDRATA 1X160GR,1
TALCO INFANTIL TRA LA LA BABY SUAVE 1X160GR,1
TALCO INFANTIL muriel baby azul,1
TALCO J&J BABY DERMO H SONO 100G,1
TALCO J&J BABY ORIGINAL 100G,1
TALCO JJ BABY DERMO PROT HORA SONO 100G,1
TALCO PES TENYS PE BARUEL PO 1 ORIG 100GR GTS WOM PROMO 2X1,1
TALCO PES TENYS PE BARUEL PO 2 ORIG 100GR GTS WOM PROMO 3X1,1
TALCO PES TENYS PE BARUEL PO CANFORADO 1X60GR,1
TALCO PES TENYS PE BARUEL PO CANFORADO ECONOMICO 1X130GR,1
TALCO PES TENYS PE BARUEL PO ORIGINAL 1X60GR,1
TALCO PES TENYS PE BARUEL PO ORIGINAL ECON. 1X130GR,1
TALCO PES TENYS PE BARUEL PO ORIGINAL+WOMAN 50%2UN PROM 2X10,1
TALCO PES TENYS PE BARUEL PO PODPAH 1X100GR,1
TALCO PES TENYS PÉ PO CANFORADO+ S/PERFUME PROM 2X100,1
TALCO POM POM 200G,1
TALCO TRA LA LA BABY 160G HIDRATA,1
TALCO TURMA MONICA VEG BONS TEMPOS LAVANDA 200G/PAN,1
TALCO TURMA MONICA VEG CHEIRINHO MEU BEBE 200G/PAN,1
TAM 250 MG C/30 CPR,1
TAMARETI 150G,1
TAMARINE 12MG BLISTER 4 CAPSULAS,1
TAMARINE 12MG CPS 20,1
TAMARINE FIBRAS 150G GOMAS 1X30,1
TAMARINE FIBRAS KIDS MORAN 240ML,1
TAMARINE FRIBRA MAX LAR C 10SCH,1
TAMARINE GELEIA 150G ZERO ACUCAR,1
TAMARINE GELEIA 250G ZERO ACUCAR,1
TAMARINE GERMINA 2BI 10FA C 5ML,1
TAMARINE PROBIUM C 15 CAPS,1
TAMARINE PROBIUM C 30 CAPS,1
TAMIRAM 500MG 3CPR,1
TAMIRAM 500MG C/ 10 CPR,1
TAMIRAM 500MG C/ 7 CPR,1
TAMIRAM 750MG C/ 5 CPR,1
TAMIRAM 750MG C/ 7 CPR,1
TAMISA 15 006MG C/ 28 COMPRIMIDO,1
TAMISA 20 CPR 21 CPR,1
TAMISA 30MCG 28CPR SEM PARAR,1
TAMISA 30MCG 63CPR EMBALAGEM ECONOMICA,1
TAMISA 30MCG 84CPR SEM PARAR,1
TAMOXIFENO 20MG 30CPR SANDOZ,1
TANDENE 15 CPR,1
TANDENE 30CPR,1
TANDERALGIN C/15CPR,1
TANDERALGIN CX C/30 CPR,1
TANDRIFLAN 30CPR,1
TANDRIFLAN COM 15 CP,1
TANOGEL RAD. LOOK FIXACAO FORTE 150 GR,1
TANQUE SIMPLES MARMORE SINTETICO 60X50 34L BCO,1
TANSULOSINA 04MG 30 CPR LIB PROL EMS,1
TANSULOSINA 04MG 60CP GERMED,1
TANTIN C/28CPR,1
TANTIN C/84CPR,1
TAPAZOL 10MG 50CPR,1
TAPAZOL 10MG C/100 COMP,1
TAPAZOL 5MG 100 COMPRIMIDOS,1
TARGETFORT C 1G 10 COMP EFERV,1
TARGIFOR C EFV C/16 COMP-OUTROS,1
TARGIFOR EFV C/32 COMP-OUTROS,1
TARGIN 10+5MG C 14 CPR,1
TARGIN 10+5MG C/28 CPR,1
TARGUS LAT C/10 ADESIVOS,1
TARTARATO DE METOPROLOL 100MG C/30 PRATI,1
TARTARATO METOPROLOL 100MG 30CPR BIOSINTETICO,1
TARTARATO METOPROLOL 100MG 30CPR NOVA QUIMICA,1
TAVOK 500MG C/ 7 CPR,1
TAVOK 500MG C/10 CPR,1
TAVOK 750MG 5CPR AB,1
TAVOK 750MG C 7 CPR,1
TAVOK 750MG C/ 7 CPR,1
TAVOK 750MG C/5 CPR,1
TAXA DE ENTREGA,1
TAXOFEN 20MG 30CPR - TAMOXIFENO,1
TDALA NUTRI 60 CÁPSULAS,1
TE ESGOTO 100X100 MM PLAST/KRONA,1
TEBONIN 80MG C 30 COMP,1
TECLADO E MOUSE MULTILASER MULTIM UN/0001/UN,1
TEE ESGOTO 75 FORTLEV,1
TEGRETOL 200MG C/ 60CPR,1
TEGRETOL 200MG C/20CPR,1
TEGRETOL 400MG C/20CPR,1
TEGRETOL CR 200 MG C/ 60 CPR,1
TEGRETOL CR 200MG 20CPR,1
TEGRETOL CR 400MG C/20CPR,1
TEGRETOL CR 400MG C/60 CPR,1
TEGRETOL XPE 100ML,1
TEINA 10MG 30CPR,1
TEK BOND SELANTE PU 40 FIX CINZA 387G,1
TEKBOND COLA MULTIUSO 793 INSTANTANEA 1X20G,1
TELMISARTANA 40MG C/30 CPR ALTHAIA,1
TELMISARTANA 80MG C/30 CPR ALTHAIA,1
TENA PANTS MEGA LV18 PG15 P/M 4X18,1
TENFLAX PLUS 30 SACHES,1
TENOXICAM 20MG COM REV X 10,1
TENSALIV 10MG C/30CP (NQF),1
TENSALIV 5MG 30CPR,1
TENSART 30 857MG 30CPR,1
TENYS PE BARUEL PO 2 ORIG GTS CANF 60GR 1X3UN,1
TENYS PE BARUEL PO ORIGINAL 1X100GR,1
TENYS PE BARUEL PO SPORT BARCELONA 1X100GR,1
TENYS PE BARUEL PO WOMAN 100G,1
TERBINAF 250MG 28CP BIO,1
TERBINAFINA 250MG 28 CPS / GEN PRATI,1
TERBINAFINA 250MG C/14 CPR BIOSINTETICA,1
TERBINAFINA CR 20G GERMED,1
TERBINAFINA CREME 20G GEN. EMS,1
TERCEN 250MG/5ML SUS OR 100ML,1
TERICIN AT CR VAG 45G C/ 10 APLICADORES,1
TERM CLIN DIG GTECH GO INFRAVERM TESTA ULTRA COMP/GTE,1
TERMOMETRO CLIN DIG VERDE TH150 G-TECH,1
TERMOMETRO CLINI DIG LARANJA,1
TERMOMETRO CLINICO DIG VERDE DOMOTHERM INCOTERM,1
TERMOMETRO CLINICO DIGITAL,1
TERMOMETRO CLINICO DIGITAL G-TECH MODELO TH 400 COM SELO,1
TERMOMETRO DE TESTA INFRAVERMELHO,1
TERMOMETRO DIGITAL BRANCO,1
TERMOMETRO DIGITAL BRANCO MULTILASER,1
TERMOMETRO DIGITAL G-TECH BRANCO,1
TERMOMETRO DIGITAL LILAS,1
TERMOMETRO DIGITAL MEDFEBRE BRANCO,1
TERMOMETRO DIGITAL MOD TH1027 BRANCO,1
TERMOMETRO DIGITAL VERDE LIMAO,1
TERMOMETRO INFRAVERMELHO SEM CONTATO,1
TERMOPRIN 50MG XPE 100ML FRAMB (DIPIRON,1
TEROLAC 05 SOL OFTALM 5ML,1
TEROQUATRO 4MG ML SOL OFT FR 5ML,1
TERZA 250MG 5ML PO SUSP 100ML,1
TESOURA INF C/CAPA SPECIAL ROSA,1
TESOURA NARIZ E BIGODE UNHEX 1X1,1
TESOURA P/UNHAS PONTA CURVA MK,1
TESOURA P/UNHAS PONTA RETA MK,1
TESOURA PARA UNHAS INFANTIL MK3438,1
TESOURA UNHA MUNDIAL FLEX CURVA 9CM BC323 1X1,1
TESOURA UNHA MUNDIAL FLEX R307 BEBE 1X1,1
TESOURA UNHA MUNIDAL FLEX RETA 326 1X1,1
TESTE COVID19 MEDLEVENSOHN AUTOTESTE ANTIGENO/MLS,1
TESTE DE GLICEMIA,1
TESTE DE GRAVIDEZ CONFIRA C/01 CANETA SANFARMA (S),1
TESTE DE GRAVIDEZ CONFIRA SEMANAS SANFARMA,1
TESTE GRAV CLEARBLUE DIGITAL,1
TESTE GRAV CLEARBLUE PLUS 2UNI,1
TESTE GRAV CLEARBLUE SAIBA ANTES,1
TESTE GRAVIDEZ CONFIRA,1
TESTE GRAVIDEZ CONFIRA TIRA+FR COLETOR,1
TESTE OVUL CLEARBLUE DIGI C 10,1
"TESTO + BORO 500MG AUMENTA ENERGIA, LIBIDO E DISPOSIÇÃO 60 CÁPSULAS",1
TESTO FEMME 1500MG 90 CÁPSULAS,1
TETRALYSAL 150MG 16CPS,1
TETRALYSAL 300MG C/ 16CPS,1
TETRALYSAL 300MG C/ 28 CPS,1
TETRAMED 500MG C/100 MEDQUIMICA,1
TEUTOVIT VITAMINA E 400MG ANTIOXIDANTE 30 CÁPSULAS MOLES,1
TEUTOZOL 20MG CAPS C/28,1
THEALOZ DUO 10ML,1
THEOGORICO B6 GTS 30ML,1
THERAPI - MELATONIZE 30 ML (6 GOTAS = 210MCG),1
THERAPSOR CAPILAR 25ML,1
THERMA PRO HARDCORE C/120CPS,1
THERMO FLAME 60 TABS,1
THERMOGENIC 120 CAPS CAFEINA,1
THIOCTACID 600MG 30CPR -,1
TIADOL 50MG/G POM 20G,1
TIAG 90MG C 60CPR,1
TIAPLEX POM 20G TIABENDAZOL DELTA,1
TIBOLONA 25MG 30CPR NOVA QUIMICA,1
TIC TAC INFANTIL 2 UN MK8747,1
TIC TAC INFANTIL 2 UN MK8754,1
TIC TAC PASTILHA LARANJA,1
TILUGEN XPE 120ML+CP (FENDIZOATO CLOPERASTINA),1
TIMOLOL 03% COL 5ML GER GERMED,1
TIMOLOL 05% 5ML TEUTO,1
TIMOPTOL OFT 05% 5ML,1
TIMOPTOL-XE 05% OFT 5ML-REFERENCIA,1
TIN SUPER BONITA,1
TIN.MAX.KIT PRATICO (exceto cores especiais),1
TINIDAZOL+MICONAZOL CR VAG 45G+7APL GEN,1
TINIDAZOL+MICONAZOL NEOQ GEN (B) CRM VAG 40 GRS+07 APLIC,1
TININ CR VAG 35G+7 APLIC,1
TINT BEAUTY COL KIT 10.00 LOU CLARO,1
TINT BEAUTY COL KIT 2.11 PRETO AZULADO 1X1,1
TINT BEAUTY COL KIT 3.0 CASTANHO ESCURO 1X1,1
TINT BEAUTY COL KIT 4.0 CASTANHO NATURAL 1X1,1
TINT BEAUTY COL KIT 6.65 ACAJ SENS,1
TINT BEAUTY COL KIT 6.7 CHOCOLATE SUICO 1X1,1
TINT BEAUTY COL KIT 66.46 VERM INFALIVEIS CHAMA PROV 1X1,1
TINT BEAUTY COL KIT 9.0 LOU M CLA,1
TINT BEAUTY COL KT BC VI 6.66 CHARME SUP UN/0001,1
TINT BEAUTY COL KT VI44.66 BORG MAGNIFIC UN/0001,1
TINT BEAUTY COL KT VI66.74 RUIVO D LEITE UN/0001,1
TINT BEAUTY COLOR 2.0 PRETO,1
TINT BEAUTY COLOR 3.66 CAST PURPURA,1
TINT BEAUTY COLOR 5.0 CAST CLARO,1
TINT BEAUTY COLOR 5.3 CAST CLARO DOUR,1
TINT BEAUTY COLOR 5.7 CHOC CAFE,1
TINT BEAUTY COLOR 6.0 LOU ESC,1
TINT BEAUTY COLOR 6.1 LOU ESC ACINZ,1
TINT BEAUTY COLOR 6.35 CHOC GLAMOUR,1
TINT BEAUTY COLOR 6.36 CHOC MAUVE,1
TINT BEAUTY COLOR 66.26 MARSALA INF,1
TINT BEAUTY COLOR 7.0 LOU NAT,1
TINT BEAUTY COLOR 7.1 LOU NAT ACINZ,1
TINT BEAUTY COLOR 76.44 RUIVO ABSOLUTO,1
TINT BEAUTY COLOR 8.0 LOU CLARO,1
TINT BEAUTY COLOR 8.1 LOU CL ACINZ,1
TINT BIGEN 46 CAST CLA,1
TINT BIGEN 57 PRETO,1
TINT BIOCOLOR HOMEM TONALIZ CAST CLARO 1X1,1
TINT CASTING 634 MEL TABACO,1
TINT CASTING CREME LOSS 550 ACAJU LOREAL,1
TINT CASTING GLOSS 200 PRETO,1
TINT CASTING GLOSS 210 PRETO AZULADO,1
TINT CASTING GLOSS 300 CAST.ESC,1
TINT CASTING GLOSS 316 AMEIXA,1
TINT CASTING GLOSS 3360 AMORA,1
TINT CASTING GLOSS 400 CAST.MEDIO,1
TINT CASTING GLOSS 415 CHOC GLACE,1
TINT CASTING GLOSS 426 BORGONHA,1
TINT CASTING GLOSS 500 CAST CLARO,1
TINT CASTING GLOSS 535 CHOCOLATE,1
TINT CASTING GLOSS 600 LOURO ESC,1
TINT CASTING GLOSS 700 LOURO NATURAL,1
TINT CASTING GLOSS 810 LOURO PEROLA,1
TINT COR&AMP;TOM 6.5 ACAJU 125ML UN/0001,1
TINT COR&TOM 8.3 LOURO CLARO DOURADO,1
TINT COR&TON 7.44 RUIVO ACOBREAD,1
TINT COR&TON CAST ILUM CAFE 6.41,1
TINT COR&TON L M INT MI KIT7.777,1
TINT COR&TON MINI LOUR MED 7.2,1
TINT COR&TON S/AMONIA 3.0 CASTANHO,1
TINT COR&TON S/AMONIA 4.0 CASTANHO,1
TINT COR&TON S/AMONIA 6.0 LOURO,1
TINT CORETON 1.0 INDV PRETO AZUL,1
TINT CORETON 10.0 INDV LOURO ULTRA CLARO,1
TINT CORETON 10.01 INDV PRATA POLAR,1
TINT CORETON 2.0 INDV PRETO,1
TINT CORETON 3.0 INDV CAST ESC,1
TINT CORETON 3.66 VIOLINE IND,1
TINT CORETON 4.0 INDV CAST MEDIO,1
TINT CORETON 4.66 INDV BORDEAUX,1
TINT CORETON 5.0 INDV CAST CLARO,1
TINT CORETON 5.3 CASTANHO CLARO DOURADO IND,1
TINT CORETON 6.0 INDV LOURO ESC,1
TINT CORETON 6.54 INDV ACAJU ACOB,1
TINT CORETON 6.7 INDV CHOCOLATE,1
TINT CORETON 7.66 INDV VERM INT,1
TINT CORETON 7.7 INDV MARROM DOUR,1
TINT CORETON 8.0 INDV LOUR CLARO,1
TINT CORETON 9.0 INDV LOUR CLARIS,1
TINT CORETON 9.01 INDV LOURO CINZA EXTRA CLARO,1
TINT IMEDIA 1 PRETO,1
TINT IMEDIA 3 CAST.ESC,1
TINT IMEDIA 4 CAST.NAT,1
TINT IMEDIA 5 CAST CLARO S/AMONIA SN,1
TINT IMEDIA 5 CAST.CLARO,1
TINT IMEDIA 5.3 CAST.CLARO DOUR,1
TINT IMEDIA 6.1 LOURO ESC.ACINZ,1
TINT IMEDIA 6.7 CHOC PURO,1
TINT IMEDIA 7 LOURO NAT,1
TINT IMEDIA 7.1 LOURO ACINZ,1
TINT IMEDIA 8.1 LOURO SUECO,1
TINT IMEDIA EXC LOURO CLARO 8-DEMAIS PROD,1
TINT KOLESTON 121 GLOSS LOURO CLAR ACINZ,1
TINT KOLESTON 28 PRET AZULADO,1
TINT KOLESTON 46 BORGONHA,1
TINT KOLESTON 537 GLOSS MAR SEDUCAO,1
TINT KOLESTON 54 GLOSS CAST DOUR ACOB,1
TINT KOLESTON 55 GLOSS ACAJ CLARO,1
TINT KOLESTON 575 GLOSS CAST CHIC,1
TINT KOLESTON 60 GLOSS LOURO ESC,1
TINT KOLESTON 674 GLOSS CHOCOLATE ACOB,1
TINT KOLESTON 91 LOURO CINZ ULTRA CLARO,1
TINT KOLESTON 98 PRATA,1
TINT KOLESTON CAFE 477-DEMAIS PROD,1
TINT KOLESTON CAST NT ILUM 415,1
TINT KOLESTON CHOC ACOBR 674,1
TINT KOLESTON COLOR 120 LOURO CLAR NAT,1
TINT KOLESTON COLOR 366 ACAJU PURPURA 1X1,1
TINT KOLESTON COLOR 466 VERM. INTENSO,1
TINT KOLESTON COLOR 50 CASTANHO CLARO 1X1,1
TINT KOLESTON COLOR 61 LOURO CINZ ESCURO 1X1,1
TINT KOLESTON COLOR 645 VERM. PAIXAO,1
TINT KOLESTON COLOR 67 CHOCOLATE 1X1,1
TINT KOLESTON COLOR 70 LOURO MEDIO,1
TINT MAXTON 4.66 ECONOMICA BORGONHA 1X1,1
TINT MAXTON 7.37 MARROM CARAMELO,1
TINT MAXTON 7.7 ECONOMICA MARRON CINTILANTE 1X1,1
TINT MAXTON ECON 11.11 LOURO SUPER 1X1,1
TINT MAXTON ECON 2.0 PRETO NATURAL 1X1,1
TINT MAXTON ECON 8.43 COBRE DOURADO CLARO 1X1,1
TINT MAXTON KIT PRAT 10.1 LOU CINZA CLAR UN/0001,1
TINT MAXTON KIT PRAT 3.0 CASTANHO ESCURO UN/0001,1
TINT MAXTON KIT PRAT 3.66 ACAJU PURPURA UN/0001,1
TINT MAXTON KIT PRAT 4.3 CASTANHO DOURAD UN/0001,1
TINT MAXTON KIT PRAT 5.0 CAST CLARO ROM UN/0001,1
TINT MAXTON KIT PRAT 5.3 CAT CL DOURA UN/0001,1
TINT MAXTON KIT PRAT 5.74 CHOCOLATE ACOB UN/0001,1
TINT MAXTON KIT PRAT 6.0 LOURO ESCURO UN/0001,1
TINT MAXTON KIT PRAT 6.1 LOURO CINZA UN/0001,1
TINT MAXTON KIT PRAT 6.66 VERM FESTIVO UN/0001,1
TINT MAXTON KIT PRAT 7.0 LOURO NATURAL UN/0001,1
TINT MAXTON KIT PRAT 7.1 LOURO CINZA MED UN/0001,1
TINT MAXTON KIT PRAT 7.3 LOURO MEL UN/0001,1
TINT MAXTON KIT PRAT 8.0 LOUR CLAR ENERG UN/0001,1
TINT MAXTON KIT PRAT 8.26 VERM MARSALA UN/0001,1
TINT MAXTON PRATICO 7.2 LOUR MED MATE,1
TINT NATUCOR 2.0 PRETO SUAVE,1
TINT NATUCOR PO IND 21.87 JABUT E AMORA,1
TINT SOFT COLOR LOURO ACOB 743,1
TINT. BIOCOLOR HOMEM CASTANHO ESCURO,1
TINT. KOLESTON 5546 AMORA,1
TINT.COR&AMP;AMP;TON 11.0 LOU.C.N.50G,1
TINT.COR&AMP;AMP;TON 11.11 LO.C.PR.50,1
TINT.COR&AMP;AMP;TON 5.5 CA.CL.AC.50G,1
TINT.COR&TON 6.66 LOU.E.V.,1
TINT.COR&TON 7.0 LOU.MED.,1
TINT.COR&TON 7.1 LOU.CZ.M.,1
TINT.COR&TON M.1.110 PTO,1
TINT.COR&TON M.5.546 V.AM,1
TINT.COR&TON M.5.777 MAR.I,1
TINT.COR&TON M.6.646 V.CER,1
TINT.KOLESTON 121 L.C.A.M.,1
TINT.KOLESTON 1211 LOU.CZ.55G,1
TINT.KOLESTON 1281 LOURO DOURADO,1
TINT.KOLESTON 20 PTO.55G,1
TINT.KOLESTON 28 PRETO AZ.55G,1
TINT.KOLESTON 30 C.E.55G,1
TINT.KOLESTON 40 C.M.55G,1
TINT.KOLESTON 46 BORG.55G,1
TINT.KOLESTON 466 VER.IN.55G,1
TINT.KOLESTON 537 M.SEDU.55G,1
TINT.KOLESTON 55 ACAJU CLA.55,1
TINT.KOLESTON 60 L.ES.55G,1
TINT.KOLESTON 6646 CEREJA 55G,1
TINT.KOLESTON 71 LOU.CZ.M.55G,1
TINT.KOLESTON 73 LOU.AVELA 55,1
TINT.KOLESTON 77 MAR.DOU.55G,1
TINT.KOLESTON 7744 V.S.55G,1
TINT.KOLESTON 80 LOU.CL.55G,1
TINT.KOLESTON 81 LOU.CZ.CL.55,1
TINT.KOLESTON M.LOUR.PODER.40,1
TINT.MAXTON K.PRA.1.0 PRETO,1
TINT.MAXTON K.PRA.6.7 CHOC.,1
TINTA COR&TOM 6.1 LOURO ESCURO ACINZ 125M UN,1
TINTA IMEDIA SEM AMONIA CORES LOREAL,1
TINTA KOLESTON,1
TINTA SOFT COLOR,1
TINTU. MAXTON 7.44 ECONOM LOURO MEDIO ACOBREADO INT 1X1,1
TINTUNRA NATUCOR PEQ 5.64 CAST CL VERM ACOBR,1
TINTURA BEAUTY COL KIT 1.0 PRETO ONIX 1X1,1
TINTURA BEAUTY COL KIT 42.26 MARSALA VIO 1X1,1
TINTURA BEAUTY COL KIT 7.7 MARRON DOURADO 1X1,1
TINTURA BEAUTY COL KIT 77.44 VERM SEDUCAO 1X1,1
TINTURA BEAUTY COL KIT 96.44 RUIVO CLARO INDECIFRAVEL 1X1,1
TINTURA BEAUTY COLOR (DIVERSAS CORES),1
TINTURA BIO EXTRATUS KIT TONALIZANTE 7.7 135GR,1
TINTURA BIO EXTRATUS TONALIZANTE 1.0 135GR,1
TINTURA BIO EXTRATUS TONALIZANTE 1.11 135GR,1
TINTURA BIO EXTRATUS TONALIZANTE 3.0 135GR,1
TINTURA BIO EXTRATUS TONALIZANTE 4.0 135GR,1
TINTURA BIO EXTRATUS TONALIZANTE 4.66 135GR,1
TINTURA BIO EXTRATUS TONALIZANTE 5.0 135GR,1
TINTURA BIO EXTRATUS TONALIZANTE 6.0 135GR,1
TINTURA BIO EXTRATUS TONALIZANTE 6.1 135GR,1
TINTURA BIO EXTRATUS TONALIZANTE 6.26 135GR,1
TINTURA BIO EXTRATUS TONALIZANTE 6.3 135GR,1
TINTURA BIO EXTRATUS TONALIZANTE 6.66 135GR,1
TINTURA BIO EXTRATUS TONALIZANTE 6.7 135GR,1
TINTURA BIO EXTRATUS TONALIZANTE 7.0 135GR,1
TINTURA BIO EXTRATUS TONALIZANTE 7.1 135GR,1
TINTURA BIO EXTRATUS TONALIZANTE 8.0 135GR,1
TINTURA BIO EXTRATUS TONALIZANTE 8.1 135GR,1
TINTURA BIO EXTRATUS TONALIZANTE 8.4 135GR,1
TINTURA BIOCOLOR HOMEM BOZZANO TONALI CAST ESCURO 1X1,1
TINTURA BIOCOLOR HOMEM BOZZANO TONALIZ LOURO ESCURO 1X1,1
TINTURA BIOCOLOR HOMEM BOZZANO TONALIZANTE CAST CLARO 1X1,1
TINTURA BIOCOLOR HOMEM BOZZANO TONALIZANTE CAST MEDIO 1X1,1
TINTURA BIOCOLOR HOMEM BOZZANO TONALIZANTE GRISALHOS 1X1,1
TINTURA BIOCOLOR HOMEM BOZZANO TONALIZANTE PRETO 1X1,1
TINTURA BIOCOLOR HOMEM TONALIZANTE REDUCAO GRISALHOS 1X1,1
TINTURA CASTING GLOSS CREME 100 PRETO NOITE 1X1,1
TINTURA CASTING GLOSS CREME 532 PETIT GATEAU 1X1,1
TINTURA CASTING GLOSS CREME 566 CEREJA 1X1,1
TINTURA CASTING GLOSS CREME 670 CHOCOLATE COM PIMENTA 1X1,1
TINTURA CASTING GLOSS CREME 743 LOURO ACOBREADO 1X1,1
TINTURA COR&AMP;TON 1.7+ PRETO AZULADO ESPECIAL 1X1,1
TINTURA COR&AMP;TON 5.74 MARROM ACOBREADO 1X1,1
TINTURA COR&AMP;TON 7.3 LOURO DOURADO 1X1,1
TINTURA COR&AMP;TON 8.1 LOURO CINZA CLARO 1X1,1
TINTURA COR&TOM 2.1 PRETO JABUTICABA UN/0001,1
TINTURA COR&TOM 2.8 PRETO AZULADO ESPELHADO UN/0001,1
TINTURA CORETON 12.11 LOURO PLATINO CINZA INTENSO 1X1,1
TINTURA CORETON 12.111 LOURO SUPER PLATINA MEGA COLOR 1X1,1
TINTURA CORETON 12.891 LOURO SUPER PEROLA MEGA COLORS 1X1,1
TINTURA CORETON 8.26 MARSALA ACAI 1X1,1
TINTURA CORETON 9.1 LOURO CLARO CINZA 1X1,1
TINTURA DE IODO 30ML UNIPHAR,1
TINTURA DE JALAPA ALEMA 200ML SOBRAL,1
TINTURA DE JALAPA SOBRAL FR 100ML,1
TINTURA IMEDIA 10 LOURO CLARISSIMO 1X1,1
TINTURA IMEDIA 10.1 LOURO CLARO ACINZENTADO 1X1,1
TINTURA IMEDIA 10.12 LOURO CLARISSIMO PEROLA 1X1,1
TINTURA IMEDIA 2 PRETO CLASSICO LUIZA BRUNET 1X1,1
TINTURA IMEDIA 2.8 + PRETO PEROLADO 1X1,1
TINTURA IMEDIA 4 CALIFORNIANAS LOURO,1
TINTURA IMEDIA 4466 VERMELHO PROFUNDO 1X1,1
TINTURA IMEDIA 5.1 CASTANHO CLARO ACINZENTADO 1X1,1
TINTURA IMEDIA 6 LOURO ESCURO 1X1,1
TINTURA IMEDIA 6.88 MEL TABACO 1X1,1
TINTURA IMEDIA 7.11 LOURO CINZA 1X1,1
TINTURA IMEDIA 7.12 LOURO PEROLA 1X1,1
TINTURA IMEDIA 7.17 LOURO MATTE 1X1,1
TINTURA IMEDIA 8.12 LOURO CLARO PEROLA 1X1,1
TINTURA IMEDIA 8.17 LOURO CLARO MATTE 1X1,1
TINTURA IMEDIA 9 LOURO MUITO CLARO 1X1,1
TINTURA IMEDIA 9.12 LOURO MUITO CLARO PEROLA 1X1,1
TINTURA IMEDIA ICE 11.111 LOURO FATAL 1X1,1
TINTURA IMEDIA ICE 12.111 LOURO FETICHE 1X1,1
TINTURA ISACARE 4.66 CASTANHO MEDIO VERMELHO$,1
TINTURA KOLESTON COLOR 10 PRETO INFINITO 1X1,1
TINTURA KOLESTON COLOR 41 CASTANHO MEDIO ACIZENTADO 1X1,1
TINTURA KOLESTON COLOR 4446 VERM VIBRANTE 1X1,1
TINTURA KOLESTON COLOR 53 ENTARDECER CASTANHO OURO 1X1,1
TINTURA KOLESTON COLOR 641 POR DO SOL CASTANHO COBRE 1X1,1
TINTURA KOLESTON COLOR 72 LOURO MATE MEDIO 1X1,1
TINTURA KOLESTON COLOR 818 LOURO CLARO PEROLADO 1X1,1
TINTURA KOLESTON COLOR 90 LOURO ULTRA CLARO 1X1,1
TINTURA KOLESTON KIT 0080 LOURO CLARO 3X1*,1
TINTURA KOLESTON RETOQUE INSTANT CASTANHO ESCURO 1X1,1
TINTURA KOLESTON RETOQUE INSTANT PRETO 1X1,1
TINTURA MAGIC RETOUCH INSTANTANEO LOURO ESCURO 1X1,1
TINTURA MAXTON 1.0 INDIVIDUAL PRETO 1X1,1
TINTURA MAXTON 1.01 ECONOMICA PRETO CARVAO 1X1,1
TINTURA MAXTON 1.110 ECONOMICA PRETO INTENSO PROFUNDO 1X1,1
TINTURA MAXTON 1.2 PRETO AMETISTA 1X1,1
TINTURA MAXTON 1.6 PRETO MALBEC 1X1,1
TINTURA MAXTON 1.77 PRETO AZULADO INTENSO 1X1,1
TINTURA MAXTON 11.111 LOURO CINZA MUITO CLARO 1X1,1
TINTURA MAXTON 12.11 ECONOMICA LOURO PLATINA CINZA INTE 1X1,1
TINTURA MAXTON 12.111 ECONOMICA LOURO PLATINA CINZA SUP 1X1,1
TINTURA MAXTON 4.86 ECONOMICA MARROM CEREJA 1X1,1
TINTURA MAXTON 403 ECONOMICA PESSEGO 1X1,1
TINTURA MAXTON 5.26 ECONOMICA CASTANHO CLARO MARSALA 1X1,1
TINTURA MAXTON 5.5 ECONOMICA VERMELHO ACAJU 1X1,1
TINTURA MAXTON 5.7 CHOCOLATE AMARGO,1
TINTURA MAXTON 6.22 ECONOMICA AMETISTA 1X1,1
TINTURA MAXTON 6.76 ECONOMICA CHOCOLATE ROSE 1X1,1
TINTURA MAXTON 7.4 ECONOMICA LOURO MEDIO ACOBREADO 1X1,1
TINTURA MAXTON 7.46 ECONOMICA LOURO MEDIO COBRE AVERME 1X1,1
TINTURA MAXTON 7.74 RUIVO DOCE DE LEITE,1
TINTURA MAXTON 777 ECONOMICA AZUL DENIM 1X1,1
TINTURA MAXTON 8.1 ECONOMICA LOURO SUECO 1X1,1
TINTURA MAXTON 8.4 ECONOMICA LOURO CLARO ACOBREADO 1X1,1
TINTURA MAXTON 9.0 ECONOMICA LOURO MUITO CLARO,1
TINTURA MAXTON ECON 2.1 PRETO ESPECIAL 1X1,1
TINTURA MAXTON KIT 2.8 PRETO AZULADO,1
TINTURA NATUCOR PEQ 6.0 LOURO ESCURO,1
TINTURA NATUCOR PO 1.01 PRETO CARVAO 1X1,1
TINTURA NATUCOR PO 6.66 VERMELHO CEREJA 1X1,1
TINTURA NATUCOR PO IND 8.0 LOURO CLARO UN/0001,1
TINTURA SOFT COLOR 10 CAFE EXPRESSO SEM AMONIA 1X1,1
TINTURA SOFT COLOR 20 PRETO SEM AMONIA 1X1,1
TINTURA SOFT COLOR 28 PRETO AZULADO SEM AMONIA 1X1,1
TINTURA SOFT COLOR 30 CASTANHO ESCURO SEM AMONIA 1X1,1
TINTURA SOFT COLOR 323 CAFE ROBUSTA SEM AMONIA 1X1,1
TINTURA SOFT COLOR 40 CASTANHO MEDIO SEM AMONIA 1X1,1
TINTURA SOFT COLOR 415 CAPPUCCINO SEM AMONIA 1X1,1
TINTURA SOFT COLOR 46 BORGONHA SEM AMONIA 1X1,1
TINTURA SOFT COLOR 50 CASTANHO CLARO SEM AMONIA 1X1,1
TINTURA SOFT COLOR 535 CAFE ARABICA SEM AMONIA 1X1,1
TINTURA SOFT COLOR 60 LOURO ESCURO SEM AMONIA 1X1,1
TINTURA SOFT COLOR 67 CHOCOLATE SEM AMONIA 1X1,1
TINTURA SOFT COLOR 70 LOURO NATURAL SEM AMONIA 1X1,1
TINTURA SOFT COLOR 71 LOURO MEDIO ACINZENT SEM AMONI 1X1,1
TINTURA TABLET SANTO ANTONIO 1 NEGRO 1X1UN,1
TINTURA TABLET SANTO ANTONIO 2 PRETO SUAVE 1X1UN,1
TINTURA TABLET SANTO ANTONIO 3 CASTANHO ESCURO 1X1UN,1
TINTURA TABLET SANTO ANTONIO 4 CASTANHO MEDIO 1X1UN,1
TIO NACHO SH+CON RECONSTR 415ML,1
TIOCONAZOL+TINIDAZOL 20+30MGG CREME VAG BG 35G+7APLIC,1
TIOCONAZOL+TINIDAZOL 35G 7APLIC GERMED,1
TIOCONAZOL+TINIDAZOL 35G 7APLIC NEO QUIMICA,1
TIORFAN 100MG 9CPS,1
TIORFAN 10MG 18SACHE 1G,1
TIORFAN 30MG 18SACHE 3G,1
TIPOIA EM BRIM SIMPLES TAMANHO G,1
TIPOIA EM BRIM SIMPLES TAMANHO GG,1
TIPOIA EM BRIM SIMPLES TAMANHO M,1
TIPOIA ESTOFADA IMOBILIZAD.VELP. AZUL G,1
TIPOIA ESTOFADA IMOBILIZAD.VELP. AZUL P,1
TIPOIA IMOB. DUPLA ALMOFADADA BAMBINI INFANTIL/UNICO - LOTE:,1
TIPOIA IMOBILIZADORA INFANTIL MASC. M,1
TIPOIA VELPEAU ESTOFADA AZUL - G,1
TIRA ACCU CHEK ACTIVE 50,1
TIRA ACCU CHEK GUIDE 50 TIRA,1
TIRA G.TECH FREE 50 TIRAS,1
TIRA G.TECH LITE 50 TIRAS,1
TIRA LEITE LOLLY 1und,1
TIRA LEITE SANITY TRADICIONAL,1
TIRA PERFORMA 50 TIRAS,1
TIRA-TIRA PENTE DE ACO INOXI.DISPLAY,1
TIRAS ACCU-CHEK ACTIVE C/50 UND,1
TIRAS DE GLICOSE ON CALL PLUS II FR 50 UND,1
TITENIL 20MG 10CPR - TENOXICAM,1
TIZANIDINA CLOR 2 MG 30 CP G RANBA,1
TOALHA BEBE LIMPINHO C 140 TAMPA,1
TOALHA BEBE LIMPINHO C/ 45 UND,1
TOALHA BEBE LIMPINHO PREM.90UN,1
TOALHA BEBELIMPINHO PREM C\ 140,1
TOALHA MAMYPOKO EDIÇÃO LIMITADA C/ 200 UND,1
TOALHA NATURAL BABY UMEDECIDA PREMIUM 80UN,1
TOALHA TURMA DO BERCO PREMIUM C/140,1
TOALHA UMED BEBE LIMP C/140 UNID,1
TOALHA UMED BEBE LIMP PREMIUM 140UN,1
TOALHA UMED DINNOBABY 96UND,1
TOALHA UMED MAMYPOKO DIA&NOITE 4X50UN 4X50UN,1
TOALHA UMED MAMYPOKO TOQUE SUAVE 50UN 1X50UN,1
TOALHA UMED MILI BABY 1X100,1
TOALHA UMED MUSTELA PL NORMAL 60UN SN,1
TOALHA UMED PAMPERS REGULAR 1X48UN,1
TOALHA UMED PURO AMOR C/40 UN,1
TOALHA UMED TOALHA SELECTWIPES ROSA 100X1,1
TOALHA UMED TOALHA SELECTWIPES ROXO 100X1,1
TOALHA UMED. BABY SEC ULTRAFRESH 1X92,1
TOALHA UMED. PAPEGU BABY 1X100,1
TOALHA UMED. PERSONALIDADE ULTRA 1X100,1
TOALHA UMEDECIDA 120 UNIDADES,1
TOALHA UMEDECIDA BABYSEC 1X46UN,1
TOALHA UMEDECIDA CLEAN BABY COM 100 TOALHAS,1
TOALHA UMEDECIDA HUGGIES MAX CLEAN 1X48UN,1
TOALHA UMEDECIDA HUGGIES TRIPLA PROTECAO 1X88UN,1
TOALHA UMEDECIDA HUPPY BABY WIPES 120UNDS,1
TOALHA UMEDECIDA MAMYPOKO DIAENOITE 50UN,1
TOALHA UMEDECIDA MAMYPOKO TOQUE SUAVE 1X50U,1
TOALHA UMEDECIDA MAMYPOKO TOQUE SUAVE C/01,1
TOALHA UMEDECIDA MILI LOVE C/100UN,1
TOALHA UMEDECIDA PERSONAL SOFTEPR C/50UNID,1
TOALHA UMEDECIDA PERSONAL SOFTEPR LEVE 4 PAGUE 3 4X50UN,1
TOALHA UMEDECIDA PIQUITUCHO HIDRATE L80 P70 1X80UN,1
TOALHA UMEDECIDAS BELLA BABY 1X120UN,1
TOALHA UMEDICIDA MAMYPOKO TOQUE SUAVE,1
TOALHAS CAP BUMMIS FLIP TOP 12X50UN,1
TOALHAS UMED. MAMYPOKO AMARELO 50 UNID,1
TOALHAS UMED. MAMYPOKO LV4PG3 C 200 UNID,1
TOALHAS UMED. MAMYPOKO LV4PG3 c 200 unid,1
TOALHAS UMED. NATURAL BABY LV100 PG80 100,1
TOALHAS UMED. QUICK BABY PREMIUM CARE 100UN,1
TOALHAS UMEDECIDAS 140 UN,1
TOALHAS UMEDECIDAS ISABABY PRIMEIROS 100 DIAS 140 UNID.,1
TOARIP 10 MG C/ 30 CPR,1
TOBRACIN COL 5ML,1
TOBRACORT COL 5 ML,1
TOBRACULAR 3MG OFTAL 5ML LEGRAND,1
TOBRADEX SOL OFT 5ML,1
TOBRAMICINA 03% COL 5ML GER GERMED,1
TOBRAMICINA 3MG SOL OFT 5ML,1
TOBRAMICINA 3MG SOL OFT 5ML GEN LEGRAND,1
TOBRAMICINA 3MG SOL OFT 5ML NEO,1
TOBREX POM OFT,1
TOBREX SOL OFT 5ML,1
TODO DIA ZINCO QUELATO 250MG 30 CAPS,1
TODOC 400MG C/10 CPR LEGRAND,1
TOLREST 100MG C/30 CPR,1
TOLREST 25MG C/30 CPR,1
TOLREST 50MG C/30 CPR,1
TOLREST 50MG C/30 CPR DESMARCADOS,1
TOLREST 75MG C/ 30 CPR,1
TON FAC NIVEA ACNE CONTROL 200ML,1
TONALIZANTE LOCAO RUGOL BRILHANTE 1X150ML,1
TONIC CAP CRESC CAP 60ML CAPHAIR,1
TONICO 7% ACIDO LATICO + 1% ACIDO SALICILICO PRINCIPIA SKINC,1
TONICO ADS NIVEA CONT BRI 200ML-DEMAIS PROD,1
TONICO CAPICILIN CRESCE FORTE 12X20ML,1
TONICO CAPILAR PANTENE BIOTINAMINA B3 52ML,1
TONICO CLEAR FEMININO ANTIQUEDA DERMA SOLUTIONS 1X60ML,1
TONICO CLEAR MEN ANTIQUEDA DERMA SOLUTIONS 1X100ML,1
TONICO CRESCIMENTO ALECRIN 115ML - NATUHAIR,1
TONICO DE ALHO TRADICIONAL,1
TONICO GOTA DOURADA FORTALECIMENTO RICINO 1X100ML,1
TONICO GOTA DOURADA FORTALECIMENTO TRADICIONAL DISPLAY 1X30,1
TONICO GOTA DOURADA HIALURONICO 1X100ML,1
TONICO HASKELL CAVALO FORTE 120 ML,1
TONICO HASKELL JABORANDI 120 ML,1
TONICO NIVEA 2 EM 1 LEITE 200ML,1
TONICO OX MARI MARIA 1X30ML,1
TONICO SALON LINE SOS BOMBA FORCA E ENGROSSAMENTO 1X100ML,1
TONICO SALON LINE SOS BOMBA ORIGINAL NOTURNO CRESCIMENT 1X10,1
TOP BABY CONDICIONADOR HID CACHOS 200ML,1
TOP TOALHA UMID. PIQUITUCHO PRATIC C48,1
TOP WHEY 3W PERFORMA BAUNILHA 900GR,1
TOPCOID 5MG GEL 40GR,1
TOPERMA CARTUCHO C/30 EMPLASTROS-REFERENCIA,1
TOPERMA PATCH ADESIVO 1X10-OUTROS,1
TOPIRAMATO 100MG C/ 60 CPR GEN NOVA QUIMICA,1
TOPIRAMATO 100MG C/ 60CP GEN EUROFARMA,1
TOPIRAMATO 25MG C/ 60 CPR GEN NOVA QUIMICA,1
TOPIRAMATO 25MG C/60 CPR GEN EUROFARMA,1
TOPIRAMATO 50MG C/ 60CPR GEN EUROFARMA,1
TOPIRAMATO 50MG C/60COMP NOVA QUIMICA,1
TOPISON 1MG CR 20G B2,1
TOR HG COZ MES 2191 C75 ABS CR 23354,1
TORAGESIC OFTA 5MG/ML SOL 5ML,1
TORAGESIC SL 10MG 10CPR,1
TORAGESIC SL 10MG C/30 COMP SUBL,1
TORAGESIC SUBL 10MG C/20 COMP,1
TORANTE 15MG XPE 100ML,1
TORMIV SL 10MG C 10COMP SUBL,1
TORMIV SL 10MG C 20 COMP SUBL,1
TORNEIRA BOIA PARA CAIXA DAGUA 3/4,1
TORNEIRA ESFERA E DERIVACAO COM ALAVANCA 3 4 X 1 2,1
TORNOZELEIRA (G),1
TORNOZELEIRA (M),1
TORNOZELEIRA (P),1
TORNOZELEIRA CURTA TAM G,1
TORNOZELEIRA CURTA TAM GG,1
TORNOZELEIRA CURTA TAM M,1
TORNOZELEIRA CURTA TAM P,1
TORNOZELEIRA EM NEOPRENE GRANDE/UNICO - LOTE: 0456410002,1
TORNOZELEIRA EM NEOPRENE MEDIO/UNICO - LOTE: 0476130028,1
TORNOZELEIRA EM NEOPRENE PEQUENO/UNICO - LOTE: 0470890017,1
TORNOZELEIRA M,1
TORNOZELEIRA TAMANHO P LONGA,1
TORSILAX 12 COMPRIMIDOS,1
TORSILAX 12CPR,1
TORSILAX 30CPR,1
TORSILAX C/12 CP,1
TORSILAX C/30 CPR,1
TORSILAX CX 30 COMP,1
TORVAL CR 300MG C 60 COMPRIMIDOS,1
TORVAL CR 300MG C/ 30 CPR,1
TORVAL CR 500MG C 60 COMP REV C1,1
TORVAL CR 500MG C/ 30CPR,1
TORVILIP 10MG 30CPR - ATORVASTATINA - MULTILAB,1
TORVILIP 20MG 30CPR - ATORVASTATINA,1
TORVILIP 40MG CX 30 COMP REV,1
TOTACEF 500MG C/14 CPR,1
TOTTI SL 10MG 10CPR,1
TOTTI SL 10MG C/20 COMP SUBL,1
TOUCA DE ISOPOR COM METALIZADO MK8884,1
TOUCA DE SEDA ANTI-FRIZZ MK9355,1
TOUCA METALIZADA BELLIZ,1
TOUCA METALIZADA DUPLA CAMADA MK5845,1
TOUCA NOVO VISUAL P/BANHO EMBORRACHADA,1
TRALALA KIDS COND 480ML HIDRA KIDS,1
TRAMADOL 100MG 10ML GTS NEO QUIMICA,1
TRAMADOL 50MG 10CPS LEGRAND,1
TRAMADOL 50MG C/10 GERMED DESMARCADOS,1
TRAMADOL+PARACETAMOL 20 CPR GERMED,1
TRAMADON 50MG C/10CPS,1
TRAMADON RETARD 100MG C/10 CPR,1
TRAMAL 50MG C/ 10 CAPS,1
TRAMAL 50MG C/ 20 CAPS,1
TRAMAL 50MG C/20 CAPS,1
TRAMAL RETARD 100 MG C/ 30 CPR,1
TRAMAL RETARD 100 MG C/10 CPR,1
TRAMAL RETARD 100MG C/20 CPR,1
TRAMAL RETARD 50MG C/10 CPR,1
TRAMAL RETARD 50MG C/20 CPR,1
TRAMONTINA ARIA TOMADA 20A,1
TRATAMENTO CAPILAR ALHO SKAFE,1
TRATAMENTO CAPILAR OLEO DE ARGAN SKAFE,1
TRATAMENTO MULTIFUNCIONAL BEYANG BOOSTER,1
TRAUM RETARD 100MG C/10 CPR,1
TRAUMEEL S POM 50G,1
TRAVATAN BAK FREE 5ML(PBM),1
TRAXONOL 100MG CAPS C/15,1
TRAYENTA 5MG 30CPR,1
TRAZODONA 100MG C/30 CPR ZYDUS,1
TRAZODONA 50MG 60CPR MEDQUIMICA,1
TRAZODONA 50MG 60CPR TORRENT,1
TRAZODONA 50MG C/60 COMPRIMIDO ALTHAIA,1
TRELEGY 100+62 5+25MCG C 30DOSES,1
TREONATO MAGNESIO 500MG C/60 CPR,1
TRESIBA FLEXT 100U/ML 5CAR X 3ML,1
TRESIBA INSULINA (E-PHARMA),1
TREXACONT 250MG C/12 CPR,1
TREZETE 10/10MG 30 CP T ACHE,1
TREZETE 10MG+10MG C/60 COMP REV,1
TREZETE 20/10MG 30 CP R ACHE,1
TREZETE 20MG+10MG C/60 COMP REV,1
TREZOR 10 MG 60 CPS,1
TREZOR 10MG C/30CPR (PORTAL DROGARIA),1
TREZOR 20 MG 60 CP S ACHE .,1
TREZOR 20MG C/30CPR,1
TREZOR 40 MG 30 CP S ACHE .,1
TREZOR 5 MG 60 CP S ACHE .,1
TREZOR 5MG C/30CPR,1
"TRIADE OSSO SUPLEMENTO ALIMENTA CALCIO, MANGANÊS,MAGNÉSIO E VIT A,D1000 UI ,E e K 30COMPRIMIDOS",1
TRIANCIL 20MG INJ 5ML,1
TRIANCIL C/5 AMPOLAS,1
TRIAXIN 1G PO SOL INJ X 35 ML,1
TRIAXIN 500MG IM 1 FA+1AMP 2ML,1
TRIBULLUS TERRESTRIS + MACA PERUANA 60 CAPS,1
TRIBULLUS TERRESTRIS 60 CAPS,1
TRIBULUS MACA 120CAPS 500MG,1
TRIBULUS MACA 60CAPS 500MG SHOPPNATU,1
TRIBULUS TERREST 1500 MG C60 CPS,1
TRIBULUS TERRESTRIS 120CAPS 500MG SHOPPINATU,1
TRIBULUS TERRESTRIS 120CPS 1200MG NATUGYN,1
TRIBULUS TERRESTRIS 2200MG C/ 120 CAPS,1
TRIBULUS TERRESTRIS 500MG C/60CPS,1
TRIBULUS TERRESTRIS C/60CAPS,1
TRIBULUS TERRESTRIS CHOSEN C/60 CAPSULAS,1
TRIBULUS TERRESTRIS XL C/60 CAPSULAS,1
TRICOLÁGENO BIOACTIVE +13VITAM. E 9 MINERAIS 275G,1
TRIDENT 8G SABOR HORTELÃ,1
TRIDENT 8G SABOR MELANCIA,1
TRIFAMOX IBL BD 200/50 MG/ML SUSP 30ML,1
TRIFAMOX IBL BD 200/50 MG/ML SUSP 60ML,1
TRIFAMOX IBL BD 875/125MG C/14 CPR,1
TRIFOR CAPS C/60 CAPSULAS,1
TRILAX 30 CP S SANDOZ .,1
TRILEPTAL 300MG C/60 COMP C1-REFERENCIA,1
TRILEPTAL 60 MG/ML XPE 100ML (PBM),1
TRILEPTAL 600MG 60CPR,1
TRIM CORTADOR UNHA MAO POTE 1 und,1
TRIM PINCA PONTA INCLINADA 5-29PG 6X1$,1
TRIM TESOURA P/ UNHA PONTA CURVA 10-4PG$,1
TRIMBOW 100+6+126MCG 120DOSES (FUNCIONAL),1
TRIMEB 200MG C/60 CAPS-SIMILAR,1
TRIMEBUTINA 200 C/30 EUROFARMA,1
TRIMEBUTINA 200MG 60CAPS EUROFARMA,1
TRIMETAZIDINA 35MG 30CPR REV.LIB.PROL EUROFARMA,1
TRIMETAZIDINA 35MG 60CPR MEDLEY,1
TRIMETAZIDINA 35MG C/60CP MEDLEY,1
TRINULOX CR 15G,1
TRIPLENEX SOLUCAO OFTALMOLOG 5ML,1
TRIPLO A 150MG C 10COMP LIB PROL,1
TRIQUILAR C/21 DRG,1
TRIQUILAR C/63 COM REV,1
TRISELEN SHAMPOO ANTICASPA 120ML UBER,1
TRIVAGEL N CR VAG 60G + 10 APLICADOR,1
TRIVITT LEAVE-IN HIDRATANTE 250ML,1
TROK -G 30G POMADA,1
TROK G 30 G CREME,1
TROK N CREME 30G,1
TROK N POMADA 30G,1
TROL 100MG C 10COMP REV,1
TROMBOFOB GEL 40G,1
TROMETAMOL CETOR 10MG 10SUBL GMD,1
TROMETAMOL CETOROLACO 10 MG X10 COM SUBL,1
TROMETAMOL CETOROLACO 10 MG X20 COM SUBL,1
TROMETAMOL CETOROLACO SOL OFT 5MG/ML 5ML,1
TROMETAMOL+CETO 10MG C/10 SL BIOSINTETICA,1
TROMETAMOL+CETO 10MG C/20 SL BIOSINTETICA,1
TROPINAL 20CPR,1
TROPINOM COL 5ML,1
TRUE OMEGA3 60CPS TRUE SOURCE,1
TUA D 2.000UI C/30 CAP GEL,1
TUBARAO BANHO ALEGRE VILATOY,1
TUBO PVC 40MM ( 3 METROS ),1
TURNO 10MG C/ 30 CPR,1
TURNO SL 5MG C/ 30 CPR,1
TYFLEN 100MG SUS FR 15ML BEBE,1
TYFLEN 200MG SOL FR GTS 15ML,1
TYFLEN 32MG/ML 60ML CRIANCA SUSP ORAL,1
TYFLEN 500MG 20CPR - PARACETAMOL,1
TYFLEN 750MG CX 20 COMP,1
TYLALGIN 750MG C/20 COMPRIMIDO GEOLAB,1
TYLEMAX BABY SUSP 15 ML,1
TYLEMAX CRIANCA 160MG/ML 60ML (PARACETAM,1
TYLEMAX GTS 15ML NATULAB,1
TYLENOL BEBE GTS 15ML,1
TYLENOL DC 1G MULT DORES C 20 CO,1
TYLENOL SINUS 500MG 24CPR,1
TYLENOL SINUS C/36 COMP,1
TYLEX 30MG (500/30 MG) C/ 12 CPR,1
TYLEX 30MG (500/30 MG) C/ 24 CPR,1
TYLEX 30MG (500/30 MG) C/ 36 CPR,1
TYLEX 500+30MG C/12 CPR,1
TYNNA 20MG C 15 COMP,1
TYNNA 20MG C 30 COMP,1
Termometro Digital G-tech,1
Toalha umedecidas Bella Baby 140 unid.,1
ULTIBRO 110 50 MCG 30 CAPS + INA,1
ULTRA COREGA CR MENTA 19G-DEMAIS PROD,1
ULTRACET C/10 CPR,1
ULTRACET C/20 CPR,1
ULTRACLER SABOR ABACAXI CX 60 FLAC 10ML,1
ULTRAFER 100MG 30CPR,1
ULTRAFER GTS 30ML,1
ULTRAFIX CREME S/ SABOR 68 G X 1,1
ULTRASEPT SENSITIVE KIT 360ML+120ML KLEY HERTZ,1
ULTROX 10MG C/20 COMP SUBL,1
UMBI GOTAS SOL GOT 8ML,1
UMECTANTE BIFASICO MEL 55 ML,1
"UMIDIFICADOR AR MULTILASER ULTRAS FISHER PRICE 2,2L/MULT",1
UMIDIFICADOR AROMATIZADOR MK BABY 21L HC026,1
UMIDIFICADOR BIOEXT BIOTTANO 150G,1
UMIDIFICADOR HUMID AIR PLUS III 3L,1
UMIDITA AI CR HIDRATRANTE 120G,1
UMIDITA AI LOCAO HIDRATANTE 500ML P LIBBS,1
UMIDITA AI SAB CREMOSO 300G,1
UMIDITA GESTANTE CORPO 200ML,1
UMIDITA LOC HIDRAT INF 120ML,1
UMIDITA LOCAO HIDRAT 500ML LP:N,1
UNHA COLORS BRILHO SINGELO MK9706,1
UNHA FRANCESINHA MATTE PRETO MK1179,1
UNHA FRANCESINHA MATTE VINHO MK1186,1
UNHA POSTICA C/24 REF-716,1
UNHA SFT 24UN REF-433,1
UNHA SFT REF-431 24 UN,1
UNHA SFT REF-717 C/24 UND,1
UNHA SOFT & COLORS PRETO MK1193,1
UNHAGOLD SPRAY 30ML,1
UNHAS BABY BOOMER BAILARINA MK1162,1
UNHAS COLORS AMO PINK MK8983,1
UNHAS COLORS CORAL CORALINA MK8976,1
UNHAS COLORS NUDE BOMBASTICO MK6422,1
UNHAS COLORS NUDE ROYAL MK9003,1
UNHAS COLORS PAIXAO AO EXTREMO MK8945,1
UNHAS COLORS PRETO BASICO MK6453,1
UNHAS COLORS ROSA INOCENTE MK8969,1
UNHAS COLORS ROSE INIGUALAVEL MK8990,1
UNHAS COLORS SEDUCAO SEM LIMITES MK8457,1
UNHAS COLORS TOQUE DE TERNURA MK8549,1
UNHAS COLORS VINHO COM AS AMIGAS MK6439,1
UNHAS CURVATURA NATURAL MK6521,1
UNHAS FRANCESINHA CURTA MK6569,1
UNHAS FRANCESINHA DELICADA MK9935,1
UNHAS FRANCESINHA MK6552,1
UNHAS OVAL MK6538,1
UNHAS POSTICAS BAILARINA MK1155,1
UNHAS POSTICAS RICCA CURTA QUADRADA ROSA SEXY 1X24,1
UNHAS POSTICAS RICCA NUDE 1X24UN,1
UNHAS QUADRADA MEDIA MK6507,1
UNICLARIN COLIRIO 15 ML X 1 FR,1
UNIFLU 30MG CAP DURA C/10,1
UNIFLU 45MG CAP DURA C/10 CAPSULAS,1
UNIFLU 75MG CAP DURA C/10,1
UNINALTREX 50 MG C/ 30 CPR,1
UNIPRAZOL 20MG BLISTER 28 CPS,1
UNIPRAZOL 20MG CAP BLX56,1
UNIQ B12 METILCOBALAMINA C/60CPR,1
UNIQ B12 SPRAY 30ML LARANJA,1
UNIQUE ONE REVLON 150 ML,1
UNITIDAZIN 100MG C/20 CPR REV,1
UNITRAM 10MG C/30 CPR,1
UNITRAM 20MG/ML 15ML,1
UNIZINCO PRE 10ML,1
UNIZINCO SOL 100ML,1
UNIZINCO ZN 20MG C/28 COMPRIMIDOS,1
UNOPROST 4MG 30CPR,1
URBANIL 10MG C/ 20 CPR,1
URBANIL 20 MG C/ 20 CPR,1
URCIP 500MG C/14 CPR,1
UREADERME 10 LOCAO REIDRATANTE 120ML,1
UREADIN CALM OLEO DE BANHO 200ML,1
UREADIN LOCAO HIDRAT 10% 400ML,1
UREADIN PODOS GEL OIL 75ML P ISDIN .,1
UREADIN RX 10 LOCAO PLUS 400ML,1
UREALUX 10 BICO DOSADOR 200ML,1
UREAX 3% CR INF 120G SN,1
UREIA 10% CREME HIDRATANTE 150G,1
UREIA 3% LOCAO HIDRATANTE 150ML,1
UREIA 3% LOCAO INFANTIL 150ML,1
UREPLUS10 C/ ALOE E VERA FR 150 G,1
URESKIN 10% CREME BG X 60G,1
URESKIN 10% LOCAO FR X 240ML,1
URO VAXON 6MG 30CPS,1
UROCRAN BL C 30 CAPS,1
URSACOL 150MG CPR 1X30-REFERENCIA,1
URSACOL 300MG CPR 30,1
UTROGESTAN 100MG 30CPS,1
UTROGESTAN 200MG 42 CAPS,1
UTROGESTAN 200MG C/14 CAPS,1
V15 ENERGY CAPS CAFFEINE 200 MG 60 COMPRIMIDOS,1
VABAM 10MG C 30 COMP REV,1
VABAM 15MG C/30 COMP,1
VABAM 20MG C/15 COMP REV,1
VABAM 20MG C/30 COMP REV,1
VAGI-C 250MG C/6 COMP+APLICADOR-OUTROS,1
VAGIFEM 10MCG C 18 COMP,1
VAGISOFT 30G - LUBRIFICANTE,1
VAL.BETA+SULF.GENTA+TOLNA+CLIO CREM 20G,1
VALACICLOVIR 500MG C/42 RANBAXY,1
VALDA 18 GR,1
VALDA AVENTURA 25G,1
VALDA AVENTURA PAST SACH 30X25G-DEMAIS PROD,1
VALDA C SACHET 18X24G,1
VALDA DIET LATA DISPLAY 50 GR,1
VALDA DIET PAST FLIPTOP 12X24G,1
VALDA DIET PAST SACHET 12X12G-DEMAIS PROD,1
VALDA DIET TABLETE UNIDADE,1
VALDA FRIENDS CAFE S/ACUC 25GR,1
VALDA FRIENDS CANELA SACH 30X25G,1
VALDA FRIENDS GOMA BLT 16X12G-DEMAIS PROD,1
VALDA FRIENDS MORANGO POTE 50G FR,1
VALDA FRIENDS PAST POTE 50G,1
VALDA FRIENDS PAST S ACUC 30X25G,1
VALDA FRIENDS PAST S/ACUC 30X25G,1
VALDA IMUNE ADULTO 60G,1
VALDA IMUNE ADULTO ZIP LOCK GOMAS 50G FR,1
VALDA LATA DISPLAY 10X50GR-DEMAIS PROD,1
VALDA LATA DISPLAY 50GR,1
VALDA MAIS LATA C 10 50GR,1
VALDA PAST SACHE 12G,1
VALDA PASTILHA FLIP TOP 24G,1
VALDA RUB LATA 12GR C/12-OUTROS,1
VALDA RUB POTE 30GR-DEMAIS PROD,1
VALDA TABLETE 4G,1
VALDA XPE S ACUCAR ADULTO 100ML,1
VALDA XPE S ACUCAR INFANT 100ML,1
VALDOXAN 25G C/ 56 CPR,1
VALE BETAMETASONA POM 30G GERMED,1
VALERATO DE BETAMETASONA + SULFATO DE GENTAMICINA + TOLNAFTA,1
VALERATO DE BETAMETASONA+SULFATO DE GENTAMICINA+TOLNAFTATO+C,1
VALERIANA 60 CAPS,1
VALIUM 10 MG C/ 30 CPR,1
VALIUM 10MG C/30 COMP,1
VALIUM 5MG C/ 30CPR,1
VALIUM 5MG C/30 COMP,1
VALPI 500MG 30CPR,1
VALPROATO SODIO 5OOMG 50CPR BIOLA,1
VALSARTANA + HIDRO 320/25MG 30CPR TORRENT,1
VALSARTANA 160 MG 30CPR NEO QUIMICA,1
VALSARTANA 160MG 30CP NEO QUIMICA,1
VALSARTANA 160MG 30CPR BIOSINTETICA,1
VALSARTANA 160MG 30CPR GERMED,1
VALSARTANA 320MG 30CPR GERMED,1
VALSARTANA 320MG 30CPR NEO QUIMICA,1
VALSARTANA 80 MG C/30 COMPRIMIDO CIMED,1
VALSARTANA HCT 160/25 30CP TOR,1
VALTREX 500MG 10CPR,1
VALVULA ACO INOX P/ PIA AMERICANA 3.1/2 1633,1
VALVULA ACO INOX P/ PIA AMERICANA 4.1/2 1633,1
VALVULA LAVAT UNIV C/ TAMPA CR 444306,1
VALVULA PVC P/ TANQUE 11/4 VT BCO,1
VANLURE 500MG C/10 COMP REV,1
VARICELL CREME BISNAGA 150G,1
VARICELL DUO 6DH C/30 CP ORODISP,1
VARICELL GEL 300G,1
VARICELL PROCT POM 25G 6APLIC,1
VARICOSS 20DRG,1
VARICOSS 60DRG,1
VARIPLEX CREME 300GR,1
VARIVAX 300MG CPR C/30,1
VARTAZ 160 MG 30 CPR,1
VARTAZ 320MG 30CPR,1
VARTAZ 80 MG 30 CPR,1
VARYLIFT 1000MG C/30 CPR,1
VARYLIFT 1000MG COM REV X 60,1
VASCOR MR 35MG C/30 COMP,1
VASCOR MR 35MG C/60 COMP,1
VASELINA LIQUIDA BELLAPHYTUS 1000ML,1
VASELINA SOLIDA 25G AVVIO,1
VASEMAX HIDRAT. VASELINA LIQ. 100 ML,1
VASLIP 20MG 60CPR,1
VASOGARD 100MG C/30CPR,1
VASOGARD 100MG C/60CPR,1
VASOGARD 50MG C/30CPR,1
VASOGARD 50MG C/60 CPR,1
VASOPRIL 10MG C/60 COMP,1
VASOPRIL PLUS 10/25MG 30CPR,1
VAST 10MG 30CPR,1
VAST 20MG 30COMP,1
VAST 40MG 30COMP,1
VASTAREL CAPS LP 80MG C/30CAPS,1
VATIS 150MG 60CPR,1
VATIS 150MG 90CPR,1
VATIS 300MG 90 CP REV S LIBBS .,1
VATIS 300MG C/60 COMP REV,1
VEDA ROSCA 12MMX10M - AMANCO,1
VEEPI 250 MG 30 COMP REV,1
VELIJA 30MG C/ 60 CAPS,1
VELIJA 30MG C/30 CAPS,1
VELIJA 60MG C/30 CAPS,1
VELIJA 60MG C/60 CAPS,1
VELLANA 50MG 30COMP LIB PROL,1
VELUS CALCIO C/30 SACHE,1
VELUS MAGNES C/30 COMP,1
VELUS SUPLEMENTO C/30 COMP,1
VENAFLON 30CPR TEUTO,1
VENAFLON 60 COMP TEUTO,1
VENAFLON 900+100MG 30CPR TEUTO,1
VENAFLON 900+100MG 60CPR TEUTO,1
VENALOT 30DRG,1
VENALOT 60DRG,1
VENALOT CR 240ML,1
VENDEXLA 100MG C 30 COMP REV C1,1
VENDEXLA 50MG C 30 COMP REV C1,1
VENLAFAXINA (C1) HCL 150 MG C 30 CAPS,1
VENLAFAXINA (C1) HCL 75 MG C/30 CAPS,1
VENLAFAXINA 75MG C/ 30 CAPS EMS,1
VENLAXIN 150MG C/30 CPS,1
VENLAXIN 75MG C/30CPR,1
VENLAXIN XR 75MG 60CAPS C1,1
VENLIFT OD 150MG C/30 CAPS,1
VENLIFT OD 75MG C/ 30 CPS,1
VENOCEL GEL 300G,1
VENOCUR FIT 2632 MG 30 CAPS,1
VENOXFLAN CREME PARA PERNAS 300ML,1
VENOXIDE 900+100MG C 30 COMP,1
VENSATE LP 150MG C/30 CAPS,1
VENSATE LP 75MG C/ 30 CPR,1
VENTUS 50MCG SUS SPR C 120ACIO,1
VENTUS 50MCG SUS SPR C 60ACIO,1
VENVANSE 30MG C 28 CAPS,1
VENVANSE 30MG C/ 28 CAPS,1
VENVANSE 50MG C/28 CAPS,1
VENVANSE 70MG C/ 28 CPS,1
VENZER 16MG CPR 30,1
VENZER 8MG CPR 30,1
VERNIZ LABIAL STAR MIGA 4ML,1
VEROTINA 20MG C/28CPR,1
VERRUX GTS 10ML,1
VERSA 40MG C/ 6 SERINGAS,1
VERSA 60MG C 2 SERINGAS,1
VERTIGIUN 10MG 50CPR,1
VERTIGOHEEL 50 COMP SL,1
VERTIZINE D 20CPR,1
VERUTEX B CR 15G,1
VERUTEX CR 15 GR,1
VESOMNI 06+04MG C/30CPR,1
VESOMNI 06+04MG CPR 10,1
VIATINE 10MG CPR 30,1
VIATINE 5MG 30 COMP,1
VIBRAL AD 120ML,1
VIBRAL GTS 10ML,1
VIBRAL XAR PED 120ML,1
VIBRAMICINA SOLUV 100MG C20 COMP,1
VICHY IDEAL SOL ANTI BR F30 40G-DEMAIS PROD,1
VICHY IDEAL SOLEIL CLARIFY FPS60 40G-DEMAIS PROD,1
VICHY IDEAL SOLEIL FPS30 EFEITO BASE 40G-OUTROS,1
VICHY MINERAL 89 OLHOS 15ML,1
VICHY MINERAL 89 SERUM 30ML,1
VICHY MINERAL PROBIOTIC M89 30ML,1
VICHY SERUM LIFTACTIV VIT C 20ML,1
VICK BABYRUB 12G,1
VICK BABYRUB 12G REFERENCIA,1
VICK BABYRUB 50G,1
VICK PRIMEIRA PROTECAO 15ML,1
VICK PYRENA C5 SACHES 5G,1
VICK PYRENA GRIP-7 24BL C 5 CAPS,1
VICK PYRENA GRIP-7 C/10 CAPS,1
VICK PYRENA GRIP-7 C/20 CAPS,1
VICK PYRENA MEL E LIMAO 5GX,1
VICK VAPO SPRAY 100ML,1
VICK VAPOBANHO 3 PAST FM,1
VICK VAPORUB 100G,1
VICK VAPORUB 12G,1
VICK VAPORUB 30G,1
VICK VAPORUB 50GR,1
VICK XAR PED 120ML,1
VICK XPE MEL 100ML,1
VICK XPE PED 120ML,1
VICOG C/90 COMP,1
VICTORIA S SECRET BARE VANILLA CASHMERE 236ML,1
VICTORIA S SECRET COCONUT PASSION SHIMMER 236ML,1
VICTORIA S SECRET LOVE SPEEL CANDIED 236ML,1
VICTORIA S SECRET LOVE SPEEL CANDIED 250ML,1
VICTORIA S SECRET PURE SEDUCTION 236ML,1
VICTORIA S SECRET PURE SEDUCTION CANDIED 236ML,1
VICTORIA S SECRET PURE SEDUCTION CANDIED 250ML,1
VICTORIA S SECRET PURE SEDUCTION SHIMMER 236ML,1
VICTORIA S SECRET SUGAR PLAUM FIG 236ML,1
VICTOS XAROPE INFATIL AUXILIA NO SISTEMA IMUNOLOGICO 5 AÇÕES 120 ML,1
VICTOZA 6MG/ML INJ 1X2-OUTROS,1
VIDISIC GEL 10G,1
VIDMAX 100 MG C/ 60 CPR,1
VIDMAX 25MG C/60 COMP,1
VIDMAX 50MG C/60 CPR,1
VIELUT 10 C 60 COMP REVESTIDOS,1
VIELUT OMEGA C/30 CAPS GEL,1
VIELUT10 10MG C 30 COMP,1
VIGADEXA SOL 5ML,1
VIGAMOX SOL 5ML,1
VILDAGLIPTINA 50MG C 56 COMP NAT,1
VIMPAT 50MG 14 COMP,1
VINAGRE DE MACA 1000MG C/60CPS FORTLIFE,1
VINAGRE DE MAÇÃ EM CÁPSLUS 1000MG 60 CÁPSULAS,1
VIOFTA 015% SOL OFT 10ML,1
VIOLETA GENCIANA 1% 30 ML,1
VIOLETA GENCIANA SOL 30ML UNIPHAR,1
VIRTIOLATE SOLUCAO TOPICA,1
VISOPTIC 5MG/ML SOL OFT 5ML-SIMILAR,1
VIT K2 MK7 MENAQUINONA 100MCG C/60COMP VEGANA,1
VIT NATU TESTO MAX 500MG C/60 CAPS,1
VIT NEO QUIMICA OMEGA 3 60 CPS,1
VITA COLIN 4G C 30 SACHES,1
VITA JUNIOR XPE 120ML B5,1
VITA MEDLEY CALCIO + D C/ 60 CP,1
VITA SENIOR 30CPS,1
VITA SUPRAZ A+D+E FLAC 3ML (AL),1
VITA SUPRAZ A+D+E FLACONETE 3 ML,1
VITA SUPRAZ CALCIO+D3 COM REV X 60 (AL),1
VITA SUPRAZ COM 60CPR,1
VITA SUPRAZ COMP REV C/30CPR (AL) UNIÃO Q.,1
VITA SUPRAZ CQ10 CAP DURA 100MG X30 (AL),1
VITA SUPRAZ ENERGY FR 30 COM,1
VITA SUPRAZ HAIR X 60 CAP DURA,1
VITA SUPRAZ HOMEM 60CPR,1
VITA SUPRAZ MULHER 60CPR,1
VITA SUPRAZ UNIAOQ ALIM HOMEM C/60 DRG,1
VITA SUPRAZ UNIAOQ ALIM MULHER C/60 DRG,1
VITA SUPRAZ VIT E CAP MOLE X 30 (AL),1
VITACID ACNE 25 G,1
VITACID CR 0050% 25G,1
VITACID PLUS 15G L5,1
VITACID XT CR 25G,1
VITAFACE AQUA ESP DE LIMP CREMOSA E DEMAQ 150ML,1
VITAFACE AQUA GEL ESFOLIANTE DE ARROZ 120G,1
VITAFACE AQUA SERUM AREA DOS OLHOS 20 G,1
VITAFACE CLAREADOR 40G,1
VITALIA XR 32MG 30CPR LIB PROL (BETAISTINA),1
VITALIA XR 48MG C/30COMP LIBPROL,1
VITALUX PLUS OMEGA 3(PBM),1
VITALUX VISAO 2.0 C/120 CAPS,1
VITAMAX 3X10,1
VITAMIN C 1GR CPR EFERV,1
VITAMINA B-12 60CAPS MAXINUTRI,1
VITAMINA B-12 60CPR MASTIGAVEIS FRUTAS VERMELHAS MAXINUTRI,1
VITAMINA B12 (1 AO DIA) 120CAPS,1
VITAMINA B12 C/60 CAPS DUOM CIANOCOBALA,1
VITAMINA B3 NIACINA60CAPS,1
VITAMINA B6 (PIRIDOXINA) 500MG C/60CPS,1
VITAMINA B6 60CAPS DUOM,1
VITAMINA B7 (BIOTINA) 500MG C/60CPS,1
VITAMINA C 1G NEO QUIMICA 10COMPRIMIDOS EFERVECENTE,1
VITAMINA C 200MG/ML 20ML,1
VITAMINA C 500 MG 30 CPS GEL A BIOLAB .,1
VITAMINA C 500MG 20 COMP,1
VITAMINA C 500MG C/60 CPS BIOLAB,1
VITAMINA C GOTAS 20ML,1
VITAMINA C GOTAS 20ML - ARTE NATIVA,1
VITAMINA C PURA 95% + 5% ACIDO FERULICO PRINCIPIA SKINCARE V,1
VITAMINA CAPILAR FIOTRAT OJON DISPLAY 6X1,1
VITAMINA CAPILAR FIOTRAT TRATAMENTO RECONST DISPLAY 6X1,1
VITAMINA D 1.000UI 30CAP (EUF),1
VITAMINA D 15.000UI 10CAPS EUF,1
VITAMINA D 15.000UI 4CAPS EUF,1
VITAMINA D 2.000UI 30CAP EUROFARMA,1
VITAMINA D 2.000UI C/30 CAPSULAS,1
VITAMINA D 50.000 UI COMP REV 2BL X 4,1
VITAMINA D 50.000UI 4 CAPS NEO QUIMICA,1
VITAMINA D 50.000UI 4CAPS EUROFARMA,1
VITAMINA D 50.000UI 8 CAPS NEO QUIMICA,1
VITAMINA D 50.000UI 8CAPS EUROFARMA,1
VITAMINA D 500UI 10ML,1
VITAMINA D 7.000 UI 10 CAP EUROFARMA,1
VITAMINA D 7.000 UI COMP REV 1BL X 4,1
VITAMINA D 7.000UI C/04 CAPSULAS,1
VITAMINA D3 10.000 UI COM REV X 4,1
VITAMINA D3 10.000 UI COM REV X 8,1
VITAMINA D3 10.000UI 4 CPS MOLE,1
VITAMINA D3 1000UI 30CAPS A BIOLAB .,1
VITAMINA D3 1000UI GTS C/10 ML BIOLAB,1
VITAMINA D3 2.000UI X30 (AL),1
VITAMINA D3 5.000 UI COM REV X 30,1
VITAMINA D3 50.000 UI COM REV C/04,1
VITAMINA D3 50.000 UI COM REV X 8,1
VITAMINA D3 5000 UI X 30 CAP MOLE - COLECALCIFEROL,1
VITAMINA D3 50000UI 8CAPS T BIOLA,1
VITAMINA D3 7.000 UI COM REV X 12,1
VITAMINA D3 7.000 UI COM REV X 30,1
VITAMINA D3 7.000UI 10 CPS MOLE,1
VITAMINA D3 7.000UI 30 CPS MOLE,1
VITAMINA D3 7.000UI 4 CPS MOLE,1
VITAMINA K 2 60 CÁPSULAS,1
VITAMINA K2 125MG SUPRA SUPLEMENTO ALIMENTAR 60 CÁPSULAS,1
VITAMINA K2 140MCG 60 CPS DUOM,1
VITAMINA MELAGRIAO VIT.C KIDS LAR+MOR C/30,1
VITAMINA NEO Q CALCIO 60CPR (CENTROTABS),1
VITAMINA NEO Q D 2000UI 30CPR (COLECAL),1
VITAMINA NEO Q D 400UI KIDS GTS 10ML,1
VITAMINA NEO QUIMICA KIDS C60,1
VITAMINA TRIBULLUS TERRESTRIS 1200MG C/60 CPS,1
VITAMINA TRIBULLUS+MACA 1200MG C/120 CAPS,1
VITAMINAS NEOQUIMICA CENTRO MULHER FR 60 COMP 10SEM,1
VITANOL A CR 0025% 30G,1
VITASAY 50+ IMUNE C 30 COMP REV,1
VITASAY 50+AZ HOMEM+CAF 30CP REV-DEMAIS PROD,1
VITASAY 50+AZ HOMEM+CAF 60CP REV,1
VITASAY AZ HOMEM C/30 COMP REV,1
VITASAY AZ MULHER C 30 COMP REV,1
VITASAY AZ MULHER C/90 COMP REV,1
VITASAY IMUNE D TRIP ACAO C/10CP,1
VITASAY IMUNE D TRIP ACAO C/20CP,1
VITASHOW AZ MULHER 60 CAPS,1
VITASHOW VITAMINA B12 DOSE MAXIMA 60 CAPS,1
VITASUPRAZ (ALGODÃO DOCE),1
VITASUPRAZ AOX Q10 30 CAPSULAS,1
VITASUPRAZ CHOCOLIX C/10 COMPRIMIDO EFERV,1
VITASUPRAZ CHOCOLIX C/60CPR,1
VITASUPRAZ CHOCOLIX SOL OR 120 ML (AL),1
VITASUPRAZ EFERVESCENTE C/15,1
VITASUPRAZ ENERGY C/15 EFERVECENTE,1
VITASUPRAZ IMUNO COMPLEX FR X 30 (AL),1
VITASUPRAZ JR SUSP OR 120ML,1
VITASUPRAZ MAÇA DO AMOR ( 10 COMPRIMIDOS EFERVESCENTE),1
VITATOON IMUNIDADE VIT C+ZN 2G SB UVA C/30 GOMAS/MAX,1
"VITATOON KIDS - VITAMINA A a Z GOMAS, sabor: brigadeiro, morango e tutti frutti",1
VITATOON LUCCAS NETO C/30,1
VITAVOCE AZ 30 CAPS,1
VITAVOCE AZ SENIOR 30 CAPS,1
VITAVOCE CABELOS E UNHA 30 CAPSULAS,1
VITAVOCE CALCIO D3 30 CAPSULAS,1
VITAVOCE COMPLEXO B 30 CAPSULAS,1
VITAVOCE FERRO+ACIDO FOLICO 30 CAPSULAS,1
VITAVOCE MULHER 30 CAPSULAS,1
VITAXON C 1G + ZINCO CX 30 COMP EFV,1
VITAXON C 1G C/30 COMP EFV,1
VITAXON C 1GR EFER 10CPR (ACIDO ASCORBIC,1
VITAXON C GTS 20ML SABOR CARAMELO,1
VITAXON C TRIPLA ACAO EFERV C30 AIRELA,1
VITAXON DZINCO 2.000UI+30MG 30 CPR (VIT D+ZINCO),1
VITAXON TRIPLA ACAO 1G+10MG+400UI EFERV 10CPR,1
VITAZ MAMAE 1000MG 30 COMP,1
VITER C + ZINCO 1GR 10CPR EFERV - ACIDO ASCORBICO,1
VITER C GTS 20ML,1
VITER C GTS 20ML/NAT,1
VITERGAN COG 60CAPS,1
VITERGAN MASTER C/60 CAPS,1
VITERGAN MASTER N C 30 COMPR,1
VITERGAN MASTER N C/70 COMP,1
VITERGAN ZINCO C/60 COMP REV,1
VITERGAN ZINCO PL D 30CPR,1
VITERGAN ZINCO PL D 70CPR,1
VITERGAN ZINCO PLUS 30CPR,1
VITERGAN ZINCO PLUS 30MG 60CPR,1
VITERGYL C 1G 30CPR,1
VITERGYL C 1G C/10 CIFARMA,1
VITERGYL C 1G C/10 EFERVECENTE,1
VITERGYL CDZ 1000MG + 2000UI(50MCG) + 13 MG X 10 COM EFEV,1
VITERGYL CDZ 1000MG + 2000UI(50MCG) + 13 MG X 10 COM EFEV X,1
VITERGYL ZINCO 30COMP,1
VITERSOL DK2 C/30 COMP REV,1
VITFORTE 60CPS,1
VIVAI GLOSS LAB MORANGO UN-0001-UN,1
VIVAI GLOSS LABIAL PICOLEZINHO 1x1,1
VIVAI LIP GLOSS PRINCESA C36 3012 UN-0001-UN,1
VIVAI MASCARA P CILIOS 2 em 1,1
VIVAMENT 30CAPS DURA (SUPL. ALIM),1
VIVERDAL 1MG C/30 CPR,1
VIVERDAL 2MG C/30 COMP,1
VIVOSSO C 30 COMP,1
VIVOSSO PRO C 60 COMP,1
VO2 PROTEIN BAR CHOCOLATE 12X30G,1
VO2 PROTEIN BAR COOKIES 12X30G,1
VODOL PREVENT PO C/ 100G,1
VODOL PREVENT RELAXANTE PO X 100G,1
VOEXTOR 10MG C 30 COMP REV,1
VOEXTOR 10MG C 60 COMP REV,1
VOEXTOR 5MG C 30 COMP REV,1
VOGNUS 10MG C 60 COMP REV C1,1
VOGNUS 5MG C 30 COMP REV,1
VOLIG 4MG 10CPRS ORO DISP (ONDANSETRONA),1
VOLIG 8MG 10CPRS ORO DISP (ONDANSETRONA),1
VOLTAREN 50MG C/20 COMP,1
VOLTAREN AMPOLA 3ML INJ,1
VOLTAREN RETARD 100MG 10CPR,1
VOLTAREN SR 75MG 20CPR,1
VONAU FLASH 4MG 10CPR,1
VONAU FLASH 8MG 10CPR,1
VONAU FLASH MENTA 8MG C/10 COMP-REFERENCIA,1
VONSET 4MG COM ORODISP X 10,1
VORIC 10MG C/10 COMP SUBL,1
VORIC 10MG C/20 COMP SUBL,1
VOXX PRE TREINO EFERVESCENTE C/10,1
VULT BASE MATE HIALURONIC COR N005 1X26M,1
VULT BASE MATE HIALURONIC COR N020 1X26ML,1
VULT BASE MATE HIALURONIC COR N030 1X26M,1
VULT BASE MATE HIALURONIC COR N090 1X26ML,1
VULT BASE MATE HIALURONIC COR Q040 1X26ML,1
VULT BASE MATE HIALURONIC COR Q075 1X26M,1
VULT BASE MATE HIALURONIC CORES N005 N030 Q075 DISPLAY 1X26M,1
VULT BASE MATE HIALURONIC CORES N020 N040 Q090 DISPLAY 1X26M,1
VULT BB SERUM FPS60 V100 CLARO ROSADO 1X30ML,1
VULT BB SERUM FPS60 V160 MEDIO ROSADO 1X30ML,1
VULT BB SERUM FPS60 V230 BEGE MEDIO 1X30ML,1
VULT BLUSH COMPACTO GOLDEN PEROLADO 1X3GR,1
VULT CREME FACIAL ANTISSINAIS 1X100GR,1
VULT CREME FACIAL UNIFORMIZADOR 1X100GR,1
VULT GEL DE LIMPEZA FACIAL ANTIOLEOSIDADE 1X150GR,1
VULT LAPISEIRA RETRATIL PARA OLHOS PRETO 1X035GR,1
VULT MASCARA CILIOS SUPER LASHES PRETA 1X10GR,1
VULT MASCARA P/ CILIOS BOMBASTIC VOLUME 1X12GR,1
VULT MASCARA P/ CILIOS EXTREME SUPER LASHES 1X10GR,1
VULT PO COMPACTO 003 1X9GR,1
VULT PO COMPACTO 004 1X9GR,1
VULT PO COMPACTO 008 1X9GR,1
VURTUOSO 10MG C/30 CPR,1
VURTUOSO 15MG C 30 CPR,1
VURTUOSO 5MG C 30 CPR,1
VYNAXA 10MG C/10 COMP REV,1
VYNAXA 10MG C/30 COMPRIMIDOS EMS,1
VYNAXA 15MG C 42 COMP REV,1
VYNAXA 15MG C/28 COMPRIMIDOS REV,1
VYNAXA 20MG C 42 COMP REV,1
VYNAXA 20MG C/ 30 COMP REV,1
VYNAXA 20MG C/28 COMPRIMIDOS REV,1
VYTORIN 10 10MG C30 COMP,1
VYTORIN 10MG + 20 MG 30 COMP,1
VYZULTA SOL OFT 5ML,1
Vitamina NatusGerin c/50 cáps. (energia e disposição),1
"Vitamina Suplevit Mulher c/30 cáps. (cabelo, pele e unhas)",1
WEGOVY 1MG+4AG NOVOFINE,1
WELLA FUSION MÁSCARA 150ML,1
WELLA OIL REFLECTIONS ÓLEO LIGHT 30ML,1
WELLA PROFESS INVIGO NUTRI ENRICH CONTROL LEAVE-IN ANT 150ml,1
WELLA PROFESSIONALS FUSION CONDICIONADOR 200ML,1
WELLA PROFESSIONALS INVIGO ENRICH CONDICIONADOR 1000ML,1
WELLA PROFESSIONALS INVIGO ENRICH SHAMPOO 1000ML,1
WELLA PROFESSIONALS INVIGO NUTRI ENRICH MÁSCARA 150ML,1
WELLA PROFESSIONALS INVIGO NUTRI ENRICH MÁSCARA 500ML,1
WELLBUTRIN XL 150MG C/ 30CPR,1
WELLBUTRIN XL 300MG C/ 30CPR (PBM),1
WHEY 100 PT PURE 907G BAUNILH.CONC.,1
WHEY 100 PT PURE 907G COOKECREAM,1
WHEY 100% POTE 900GR CHOC. MALTADO MAX,1
WHEY 100% POTE 900GR PISTACHE MAX,1
WHEY 100% POTE CHOCOLATE MALTADO 900G INTEGRAL,1
WHEY 100% PURE 907G MORANGO,1
WHEY 100% PURE 907G REFIL BANANA,1
WHEY 100% PURE 907G REFIL BAUNILHA,1
WHEY 100% PURE 907G REFIL CHOCOLATE,1
WHEY 100% PURE 907G REFIL MORANGO,1
WHEY 100% PURE POTE 907G INTEGRALMEDICA SABOR BAUNILHA E CHOCOLATE EM PO,1
WHEY BAR BARRA DE PROTEÍNA 15 GRAMAS PROBIOTICA,1
WHEY DOSE UNICA AMOSTRA MAX,1
WHEY DOSE UNICA AMOSTRA PEANUT MAX,1
WHEY GREGO BAR COFFEE CHOCOLATE 40G NUTRATA,1
WHEY GREGO BAR HAVANNA DOCE DE LEITE & LIMAO 40G NUTRATA,1
WHEY PROT 100% HD COOKIES E CREAM 900 GR,1
WHEY PROT 100% HD COOKIES/CREAM 900 GR REFIL,1
WHEY PROT 100% PURE CHOC. MALTADO 907GR REFIL,1
WHEY PROT 100% PURE CHOCOLATE 907 GR,1
WHEY PROT 3W BAUNILHA 907 GR,1
WHEY PROT ISO TRIPLE ZERO COCO 907 GR,1
WHEY PROTEIN CONCENTRADO 900G - BANOFFE DUX,1
WHEY PROTEIN CONCENTRADO 900G - BAUNILHA DUX,1
WHEY PROTEIN CONCENTRADO 900G - CHOCOLATE BRANCO DUX,1
WHEY PROTEIN CONCENTRADO 900G - CHOCOLATE DUX,1
WHEY PROTEIN CONCENTRADO 900G - COCO DUX,1
WHEY PROTEIN CONCENTRADO 900G - COOKIES DUX,1
WHEY PROTEIN CONCENTRADO 900G DUX SEM SABOR,1
WHEY PROTEIN CONCENTRADO 900G MORANGO,1
"WHEY PROTEIN CRUSH 900G CARAMEL, MORANGO E MIX DE FRUTAS",1
WIN MASCARA DE PROTECAO N95 C1 BRANCA,1
WINTER AP 6MG/120MG C/8 CAPS-SIMILAR,1
WOBBLER THE WALL,1
WOMAN ISDIN REFIRMANTE 150G,1
Whey nutrata 900g (diversos sabores),1
XADAGO 50MG 30CP R ZAMBON .,1
XAFAC 10MG C/30 COMP REV-SIMILAR,1
XAFAC 15MG C/28 COMP REV,1
XAFAC 20MG C/28 COMP REV-SIMILAR,1
XAKILIS 5MG 60CPR,1
XANTCLER ABACAXI COLINA COMPLEXO B/LAPON 10ML,1
XANTINON 10X10 COMP,1
XANTINON 30CPR,1
XANTINON AFTER 250ML TANGERINA,1
XANTINON COMPLEX 100ML,1
XANTINON COMPLEX 10ML,1
XAQUELIV 1MG + 100MG + 350MG 12CPR,1
XARELTO 10MG 30CPR (PBM),1
XARELTO 15MG 28CPR (PBM),1
XARELTO 20MG 14CPR,1
XARELTO 20MG 28CPR (PBM),1
XAROPE DE GUACO 100ML,1
XIGDUO XR 10MG/1000MG C/30 CPR,1
XIGDUO XR 5MG/1000MG C/60 CPR,1
XO FEBRE COMPRESSA C/4UNI 5CMX12CM,1
XO INSETO 15% LOC FR 200 ML,1
XO INSETO 15% SPRAY FR 200ML,1
XO INSETO AEROSOL 150 ML,1
XO INSETO BABY 100 ML,1
XO INSETO ICARIDINA 25% SOL SPR FR 100ML,1
XO INSETO ICARIDINA SONO GEL BG 95G,1
XO INSETO KIDS LOÇAO HIDRATANTE 100ML,1
XO INSETO REPELENTE KIDS 100ML,1
XPE HEDERA HELIX 150M,1
XUMER 90MG C/07 COMPRIMIDOS,1
XUMER 90MG C/14 COMPRIMIDOS,1
XYLOCAINA 5% POM 25G,1
XYLOCAINA POM C/SABOR 25G-REFERENCIA,1
YAZ 24+4CPR(PBM),1
YAZ 24CPR(PBM),1
YAZ FLEX C/30CPT(PBM),1
YELSEW POMADA MODE. EXTRA FORTE 150G,1
YOMAX 60CPR,1
YVES SAINT LAURENT LIBRE EAU DE PARFUM 90ML,1
Yves Saint Laurent Y II Masculino Eau de Parfum 100 ml,1
ZANIDIP 10MG 30CPR,1
ZANIDIP 10MG C/20 COMPRIMIDOS,1
ZANIDIP 20MG C/30 COMP,1
ZAP 10MG C/30 CPR,1
ZAPSY 30MG C/30 COMP REV,1
ZARGUS 1MG C/ 30 CPR,1
ZARGUS 2MG C/30 COMP,1
ZARGUS 3MG C 30 COMP,1
ZASTAT 11MG SOL OR 20ML,1
ZASTAT 3MG ML SOL 60ML+PIP,1
ZAZ REPELENTE DE INSETOS LOCAO - 120 G,1
ZEFORUS 20MG C/4 COMP REV,1
ZELLA 150MG/G 30G,1
ZERO DOIS CAPIM LIMAO 60ML BLISTER,1
ZERO DOIS LAVANDA 60ML DISPLAY 12UND,1
ZEROGLUT 348000 PPI C/20 CAPS,1
ZEROGLUT 348000 PPI CAP X 10 BL (AL),1
ZEROLAC 10000FCC C/10 CAPS MOLE,1
ZEROLAC 10000FCC C/10 MASTIGAVEL,1
ZEROLAC CAP X 30 (AL),1
ZEROPIN 75MG 28CPS,1
ZETIA 10MG 30CPR,1
ZETIA 10MG C/30 COMP-OUTROS,1
ZETIA 10MG COM 60CPR,1
ZETRON XL 150MG C/30 CPR,1
ZETRON XL 150MG C/60 CPR,1
ZETRON XL 300 MG C/ 30 COMP,1
ZETRON XL 300MG C/ 60 CPR,1
ZETSIM 10/10MG CPR 30,1
ZETSIM 10MG/20MG CPR 1X30-OUTROS,1
ZIDER 10MG C/120 COMP,1
ZIDER 10MG C/60 COMP,1
ZIDER 20MG/ML SOL 30ML,1
ZIINZIIN MANTEIGA DE CACAU,1
ZINA 5MG 10CPR,1
ZINCO QUELATO 21 MG C/60 CAPS,1
ZINCO QUELATO 60COMPRIMIDOS KATIGUA,1
ZINCOPRO C 30 CAPS,1
ZINNAT 250 MG C/14 CPR,1
ZINNAT 250MG SUSP 50ML,1
ZINNAT 250MG SUSP 50ML(PBM),1
ZINNAT 250MG SUSP 70ML (PORTAL DROGARIA),1
ZINNAT 500 MG 20 CPR,1
ZINNAT 500MG C/10 COMP,1
ZINNAT 500MG C/14 COMP (PBM),1
ZINNAT 500MG C/20 COMP (PBM),1
ZINPASS 10MG C/30,1
ZINPASS 10MG C/60 COMP,1
ZINPASS 20MG C 60 COMP REV,1
ZINPASS 20MG CPR REV 1X30-SIMILAR,1
ZINPASS+EZE 10+10MG C 30COMP REV,1
ZINPASS+EZE 20+10MG C/30COMP REV-REFERENCIA,1
ZINPASS+EZE 40+10MG C/30COMP REV,1
"ZINQUA BIO KIDS 2MG/0,5ML RICO EM ZINCO XAROPE ZERO AÇÚCAR 100 ML",1
ZINQUA IMUNO ZINCO QUELATO C/30 COMP,1
ZINQUEL C 14 COMP REV,1
ZINQUEL SUSPENSAO ORAL 60ML,1
ZIOR 250MG C/14 COMP-SIMILAR,1
ZIOR 250MG C/28 COMP-SIMILAR,1
ZIRK 500MG C/ 3 CPR,1
ZIRK 500MG C/ 5 CPR,1
ZIRVIT KIDS 100ML-DEMAIS PROD,1
ZIRVIT KIDS FRASCO 150ML,1
ZIRVIT MULT 30CPR,1
ZIRVIT MULTI MAX 60 COMP REV,1
ZIRVIT PLUS C/ 30 CPR,1
ZIRVIT PRE 30 CAPS,1
ZIRVIT VITA C/30 CAPS-DEMAIS PROD,1
ZISQUE 35MG C/60 COMP LIB PROL,1
ZITRONEO 900MG SUSP NEO QUIMICA DESMARCADOS,1
ZITRONEO PO 40MG/ML 900MG (AZITROMICINA),1
ZITRONEO PO 600MG,1
ZOLFEST D 10MG C/ 20 CPR,1
ZOLMICOL CREME 30GR - CETOCONAZOL,1
ZOLOFT 100MG C/ 30 CPR,1
ZOLOFT 50MG C/30 CPR,1
ZOLPAZ 10MG C/30 CPR,1
ZOLPIDEM 10 MG C/30 CPR GEN BIOLAB DESMARCADOS,1
ZOUP SL 5MG C/ 30 CPR,1
ZYAD DIARIO 5MG C/60 CPR,1
ZYLORIC 100MG C/30 COMP,1
ZYLORIC 300MG 30/COMPRIMIDOS,1
ZYMAR COLIRIO XD 3ML,1
ZYMAR XD 5ML,1
ZYPRED SUSP OFTL 3ML,1
ZYPRED SUSP OFTL 6ML,1
ZYPREXA 5MG C/30 COMP C1-REFERENCIA,1
ZYPTAN 10 MG 8 COMP,1
ZYPTAN 10MG C 2 COMP,1
ZYXEM GTS 20ML,1
ZZZZZZZZZZRUSOVAS 20MG C/30 COMP REV-SIMILAR,1
ZZZZZZZZZZZZZEMAMA 400MG 30CPR,1
ZZZZZZZZZZZZZZZZZCENTRUM MULHER C/30 COMP,1
aas 100mg c/30 comprimidos,1
absorvente geriatex c/20 unidades,1
absorvente intimus gel tripla proteção c/32,1
accu-check c/50 tiras,1
aceviton imunidade 1g c/10 comprimidos efervescente,1
aceviton imunidade c/10 comprimidos efervescente,1
aceviton imunidade vitamina C 500mg 60 comp. mastigavies - cimed,1
adoçante linea sucralose l3p2,1
adoçante zero cal kit c/2,1
alexofedrin pediátrico 6mg/ml 60ml,1
allexofedrin xarope 60ml,1
apevitin BC 240ml - EMS,1
arnica gel extra forte 200g,1
artriflex (colágeno tipo II) 30 cápsulas,1
b12 ultra 60 cápsulas Katiguá,1
bapantol baby 30g kit L3P2,1
base de crescimento phallebeauty 10ml,1
bepantol derma creme 20g,1
bigfral dermaPlus,1
body splash ameixa negra 200ml skin,1
bruma fixadora 120ml - glow,1
buprolivium ibuprofeno 400mg cartela 3 capsulas - kley hertz,1
cafeína 200mg 60cps - biofhitus,1
calciprev carbonato de cácio 500mg 60comp - quaris,1
carmed amora,1
carmed amora intensa,1
carmed açaí,1
carmed beijinho,1
carmed beijos,1
carmed minhoca,1
carmed rosa glitter,1
cetaphil creme hidratante 453g + cetaphil loção de limpeza 120ml,1
cetoconazol shampoo anticaspa 20mg/ml 100ml,1
cimegripe c/20 cápsulas,1
claritin 10mg 24hs c/6 comprimidos,1
claritin 10mg c/6 comprimidos,1
claritin 24hs c/6 comprimidos,1
creatina pura 300gramas Qualynutri,1
creme de tratamento 3 em 1 salon line 1kg,1
creme facil antioxidante com filtro solar (Biotina) La Belle,1
creme facil antioxidante com filtro solar (vitamina C) La Belle,1
creme massageador canela de velho 240g,1
creme nivea lata 56g,1
creme níbea facial 7 em 1 100g,1
decongex plus c/12 comprimidos,1
deltapil shampoo 100ml contra piolhos e lendias,1
dermacyd sabonete íntimo 200ml,1
desod. très machand ocean 90g150ml,1
desodorante aerosol nívea 200ml embalagem economica,1
doralgina 20 comp. neo quimica,1
doralgina 20comp.,1
expec xarope 120ml,1
farinha láctea 350g,1
flanax 550mg c/10 comprimidos,1
floramais c/12 cápsulas,1
fluiar 600mg c/16 envelopes,1
fralda geriatrica geriatex pluc c/7,1
fralda geriátrica plenitud plus c/16,1
fralda huggies supreme care hiper,1
fralda looney loopig hiper,1
fraldas plumy pants shortinho M-68 G-60 XG-52,1
gel fixador fixed 3 aqua fix 250g,1
gravtest,1
gravtest easy - cimed,1
hidratante corporal frutas vermelhas 200g hidrata+,1
hiper-calD 500+400ui 60 cp - brasterapica,1
hystin antialergico 20cp - geolab,1
ibuflex ibuprofeno 400mg 8cps gelatinosas,1
informe,1
kit Marcia camomila shampoo e condicionador,1
kit Skala Banana e Bacuri,1
kit Skala Uva,1
kit Skala mais lisos,1
kit Skala melancia,1
kit Skala oleo de coco,1
kit muriel glic. rosa 150ml sabonete e ativador de cachos,1
kit protetor solar facial fator 60 e gel de limpeza Darrow,1
lavitan melatonina c/90 comprimidos,1
"lavitan protein 15 g (sabores: chocolate, morango, baunilha)",1
leite ninho integral instantâneo 380g - nestle,1
lorasliv loratadina 10mg 12cp. - vitamedic,1
loratadina xarope 1mg/ml 100ml - prati,1
maca power 100gramas Maxinutri,1
maxalgina dipirona gotas - natulab,1
maxalgina dipirona monoidratada 500mg/ml 20ml,1
maxalgina dipriona gotas 20ml - natulab,1
neostrata minesol 70 200 ml,1
nestogeno 1 800g,1
nevrlagex dip 1g 10comp.,1
nimesulida 100mg 12comp. - cimed,1
ninho primeira infância 1 â 3 anos 800g,1
oscillococcinum c/6 tubos,1
papel higiênico cotton c/12 rolos de 30mts,1
papel higiênico cotton l12p11,1
preservativo blowtex morango com chocolate 3un .,1
principia creme calmante multirreparador cm-01 40g,1
principia gel de limpeza gl-02 350g,1
principia serum facial 30ml ah-2,1
principia serum facial 30ml am-10,1
pó de banana - bella bem me quero makeup,1
qualyforce AZ 30 comp,1
sabonete dove original 90g kit c/6,1
sabonnete liquido intimo barbatimão 200ml- intinto,1
sandalhas havaianas top,1
shampoo clear men 200ml,1
simeticona 75mg/ml 15ml - cimed,1
simeticona gotas 75mg/ml - cimed,1
sonalex plus melatonina 210mcg 60 cps - biofhitus,1
stomaliv sabor abacaxi 5g - geolab,1
sustagem asulto 400g,1
toalha umedecida bebê limpinho c/140,1
toalinha umedecidas piquitucho leve 80 pague 70 un,1
tylemaxy paracetamol 200mg/ml,1
viota supraz ADE ampola 3ml - uniao quimica,1
vitabond cabelos e unhas 60 cápsulas Katiguá,1
vitamina C + zinco 10 comp efervescentes - neo quimica,1
vitamina Maq 30 cápsulas,1
viterC 10 comp. efervescente,1
vitmaina D 2.000 ui 30 cp - neo quimica,1
vitmainas nao quimica kids 60 comp. mastigáveis,1
ÁCIDO TRANEXAMICO 250MG 12CP EMS,1
ÁGUA DE COCO PURO COCO 200ML,1
ÁGUA MINERAL CRYSTAL COM GÁS 500ML,1
ÁGUA MINERAL CRYSTAL SEM GÁS 500ML,1
ÁGUA MINERAL IDAIA SEM GÁS 500ML,1
ÁGUA MINERAL INDAIA COM GÁS 500ML,1
ÉVORA PW PRE TREINO 150G EM PO SABOR LIMÃO,1
ÔMEGA + AZ 60 Cápsulas,1
óleo de rosa mosqueta 30ml phallebeatuy,1
